Season,model,Player,Team,Pos,Age,G,MP,PTS,TRB,AST,Salary,pred_salary,residual,split
2016,market,Aaron Brooks,CHI,PG,31,69,16.1,7.1,1.5,2.6,2250000,2979826,-0.010426,test
2016,production,Aaron Brooks,CHI,PG,31,69,16.1,7.1,1.5,2.6,2250000,2354783,-0.001497,test
2016,market,Aaron Gordon,ORL,PF,20,78,23.9,9.2,6.5,1.6,4171680,2299376,0.026747,test
2016,production,Aaron Gordon,ORL,PF,20,78,23.9,9.2,6.5,1.6,4171680,2441737,0.024713,test
2016,market,Al Horford,ATL,C,29,82,32.1,15.2,7.3,3.2,12000000,11624434,0.005365,train
2016,production,Al Horford,ATL,C,29,82,32.1,15.2,7.3,3.2,12000000,9951188,0.029269,train
2016,market,Al-Farouq Aminu,POR,SF,25,82,28.5,10.2,6.1,1.7,8042895,6658535,0.019777,train
2016,production,Al-Farouq Aminu,POR,SF,25,82,28.5,10.2,6.1,1.7,8042895,7165316,0.012537,train
2016,market,Alex Len,PHX,C,22,78,23.3,9.0,7.6,1.2,3807120,3760540,0.000665,train
2016,production,Alex Len,PHX,C,22,78,23.3,9.0,7.6,1.2,3807120,4477795,-0.009581,train
2016,market,Alexis Ajinca,NOP,C,27,59,14.6,6.0,4.6,0.5,4389607,4800692,-0.005873,train
2016,production,Alexis Ajinca,NOP,C,27,59,14.6,6.0,4.6,0.5,4389607,4316203,0.001049,train
2016,market,Allen Crabbe,POR,SG,23,81,26.0,10.3,2.7,1.2,947276,1298628,-0.005019,train
2016,production,Allen Crabbe,POR,SG,23,81,26.0,10.3,2.7,1.2,947276,2241658,-0.018491,train
2016,market,Alonzo Gee,NOP,SF,28,73,22.4,4.5,3.4,1.0,1320000,4384157,-0.043774,test
2016,production,Alonzo Gee,NOP,SF,28,73,22.4,4.5,3.4,1.0,1320000,2558557,-0.017694,test
2016,market,Amir Johnson,BOS,PF,28,79,22.8,7.3,6.4,1.7,12000000,10491268,0.021553,train
2016,production,Amir Johnson,BOS,PF,28,79,22.8,7.3,6.4,1.7,12000000,9842866,0.030816,train
2016,market,Andre Drummond,DET,C,22,81,32.9,16.2,14.8,0.8,3272091,4502165,-0.017572,train
2016,production,Andre Drummond,DET,C,22,81,32.9,16.2,14.8,0.8,3272091,6838079,-0.050943,train
2016,market,Andre Iguodala,GSW,SF,32,65,26.6,7.0,4.0,3.4,11710456,9928173,0.025461,train
2016,production,Andre Iguodala,GSW,SF,32,65,26.6,7.0,4.0,3.4,11710456,9597239,0.030189,train
2016,market,Andre Roberson,OKC,SG,24,70,22.2,4.8,3.6,0.7,1210800,1881098,-0.009576,train
2016,production,Andre Roberson,OKC,SG,24,70,22.2,4.8,3.6,0.7,1210800,2113784,-0.0129,train
2016,market,Andrew Bogut,GSW,C,31,70,20.7,5.4,7.0,2.3,13800000,11547590,0.032177,train
2016,production,Andrew Bogut,GSW,C,31,70,20.7,5.4,7.0,2.3,13800000,11457716,0.033461,train
2016,market,Andrew Nicholson,ORL,PF,26,56,14.7,6.9,3.6,0.4,2380593,2812265,-0.006167,train
2016,production,Andrew Nicholson,ORL,PF,26,56,14.7,6.9,3.6,0.4,2380593,2550755,-0.002431,train
2016,market,Andrew Wiggins,MIN,SF,20,81,35.1,20.7,3.6,2.0,5758680,5828777,-0.001001,train
2016,production,Andrew Wiggins,MIN,SF,20,81,35.1,20.7,3.6,2.0,5758680,7820286,-0.029452,train
2016,market,Anthony Davis,NOP,C,22,61,35.5,24.3,10.3,1.9,7070730,6773738,0.004243,train
2016,production,Anthony Davis,NOP,C,22,61,35.5,24.3,10.3,1.9,7070730,10212041,-0.044876,train
2016,market,Anthony Morrow,OKC,SG,30,68,13.6,5.6,0.9,0.4,3344000,3476678,-0.001895,train
2016,production,Anthony Morrow,OKC,SG,30,68,13.6,5.6,0.9,0.4,3344000,3024956,0.004558,train
2016,market,Anthony Tolliver,DET,PF,30,72,18.6,5.3,3.2,0.7,3000000,3798606,-0.011409,train
2016,production,Anthony Tolliver,DET,PF,30,72,18.6,5.3,3.2,0.7,3000000,3884000,-0.012629,train
2016,market,Archie Goodwin,PHX,PG,21,57,19.5,8.9,2.5,2.1,1160160,1349142,-0.0027,train
2016,production,Archie Goodwin,PHX,PG,21,57,19.5,8.9,2.5,2.1,1160160,1881418,-0.010304,train
2016,market,Aron Baynes,DET,C,29,81,15.2,6.3,4.7,0.6,6500000,6201240,0.004268,train
2016,production,Aron Baynes,DET,C,29,81,15.2,6.3,4.7,0.6,6500000,6378748,0.001732,train
2016,market,Arron Afflalo,NYK,SG,30,71,33.4,12.8,3.7,2.0,8000000,8742332,-0.010605,test
2016,production,Arron Afflalo,NYK,SG,30,71,33.4,12.8,3.7,2.0,8000000,6203673,0.025662,test
2016,market,Austin Rivers,LAC,SG,23,67,21.9,8.9,1.9,1.5,3110796,1746801,0.019486,test
2016,production,Austin Rivers,LAC,SG,23,67,21.9,8.9,1.9,1.5,3110796,2622799,0.006971,test
2016,market,Avery Bradley,BOS,SG,25,76,33.4,15.2,2.9,2.1,7730337,7711434,0.00027,train
2016,production,Avery Bradley,BOS,SG,25,76,33.4,15.2,2.9,2.1,7730337,7299793,0.006151,train
2016,market,Ben McLemore,SAC,SG,22,68,21.2,7.8,2.2,1.2,3156600,2767257,0.005562,train
2016,production,Ben McLemore,SAC,SG,22,68,21.2,7.8,2.2,1.2,3156600,3008997,0.002109,train
2016,market,Bismack Biyombo,TOR,C,23,82,22.0,5.5,8.0,0.4,2814000,3773174,-0.013702,train
2016,production,Bismack Biyombo,TOR,C,23,82,22.0,5.5,8.0,0.4,2814000,4144072,-0.019001,train
2016,market,Bobby Portis,CHI,PF,20,62,17.8,7.0,5.4,0.8,1391160,1760666,-0.005279,train
2016,production,Bobby Portis,CHI,PF,20,62,17.8,7.0,5.4,0.8,1391160,2219390,-0.011832,train
2016,market,Bojan Bogdanovic,BKN,SF,26,79,26.8,11.2,3.2,1.3,3425510,3820551,-0.005643,train
2016,production,Bojan Bogdanovic,BKN,SF,26,79,26.8,11.2,3.2,1.3,3425510,3739890,-0.004491,train
2016,market,Boris Diaw,SAS,PF,33,76,18.2,6.4,3.1,2.3,7500000,6150520,0.019278,train
2016,production,Boris Diaw,SAS,PF,33,76,18.2,6.4,3.1,2.3,7500000,5696563,0.025763,train
2016,market,Bradley Beal,WAS,SG,22,55,31.1,17.4,3.4,2.9,5694674,5389846,0.004355,train
2016,production,Bradley Beal,WAS,SG,22,55,31.1,17.4,3.4,2.9,5694674,6923064,-0.017548,train
2016,market,Brandon Bass,LAL,PF,30,66,20.3,7.2,4.3,1.1,3000000,3957595,-0.01368,train
2016,production,Brandon Bass,LAL,PF,30,66,20.3,7.2,4.3,1.1,3000000,3799305,-0.011419,train
2016,market,Brandon Rush,GSW,SG,30,72,14.7,4.2,2.5,0.8,1270964,2078166,-0.011531,train
2016,production,Brandon Rush,GSW,SG,30,72,14.7,4.2,2.5,0.8,1270964,1837589,-0.008095,train
2016,market,Brook Lopez,BKN,C,27,73,33.7,20.6,7.8,2.0,19689000,18507143,0.016884,train
2016,production,Brook Lopez,BKN,C,27,73,33.7,20.6,7.8,2.0,19689000,17324906,0.033773,train
2016,market,C.J. Miles,IND,SF,28,64,22.9,11.8,2.7,1.0,4394225,4813269,-0.005986,train
2016,production,C.J. Miles,IND,SF,28,64,22.9,11.8,2.7,1.0,4394225,4604248,-0.003,train
2016,market,CJ McCollum,POR,SG,24,80,34.8,20.8,3.2,4.3,2525160,11610354,-0.129788,test
2016,production,CJ McCollum,POR,SG,24,80,34.8,20.8,3.2,4.3,2525160,12416334,-0.141302,test
2016,market,Cameron Payne,OKC,PG,21,57,12.2,5.0,1.5,1.9,2021520,1948071,0.001049,train
2016,production,Cameron Payne,OKC,PG,21,57,12.2,5.0,1.5,1.9,2021520,1942721,0.001126,train
2016,market,Carmelo Anthony,NYK,SF,31,72,35.1,21.8,7.7,4.2,22875000,21469334,0.020081,train
2016,production,Carmelo Anthony,NYK,SF,31,72,35.1,21.8,7.7,4.2,22875000,20408231,0.03524,train
2016,market,Chandler Parsons,DAL,SF,27,61,29.5,13.7,4.7,2.8,15361500,13025382,0.033373,train
2016,production,Chandler Parsons,DAL,SF,27,61,29.5,13.7,4.7,2.8,15361500,13553345,0.025831,train
2016,market,Channing Frye,CLE,PF-C,32,70,17.1,6.1,3.3,1.0,8193029,5723836,0.035274,train
2016,production,Channing Frye,CLE,PF-C,32,70,17.1,6.1,3.3,1.0,8193029,6692098,0.021442,train
2016,market,Charlie Villanueva,DAL,PF,31,62,10.7,5.1,2.5,0.4,947276,2206911,-0.017995,train
2016,production,Charlie Villanueva,DAL,PF,31,62,10.7,5.1,2.5,0.4,947276,1953996,-0.014382,train
2016,market,Chase Budinger,PHX,SF,27,66,14.1,4.1,2.3,1.0,206192,1253634,-0.014963,train
2016,production,Chase Budinger,PHX,SF,27,66,14.1,4.1,2.3,1.0,206192,776084,-0.008141,train
2016,market,Chris Johnson,UTA,SF,25,70,12.2,2.9,1.9,0.6,981348,1466415,-0.00693,test
2016,production,Chris Johnson,UTA,SF,25,70,12.2,2.9,1.9,0.6,981348,1625982,-0.009209,test
2016,market,Chris Paul,LAC,PG,30,74,32.7,19.5,4.2,10.0,21468695,20360644,0.015829,train
2016,production,Chris Paul,LAC,PG,30,74,32.7,19.5,4.2,10.0,21468695,19323084,0.030652,train
2016,market,Clint Capela,HOU,C,21,77,19.1,7.0,6.4,0.6,1242720,1655542,-0.005897,train
2016,production,Clint Capela,HOU,C,21,77,19.1,7.0,6.4,0.6,1242720,2911101,-0.023834,train
2016,market,Cody Zeller,CHA,C,23,73,24.3,8.7,6.2,1.0,4204200,3327754,0.012521,train
2016,production,Cody Zeller,CHA,C,23,73,24.3,8.7,6.2,1.0,4204200,4165856,0.000548,train
2016,market,Cole Aldrich,LAC,C,27,60,13.3,5.5,4.8,0.8,1100602,2445271,-0.01921,train
2016,production,Cole Aldrich,LAC,C,27,60,13.3,5.5,4.8,0.8,1100602,1298861,-0.002832,train
2016,market,Corey Brewer,HOU,SF,29,82,20.4,7.2,2.4,1.3,8229375,7211662,0.014539,train
2016,production,Corey Brewer,HOU,SF,29,82,20.4,7.2,2.4,1.3,8229375,6043391,0.031228,train
2016,market,Cory Joseph,TOR,SG,24,80,25.6,8.5,2.6,3.1,7000000,5301065,0.02427,train
2016,production,Cory Joseph,TOR,SG,24,80,25.6,8.5,2.6,3.1,7000000,6424357,0.008223,train
2016,market,Courtney Lee,CHA,SG,30,79,29.5,9.6,2.6,1.7,5675000,7516184,-0.026303,test
2016,production,Courtney Lee,CHA,SG,30,79,29.5,9.6,2.6,1.7,5675000,5498911,0.002516,test
2016,market,D'Angelo Russell,LAL,PG,19,80,28.2,13.2,3.4,3.3,5103120,4290061,0.011615,train
2016,production,D'Angelo Russell,LAL,PG,19,80,28.2,13.2,3.4,3.3,5103120,4738720,0.005206,train
2016,market,Damian Lillard,POR,PG,25,75,35.7,25.1,4.0,6.8,4236287,8286954,-0.057867,train
2016,production,Damian Lillard,POR,PG,25,75,35.7,25.1,4.0,6.8,4236287,7676103,-0.04914,train
2016,market,Danny Green,SAS,SG,28,79,26.1,7.2,3.8,1.8,10000000,8855558,0.016349,train
2016,production,Danny Green,SAS,SG,28,79,26.1,7.2,3.8,1.8,10000000,8778998,0.017443,train
2016,market,Dante Cunningham,NOP,SF,28,80,24.6,6.1,3.0,1.0,2850000,4824605,-0.028209,test
2016,production,Dante Cunningham,NOP,SF,28,80,24.6,6.1,3.0,1.0,2850000,3485797,-0.009083,test
2016,market,Darren Collison,SAC,PG,28,74,30.0,14.0,2.3,4.3,5013559,7804289,-0.039868,test
2016,production,Darren Collison,SAC,PG,28,74,30.0,14.0,2.3,4.3,5013559,6321687,-0.018688,test
2016,market,David Lee,DAL,PF,32,55,16.4,7.8,5.5,1.5,2085671,3542981,-0.020819,train
2016,production,David Lee,DAL,PF,32,55,16.4,7.8,5.5,1.5,2085671,2511995,-0.00609,train
2016,market,David West,SAS,PF,35,78,18.0,7.1,4.0,1.8,1499187,5506570,-0.057248,test
2016,production,David West,SAS,PF,35,78,18.0,7.1,4.0,1.8,1499187,3816310,-0.033102,test
2016,market,DeAndre Jordan,LAC,C,27,77,33.7,12.7,13.8,1.2,19689000,18158144,0.021869,train
2016,production,DeAndre Jordan,LAC,C,27,77,33.7,12.7,13.8,1.2,19689000,18895049,0.011342,train
2016,market,DeMar DeRozan,TOR,SG,26,78,35.9,23.5,4.5,4.0,10050000,11682039,-0.023315,train
2016,production,DeMar DeRozan,TOR,SG,26,78,35.9,23.5,4.5,4.0,10050000,11736401,-0.024091,train
2016,market,DeMarcus Cousins,SAC,C,25,65,34.6,26.9,11.5,3.3,15851950,15911912,-0.000857,train
2016,production,DeMarcus Cousins,SAC,C,25,65,34.6,26.9,11.5,3.3,15851950,14842883,0.014415,train
2016,market,Dennis Schroder,ATL,PG,22,80,20.3,11.0,2.6,4.4,1763400,2369616,-0.00866,train
2016,production,Dennis Schroder,ATL,PG,22,80,20.3,11.0,2.6,4.4,1763400,2570377,-0.011528,train
2016,market,Deron Williams,DAL,PG,31,65,32.4,14.1,2.9,5.8,5378974,9366625,-0.056966,train
2016,production,Deron Williams,DAL,PG,31,65,32.4,14.1,2.9,5.8,5378974,7124027,-0.024929,train
2016,market,Derrick Favors,UTA,PF,24,62,32.0,16.4,8.1,1.5,12000000,13018064,-0.014544,train
2016,production,Derrick Favors,UTA,PF,24,62,32.0,16.4,8.1,1.5,12000000,11676795,0.004617,train
2016,market,Derrick Rose,CHI,PG,27,66,31.8,16.4,3.4,4.7,20093064,16855780,0.046247,train
2016,production,Derrick Rose,CHI,PG,27,66,31.8,16.4,3.4,4.7,20093064,16121314,0.056739,train
2016,market,Derrick Williams,NYK,SF,24,80,17.9,9.3,3.7,0.9,4000000,3419387,0.008294,train
2016,production,Derrick Williams,NYK,SF,24,80,17.9,9.3,3.7,0.9,4000000,3700068,0.004285,train
2016,market,Devin Booker,PHX,SG,19,76,27.7,13.8,2.5,2.6,2127840,2609631,-0.006883,train
2016,production,Devin Booker,PHX,SG,19,76,27.7,13.8,2.5,2.6,2127840,2552849,-0.006072,train
2016,market,Devin Harris,DAL,PG,32,64,20.0,7.6,2.2,1.8,4053446,4489541,-0.00623,train
2016,production,Devin Harris,DAL,PG,32,64,20.0,7.6,2.2,1.8,4053446,3431139,0.00889,train
2016,market,Dewayne Dedmon,ORL,C,26,58,12.2,4.4,3.9,0.2,947276,1875443,-0.01326,test
2016,production,Dewayne Dedmon,ORL,C,26,58,12.2,4.4,3.9,0.2,947276,1745701,-0.011406,test
2016,market,Dion Waiters,OKC,SG,24,78,27.6,9.8,2.6,2.0,5138430,4594958,0.007764,train
2016,production,Dion Waiters,OKC,SG,24,78,27.6,9.8,2.6,2.0,5138430,4716769,0.006024,train
2016,market,Dirk Nowitzki,DAL,PF,37,75,31.5,18.3,6.5,1.8,8333334,10510922,-0.031108,train
2016,production,Dirk Nowitzki,DAL,PF,37,75,31.5,18.3,6.5,1.8,8333334,10373292,-0.029142,train
2016,market,Donald Sloan,BKN,PG,28,61,21.6,7.0,2.8,4.4,947276,2181533,-0.017632,train
2016,production,Donald Sloan,BKN,PG,28,61,21.6,7.0,2.8,4.4,947276,1579851,-0.009037,train
2016,market,Doug McDermott,CHI,SF,24,81,23.0,9.4,2.4,0.7,2380440,2809224,-0.006125,test
2016,production,Doug McDermott,CHI,SF,24,81,23.0,9.4,2.4,0.7,2380440,2851651,-0.006732,test
2016,market,Draymond Green,GSW,PF,25,81,34.7,14.0,9.5,7.4,14260870,10684669,0.051089,test
2016,production,Draymond Green,GSW,PF,25,81,34.7,14.0,9.5,7.4,14260870,9016624,0.074918,test
2016,market,Dwight Howard,HOU,C,30,71,32.1,13.7,11.8,1.4,22359364,20757841,0.022879,train
2016,production,Dwight Howard,HOU,C,30,71,32.1,13.7,11.8,1.4,22359364,20599820,0.025136,train
2016,market,Dwight Powell,DAL,PF,24,69,14.4,5.8,4.0,0.6,845059,1312733,-0.006681,train
2016,production,Dwight Powell,DAL,PF,24,69,14.4,5.8,4.0,0.6,845059,1874152,-0.014701,train
2016,market,Dwyane Wade,MIA,SG,34,74,30.5,19.0,4.1,4.6,20000000,18899461,0.015722,train
2016,production,Dwyane Wade,MIA,SG,34,74,30.5,19.0,4.1,4.6,20000000,16815852,0.045488,train
2016,market,E'Twaun Moore,CHI,SG,26,59,21.4,7.5,2.3,1.7,1015421,2020057,-0.014352,train
2016,production,E'Twaun Moore,CHI,SG,26,59,21.4,7.5,2.3,1.7,1015421,1481517,-0.006659,train
2016,market,Ed Davis,POR,PF,26,81,20.8,6.5,7.4,1.1,6980802,5965671,0.014502,train
2016,production,Ed Davis,POR,PF,26,81,20.8,6.5,7.4,1.1,6980802,5668339,0.018749,train
2016,market,Elfrid Payton,ORL,PG,21,73,29.4,10.7,3.6,6.4,2505720,3394158,-0.012692,test
2016,production,Elfrid Payton,ORL,PG,21,73,29.4,10.7,3.6,6.4,2505720,7320378,-0.068781,test
2016,market,Emmanuel Mudiay,DEN,PG,19,68,30.4,12.8,3.4,5.5,3102240,3599765,-0.007108,train
2016,production,Emmanuel Mudiay,DEN,PG,19,68,30.4,12.8,3.4,5.5,3102240,4978361,-0.026802,train
2016,market,Ersan Ilyasova,ORL,PF,28,74,25.4,10.4,5.4,0.9,7900000,7451113,0.006413,train
2016,production,Ersan Ilyasova,ORL,PF,28,74,25.4,10.4,5.4,0.9,7900000,6367612,0.021891,train
2016,market,Evan Fournier,ORL,SF,23,79,32.5,15.4,2.8,2.7,2288205,2406459,-0.001689,train
2016,production,Evan Fournier,ORL,SF,23,79,32.5,15.4,2.8,2.7,2288205,3650129,-0.019456,train
2016,market,Evan Turner,BOS,SG,27,81,28.0,10.5,4.9,4.4,3425510,5144343,-0.024555,train
2016,production,Evan Turner,BOS,SG,27,81,28.0,10.5,4.9,4.4,3425510,4308235,-0.01261,train
2016,market,Frank Kaminsky,CHA,C,22,81,21.1,7.5,4.1,1.2,2612520,2394340,0.003117,train
2016,production,Frank Kaminsky,CHA,C,22,81,21.1,7.5,4.1,1.2,2612520,2924082,-0.004451,train
2016,market,Garrett Temple,WAS,SF,29,80,24.4,7.3,2.7,1.8,1100602,4571050,-0.049578,test
2016,production,Garrett Temple,WAS,SF,29,80,24.4,7.3,2.7,1.8,1100602,3012981,-0.02732,test
2016,market,Gary Harris,DEN,SG,21,76,32.1,12.3,2.9,1.9,1584480,2193902,-0.008706,train
2016,production,Gary Harris,DEN,SG,21,76,32.1,12.3,2.9,1.9,1584480,4028184,-0.03491,train
2016,market,George Hill,IND,PG,29,74,34.1,12.1,4.0,3.5,8000000,8529278,-0.007561,train
2016,production,George Hill,IND,PG,29,74,34.1,12.1,4.0,3.5,8000000,7519057,0.006871,train
2016,market,Gerald Green,MIA,SG,30,69,22.6,8.9,2.4,0.8,947276,5224642,-0.061105,test
2016,production,Gerald Green,MIA,SG,30,69,22.6,8.9,2.4,0.8,947276,2669008,-0.024596,test
2016,market,Gerald Henderson,POR,SG,28,72,19.9,8.7,2.9,1.0,6000000,5195824,0.011488,train
2016,production,Gerald Henderson,POR,SG,28,72,19.9,8.7,2.9,1.0,6000000,4752033,0.017828,train
2016,market,Goran Dragic,MIA,PG,29,72,32.8,14.1,3.8,5.8,14783000,13133619,0.023563,train
2016,production,Goran Dragic,MIA,PG,29,72,32.8,14.1,3.8,5.8,14783000,12499151,0.032626,train
2016,market,Gordon Hayward,UTA,SF,25,80,36.2,19.7,5.0,3.7,15409570,11450174,0.056563,test
2016,production,Gordon Hayward,UTA,SF,25,80,36.2,19.7,5.0,3.7,15409570,10444454,0.07093,test
2016,market,Gorgui Dieng,MIN,C,26,82,27.1,10.1,7.1,1.7,1474440,2693584,-0.017416,train
2016,production,Gorgui Dieng,MIN,C,26,82,27.1,10.1,7.1,1.7,1474440,3800141,-0.033224,train
2016,market,Greg Monroe,MIL,C,25,79,29.3,15.3,8.8,2.3,16407500,13767685,0.037712,train
2016,production,Greg Monroe,MIL,C,25,79,29.3,15.3,8.8,2.3,16407500,13982400,0.034644,train
2016,market,Harrison Barnes,GSW,SF,23,66,30.9,11.7,4.9,1.8,3873398,2957798,0.01308,test
2016,production,Harrison Barnes,GSW,SF,23,66,30.9,11.7,4.9,1.8,3873398,6340172,-0.03524,test
2016,market,Hassan Whiteside,MIA,C,26,73,29.1,14.2,11.8,0.4,981348,4249161,-0.046683,train
2016,production,Hassan Whiteside,MIA,C,26,73,29.1,14.2,11.8,0.4,981348,3527984,-0.036381,train
2016,market,Hollis Thompson,PHI,SG,24,77,28.0,9.8,3.5,1.3,947276,2499510,-0.022175,train
2016,production,Hollis Thompson,PHI,SG,24,77,28.0,9.8,3.5,1.3,947276,1951895,-0.014352,train
2016,market,Ian Clark,GSW,SG,24,66,8.8,3.6,1.0,1.0,947276,999724,-0.000749,train
2016,production,Ian Clark,GSW,SG,24,66,8.8,3.6,1.0,1.0,947276,1142580,-0.00279,train
2016,market,Ian Mahinmi,IND,C,29,71,25.6,9.3,7.1,1.5,4000000,6125520,-0.030365,train
2016,production,Ian Mahinmi,IND,C,29,71,25.6,9.3,7.1,1.5,4000000,4697307,-0.009962,train
2016,market,Isaiah Canaan,PHI,SG,24,77,25.5,11.0,2.3,1.8,947276,2017026,-0.015282,train
2016,production,Isaiah Canaan,PHI,SG,24,77,25.5,11.0,2.3,1.8,947276,2732980,-0.02551,train
2016,market,Isaiah Thomas,BOS,PG,26,82,32.2,22.2,3.0,6.2,6912869,8868660,-0.02794,train
2016,production,Isaiah Thomas,BOS,PG,26,82,32.2,22.2,3.0,6.2,6912869,8224147,-0.018733,train
2016,market,Ish Smith,PHI,PG,27,77,29.1,12.6,4.0,6.5,947276,3469018,-0.036025,train
2016,production,Ish Smith,PHI,PG,27,77,29.1,12.6,4.0,6.5,947276,3084577,-0.030533,train
2016,market,J.J. Barea,DAL,PG,31,74,22.5,10.9,2.1,4.1,4290000,4548436,-0.003692,train
2016,production,J.J. Barea,DAL,PG,31,74,22.5,10.9,2.1,4.1,4290000,3990586,0.004277,train
2016,market,JaKarr Sampson,DEN,SF,22,73,15.9,5.1,2.6,0.6,258489,772900,-0.007349,train
2016,production,JaKarr Sampson,DEN,SF,22,73,15.9,5.1,2.6,0.6,258489,1068972,-0.011578,train
2016,market,JaMychal Green,MEM,PF,25,78,18.5,7.4,4.8,0.9,845059,1579796,-0.010496,train
2016,production,JaMychal Green,MEM,PF,25,78,18.5,7.4,4.8,0.9,845059,1159494,-0.004492,train
2016,market,Jabari Parker,MIL,PF,20,76,31.7,14.1,5.2,1.7,5152440,4437977,0.010207,train
2016,production,Jabari Parker,MIL,PF,20,76,31.7,14.1,5.2,1.7,5152440,5805466,-0.009329,train
2016,market,Jae Crowder,BOS,SF,25,73,31.6,14.2,5.1,1.8,6796117,9096788,-0.032867,test
2016,production,Jae Crowder,BOS,SF,25,73,31.6,14.2,5.1,1.8,6796117,7019778,-0.003195,test
2016,market,Jamal Crawford,LAC,SG,35,79,26.9,14.2,1.8,2.3,5675000,5689952,-0.000214,train
2016,production,Jamal Crawford,LAC,SG,35,79,26.9,14.2,1.8,2.3,5675000,5063998,0.008729,train
2016,market,James Harden,HOU,SG,26,82,38.1,29.0,6.1,7.5,15756438,16351588,-0.008502,train
2016,production,James Harden,HOU,SG,26,82,38.1,29.0,6.1,7.5,15756438,15743519,0.000185,train
2016,market,James Johnson,TOR,PF,28,57,16.2,5.0,2.2,1.2,2500000,3045891,-0.007798,train
2016,production,James Johnson,TOR,PF,28,57,16.2,5.0,2.2,1.2,2500000,2517689,-0.000253,train
2016,market,Jared Dudley,WAS,PF,30,81,25.9,7.9,3.5,2.1,4375000,5301083,-0.01323,test
2016,production,Jared Dudley,WAS,PF,30,81,25.9,7.9,3.5,2.1,4375000,3272251,0.015754,test
2016,market,Jared Sullinger,BOS,PF,23,81,23.6,10.3,8.3,2.3,2569260,3800972,-0.017596,test
2016,production,Jared Sullinger,BOS,PF,23,81,23.6,10.3,8.3,2.3,2569260,5761787,-0.045608,test
2016,market,Jason Smith,ORL,C,29,76,15.5,7.2,2.9,0.8,4300000,4442184,-0.002031,train
2016,production,Jason Smith,ORL,C,29,76,15.5,7.2,2.9,0.8,4300000,4244798,0.000789,train
2016,market,Jason Terry,HOU,SG,38,72,17.5,5.9,1.1,1.4,947276,3589194,-0.037742,test
2016,production,Jason Terry,HOU,SG,38,72,17.5,5.9,1.1,1.4,947276,3263386,-0.033087,test
2016,market,Jeff Green,LAC,SF,29,80,28.2,11.7,4.2,1.7,9650000,6616906,0.04333,test
2016,production,Jeff Green,LAC,SF,29,80,28.2,11.7,4.2,1.7,9650000,3907943,0.082029,test
2016,market,Jeff Teague,ATL,PG,27,79,28.5,15.7,2.7,5.9,8000000,9542844,-0.022041,test
2016,production,Jeff Teague,ATL,PG,27,79,28.5,15.7,2.7,5.9,8000000,8339036,-0.004843,test
2016,market,Jerami Grant,PHI,PF,21,77,26.8,9.7,4.7,1.8,845059,1894682,-0.014995,train
2016,production,Jerami Grant,PHI,PF,21,77,26.8,9.7,4.7,1.8,845059,2215042,-0.019571,train
2016,market,Jeremy Lamb,CHA,SG,23,66,18.6,8.8,3.8,1.2,3034356,2786985,0.003534,train
2016,production,Jeremy Lamb,CHA,SG,23,66,18.6,8.8,3.8,1.2,3034356,3064741,-0.000434,train
2016,market,Jeremy Lin,CHA,SG,27,78,26.3,11.7,3.2,3.0,2139000,2913649,-0.011066,train
2016,production,Jeremy Lin,CHA,SG,27,78,26.3,11.7,3.2,3.0,2139000,2565124,-0.006087,train
2016,market,Jerian Grant,NYK,PG,23,76,16.6,5.6,1.9,2.3,1572360,1720982,-0.002123,test
2016,production,Jerian Grant,NYK,PG,23,76,16.6,5.6,1.9,2.3,1572360,2633085,-0.015153,test
2016,market,Jimmy Butler,CHI,SG,26,67,36.9,20.9,5.3,4.8,16407500,15446050,0.013735,train
2016,production,Jimmy Butler,CHI,SG,26,67,36.9,20.9,5.3,4.8,16407500,15692169,0.010219,train
2016,market,Joe Ingles,UTA,SF,28,81,15.3,4.2,1.9,1.2,2050000,3902587,-0.026466,test
2016,production,Joe Ingles,UTA,SF,28,81,15.3,4.2,1.9,1.2,2050000,2842448,-0.011321,test
2016,market,Joe Johnson,MIA,SF,34,81,33.4,12.2,3.6,3.9,261894,3790648,-0.050411,train
2016,production,Joe Johnson,MIA,SF,34,81,33.4,12.2,3.6,3.9,261894,2290379,-0.028978,train
2016,market,Joffrey Lauvergne,DEN,C,24,59,17.6,7.9,4.9,0.9,1709719,1899158,-0.002706,train
2016,production,Joffrey Lauvergne,DEN,C,24,59,17.6,7.9,4.9,0.9,1709719,2500071,-0.011291,train
2016,market,John Henson,MIL,C,25,57,16.8,7.0,3.9,0.9,2943221,2998719,-0.000793,test
2016,production,John Henson,MIL,C,25,57,16.8,7.0,3.9,0.9,2943221,5233785,-0.032722,test
2016,market,John Wall,WAS,PG,25,77,36.2,19.9,4.9,10.2,15851950,15423419,0.006122,train
2016,production,John Wall,WAS,PG,25,77,36.2,19.9,4.9,10.2,15851950,15923340,-0.00102,train
2016,market,Jon Leuer,PHX,PF,26,67,18.7,8.5,5.6,1.1,1035000,2048731,-0.014482,train
2016,production,Jon Leuer,PHX,PF,26,67,18.7,8.5,5.6,1.1,1035000,1526286,-0.007018,train
2016,market,Jonas Jerebko,BOS,PF,28,78,15.1,4.4,3.7,0.8,5000000,4736820,0.00376,train
2016,production,Jonas Jerebko,BOS,PF,28,78,15.1,4.4,3.7,0.8,5000000,4526414,0.006766,train
2016,market,Jonas Valanciunas,TOR,C,23,60,26.0,12.8,9.1,0.7,4660482,4799914,-0.001992,train
2016,production,Jonas Valanciunas,TOR,C,23,60,26.0,12.8,9.1,0.7,4660482,6073054,-0.02018,train
2016,market,Jonathon Simmons,SAS,SG,26,55,14.8,6.0,1.7,1.1,525093,1242306,-0.010246,train
2016,production,Jonathon Simmons,SAS,SG,26,55,14.8,6.0,1.7,1.1,525093,1312472,-0.011248,train
2016,market,Jordan Clarkson,LAL,SG,23,79,32.3,15.5,4.0,2.4,845059,1659875,-0.01164,train
2016,production,Jordan Clarkson,LAL,SG,23,79,32.3,15.5,4.0,2.4,845059,2555111,-0.024429,train
2016,market,Jordan Hill,IND,C,28,73,20.7,8.8,6.2,1.2,4000000,4684748,-0.009782,train
2016,production,Jordan Hill,IND,C,28,73,20.7,8.8,6.2,1.2,4000000,3916277,0.001196,train
2016,market,Jose Calderon,NYK,PG,34,72,28.1,7.6,3.2,4.1,7402812,7300068,0.001468,test
2016,production,Jose Calderon,NYK,PG,34,72,28.1,7.6,3.2,4.1,7402812,6844507,0.007976,test
2016,market,Josh Smith,HOU,PF,30,55,16.0,6.0,3.5,1.6,947276,2989014,-0.029168,train
2016,production,Josh Smith,HOU,PF,30,55,16.0,6.0,3.5,1.6,947276,2239103,-0.018455,train
2016,market,Jrue Holiday,NOP,PG,25,65,28.2,16.8,3.0,6.0,10595507,7614197,0.04259,test
2016,production,Jrue Holiday,NOP,PG,25,65,28.2,16.8,3.0,6.0,10595507,6021037,0.06535,test
2016,market,Julius Randle,LAL,PF,21,81,28.2,11.3,10.2,1.8,3132240,3760407,-0.008974,train
2016,production,Julius Randle,LAL,PF,21,81,28.2,11.3,10.2,1.8,3132240,4169614,-0.01482,train
2016,market,Justin Anderson,DAL,SF,22,55,11.8,3.8,2.4,0.5,1449000,1480292,-0.000447,train
2016,production,Justin Anderson,DAL,SF,22,55,11.8,3.8,2.4,0.5,1449000,1548393,-0.00142,train
2016,market,Justise Winslow,MIA,SF,19,78,28.6,6.4,5.2,1.5,2481720,3099728,-0.008829,train
2016,production,Justise Winslow,MIA,SF,19,78,28.6,6.4,5.2,1.5,2481720,3316070,-0.011919,train
2016,market,Karl-Anthony Towns,MIN,C,20,82,32.0,18.3,10.5,2.0,5703600,3840841,0.026611,test
2016,production,Karl-Anthony Towns,MIN,C,20,82,32.0,18.3,10.5,2.0,5703600,12550071,-0.097807,test
2016,market,Kawhi Leonard,SAS,SF,24,72,33.1,21.2,6.8,2.6,16407500,15446333,0.013731,test
2016,production,Kawhi Leonard,SAS,SF,24,72,33.1,21.2,6.8,2.6,16407500,16024311,0.005474,test
2016,market,Kelly Olynyk,BOS,C,24,69,20.2,10.0,4.1,1.5,2165160,3296765,-0.016166,test
2016,production,Kelly Olynyk,BOS,C,24,69,20.2,10.0,4.1,1.5,2165160,3281325,-0.015945,test
2016,market,Kelly Oubre Jr.,WAS,SF,20,63,10.7,3.7,2.1,0.2,1920240,1732815,0.002678,train
2016,production,Kelly Oubre Jr.,WAS,SF,20,63,10.7,3.7,2.1,0.2,1920240,1874679,0.000651,train
2016,market,Kemba Walker,CHA,PG,25,81,35.6,20.9,4.4,5.2,12000000,12236163,-0.003374,test
2016,production,Kemba Walker,CHA,PG,25,81,35.6,20.9,4.4,5.2,12000000,12852122,-0.012173,test
2016,market,Kenneth Faried,DEN,PF,26,67,25.3,12.5,8.7,1.2,11235955,6112263,0.073196,test
2016,production,Kenneth Faried,DEN,PF,26,67,25.3,12.5,8.7,1.2,11235955,6604699,0.066161,test
2016,market,Kent Bazemore,ATL,SF,26,75,27.8,11.6,5.1,2.3,2000000,3640481,-0.023435,train
2016,production,Kent Bazemore,ATL,SF,26,75,27.8,11.6,5.1,2.3,2000000,2947765,-0.01354,train
2016,market,Kentavious Caldwell-Pope,DET,SG,22,76,36.7,14.5,3.7,1.8,2891760,3229993,-0.004832,train
2016,production,Kentavious Caldwell-Pope,DET,SG,22,76,36.7,14.5,3.7,1.8,2891760,3891219,-0.014278,train
2016,market,Kevin Durant,OKC,SF,27,72,35.8,28.2,8.2,5.0,20158622,19509351,0.009275,train
2016,production,Kevin Durant,OKC,SF,27,72,35.8,28.2,8.2,5.0,20158622,19985523,0.002473,train
2016,market,Kevin Love,CLE,PF,27,77,31.5,16.0,9.9,2.4,19689000,16657900,0.043301,train
2016,production,Kevin Love,CLE,PF,27,77,31.5,16.0,9.9,2.4,19689000,15281055,0.062971,train
2016,market,Kevin Martin,SAS,SG,32,55,19.9,9.3,2.0,1.1,200600,2530817,-0.033289,train
2016,production,Kevin Martin,SAS,SG,32,55,19.9,9.3,2.0,1.1,200600,1502813,-0.018603,train
2016,market,Khris Middleton,MIL,SG,24,79,36.1,18.2,3.8,4.2,14700000,13867246,0.011896,train
2016,production,Khris Middleton,MIL,SG,24,79,36.1,18.2,3.8,4.2,14700000,13406153,0.018484,train
2016,market,Klay Thompson,GSW,SG,25,80,33.3,22.1,3.8,2.1,15501000,13113605,0.034106,train
2016,production,Klay Thompson,GSW,SG,25,80,33.3,22.1,3.8,2.1,15501000,14673827,0.011817,train
2016,market,Kobe Bryant,LAL,SF,37,66,28.2,17.6,3.7,2.8,25000000,19719194,0.07544,train
2016,production,Kobe Bryant,LAL,SF,37,66,28.2,17.6,3.7,2.8,25000000,19130083,0.083856,train
2016,market,Kosta Koufos,SAC,C,26,78,19.0,6.8,5.4,0.4,7700000,3895376,0.054352,test
2016,production,Kosta Koufos,SAC,C,26,78,19.0,6.8,5.4,0.4,7700000,3370775,0.061846,test
2016,market,Kristaps Porzingis,NYK,PF,20,72,28.4,14.3,7.3,1.3,4131720,4304415,-0.002467,train
2016,production,Kristaps Porzingis,NYK,PF,20,72,28.4,14.3,7.3,1.3,4131720,5426847,-0.018502,train
2016,market,Kyle Anderson,SAS,SF,22,78,16.0,4.5,3.1,1.6,1142880,1930690,-0.011254,test
2016,production,Kyle Anderson,SAS,SF,22,78,16.0,4.5,3.1,1.6,1142880,2584018,-0.020588,test
2016,market,Kyle Korver,ATL,SG,34,80,30.0,9.2,3.3,2.1,5746479,6136273,-0.005568,train
2016,production,Kyle Korver,ATL,SG,34,80,30.0,9.2,3.3,2.1,5746479,6017987,-0.003879,train
2016,market,Kyle Lowry,TOR,PG,29,77,37.0,21.2,4.7,6.4,12000000,13117912,-0.01597,train
2016,production,Kyle Lowry,TOR,PG,29,77,37.0,21.2,4.7,6.4,12000000,12399488,-0.005707,train
2016,market,Kyle O'Quinn,NYK,PF,25,65,11.8,4.8,3.8,1.1,3750000,3049698,0.010004,train
2016,production,Kyle O'Quinn,NYK,PF,25,65,11.8,4.8,3.8,1.1,3750000,3066554,0.009764,train
2016,market,Kyle Singler,OKC,SF,27,68,14.4,3.4,2.1,0.4,4500000,3883532,0.008807,train
2016,production,Kyle Singler,OKC,SF,27,68,14.4,3.4,2.1,0.4,4500000,3380785,0.015989,train
2016,market,LaMarcus Aldridge,SAS,PF,30,74,30.6,18.0,8.5,1.5,19689000,17762767,0.027518,train
2016,production,LaMarcus Aldridge,SAS,PF,30,74,30.6,18.0,8.5,1.5,19689000,17849410,0.02628,train
2016,market,Lance Stephenson,MEM,SF,25,69,19.9,8.3,3.2,1.9,9000000,6591193,0.034412,train
2016,production,Lance Stephenson,MEM,SF,25,69,19.9,8.3,3.2,1.9,9000000,6539670,0.035148,train
2016,market,Lance Thomas,NYK,PF,27,59,22.3,8.2,2.2,0.9,1636842,3010720,-0.019627,train
2016,production,Lance Thomas,NYK,PF,27,59,22.3,8.2,2.2,0.9,1636842,2361447,-0.010352,train
2016,market,Langston Galloway,NYK,PG,24,82,24.8,7.6,3.5,2.5,845059,2004466,-0.016563,train
2016,production,Langston Galloway,NYK,PG,24,82,24.8,7.6,3.5,2.5,845059,2457296,-0.023032,train
2016,market,Larry Nance Jr.,LAL,PF,23,63,20.1,5.5,5.0,0.7,1155600,2214176,-0.015123,test
2016,production,Larry Nance Jr.,LAL,PF,23,63,20.1,5.5,5.0,0.7,1155600,2626227,-0.021009,test
2016,market,Lavoy Allen,IND,PF,26,79,20.2,5.4,5.4,1.0,4050000,3424468,0.008936,test
2016,production,Lavoy Allen,IND,PF,26,79,20.2,5.4,5.4,1.0,4050000,3056297,0.014196,test
2016,market,LeBron James,CLE,SF,31,76,35.6,25.3,7.4,6.8,22970500,22767375,0.002902,train
2016,production,LeBron James,CLE,SF,31,76,35.6,25.3,7.4,6.8,22970500,21565557,0.020071,train
2016,market,Leandro Barbosa,GSW,SG,33,68,15.9,6.4,1.7,1.2,2500000,2910767,-0.005868,train
2016,production,Leandro Barbosa,GSW,SG,33,68,15.9,6.4,1.7,1.2,2500000,2235990,0.003772,train
2016,market,Lou Williams,LAL,SG,29,67,28.5,15.3,2.5,2.5,7000000,7653354,-0.009334,train
2016,production,Lou Williams,LAL,SG,29,67,28.5,15.3,2.5,2.5,7000000,6495698,0.007204,train
2016,market,Luc Mbah a Moute,LAC,PF,29,75,17.0,3.1,2.3,0.4,947276,5078643,-0.05902,test
2016,production,Luc Mbah a Moute,LAC,PF,29,75,17.0,3.1,2.3,0.4,947276,3042429,-0.029931,test
2016,market,Luis Scola,TOR,PF,35,76,21.5,8.7,4.7,0.9,2900000,3896739,-0.014239,train
2016,production,Luis Scola,TOR,PF,35,76,21.5,8.7,4.7,0.9,2900000,3701354,-0.011448,train
2016,market,Luol Deng,MIA,PF,30,74,32.4,12.3,6.0,1.9,10151612,10245238,-0.001338,train
2016,production,Luol Deng,MIA,PF,30,74,32.4,12.3,6.0,1.9,10151612,8526365,0.023218,train
2016,market,Manu Ginobili,SAS,SG,38,58,19.6,9.6,2.5,3.1,2814000,3348601,-0.007637,train
2016,production,Manu Ginobili,SAS,SG,38,58,19.6,9.6,2.5,3.1,2814000,3139826,-0.004655,train
2016,market,Marcin Gortat,WAS,C,31,75,30.1,13.5,9.9,1.4,11217391,11766033,-0.007838,train
2016,production,Marcin Gortat,WAS,C,31,75,30.1,13.5,9.9,1.4,11217391,10170889,0.01495,train
2016,market,Marco Belinelli,SAC,SG,29,68,24.6,10.2,1.7,1.9,6060606,6054060,9.4e-05,train
2016,production,Marco Belinelli,SAC,SG,29,68,24.6,10.2,1.7,1.9,6060606,5222249,0.011977,train
2016,market,Marcus Smart,BOS,PG,21,61,27.3,9.1,4.2,3.0,3431040,3541478,-0.001578,train
2016,production,Marcus Smart,BOS,PG,21,61,27.3,9.1,4.2,3.0,3431040,5872351,-0.034876,train
2016,market,Marcus Thornton,WAS,SG,28,61,18.2,9.7,2.5,1.4,200600,1556293,-0.019367,train
2016,production,Marcus Thornton,WAS,SG,28,61,18.2,9.7,2.5,1.4,200600,1151787,-0.013588,train
2016,market,Mario Chalmers,MEM,PG,29,61,22.5,10.3,2.6,3.8,4300000,4921867,-0.008884,train
2016,production,Mario Chalmers,MEM,PG,29,61,22.5,10.3,2.6,3.8,4300000,3937523,0.005178,train
2016,market,Mario Hezonja,ORL,SF,20,79,17.9,6.1,2.2,1.4,3741480,3341717,0.005711,train
2016,production,Mario Hezonja,ORL,SF,20,79,17.9,6.1,2.2,1.4,3741480,3434503,0.004385,train
2016,market,Markel Brown,BKN,SG,24,62,15.8,5.9,2.0,1.5,845059,1100442,-0.003648,train
2016,production,Markel Brown,BKN,SG,24,62,15.8,5.9,2.0,1.5,845059,1369622,-0.007494,train
2016,market,Markieff Morris,WAS,PF,26,64,25.5,12.0,5.5,1.9,8000000,5198781,0.040017,test
2016,production,Markieff Morris,WAS,PF,26,64,25.5,12.0,5.5,1.9,8000000,5311029,0.038414,test
2016,market,Marreese Speights,GSW,C,28,72,11.6,7.1,3.3,0.8,3815000,3991439,-0.002521,train
2016,production,Marreese Speights,GSW,C,28,72,11.6,7.1,3.3,0.8,3815000,3600566,0.003063,train
2016,market,Marvin Williams,CHA,PF,29,81,28.9,11.7,6.4,1.4,7000000,7221601,-0.003166,train
2016,production,Marvin Williams,CHA,PF,29,81,28.9,11.7,6.4,1.4,7000000,7097263,-0.001389,train
2016,market,Mason Plumlee,POR,C,25,82,25.4,9.1,7.7,2.8,1415520,2759047,-0.019193,train
2016,production,Mason Plumlee,POR,C,25,82,25.4,9.1,7.7,2.8,1415520,3601677,-0.031231,train
2016,market,Matt Barnes,MEM,SF,35,76,28.8,10.0,5.5,2.1,3542500,4907978,-0.019507,train
2016,production,Matt Barnes,MEM,SF,35,76,28.8,10.0,5.5,2.1,3542500,4157440,-0.008785,train
2016,market,Matthew Dellavedova,CLE,PG,25,76,24.6,7.5,2.1,4.4,1147276,1680580,-0.007619,train
2016,production,Matthew Dellavedova,CLE,PG,25,76,24.6,7.5,2.1,4.4,1147276,2540497,-0.019903,train
2016,market,Maurice Harkless,POR,SF,22,78,18.7,6.4,3.6,0.9,2894059,2310502,0.008337,train
2016,production,Maurice Harkless,POR,SF,22,78,18.7,6.4,3.6,0.9,2894059,2569131,0.004642,train
2016,market,Meyers Leonard,POR,PF,23,61,21.9,8.4,5.1,1.5,3075880,2928744,0.002102,train
2016,production,Meyers Leonard,POR,PF,23,61,21.9,8.4,5.1,1.5,3075880,3338407,-0.00375,train
2016,market,Mike Conley,MEM,PG,28,56,31.4,15.3,2.9,6.1,9588426,9947336,-0.005127,train
2016,production,Mike Conley,MEM,PG,28,56,31.4,15.3,2.9,6.1,9588426,10322647,-0.010489,train
2016,market,Mike Muscala,ATL,C,24,60,9.4,3.3,2.0,0.6,947276,1428938,-0.006881,train
2016,production,Mike Muscala,ATL,C,24,60,9.4,3.3,2.0,0.6,947276,1222114,-0.003926,train
2016,market,Mike Scott,ATL,PF,27,75,15.3,6.2,2.7,1.0,3333333,3219046,0.001633,train
2016,production,Mike Scott,ATL,PF,27,75,15.3,6.2,2.7,1.0,3333333,3194308,0.001986,train
2016,market,Miles Plumlee,MIL,C,27,61,14.3,5.1,3.8,0.3,2109294,2651525,-0.007746,test
2016,production,Miles Plumlee,MIL,C,27,61,14.3,5.1,3.8,0.3,2109294,1513751,0.008508,test
2016,market,Mirza Teletovic,PHX,PF,30,79,21.3,12.2,3.8,1.1,5500000,5814352,-0.004491,train
2016,production,Mirza Teletovic,PHX,PF,30,79,21.3,12.2,3.8,1.1,5500000,5602927,-0.00147,train
2016,market,Monta Ellis,IND,SG,30,81,33.8,13.8,3.3,4.7,10300000,9891482,0.005836,train
2016,production,Monta Ellis,IND,SG,30,81,33.8,13.8,3.3,4.7,10300000,9582195,0.010254,train
2016,market,Myles Turner,IND,C,19,60,22.8,10.3,5.5,0.7,2357760,2596690,-0.003413,train
2016,production,Myles Turner,IND,C,19,60,22.8,10.3,5.5,0.7,2357760,3053881,-0.009945,train
2016,market,Nemanja Bjelica,MIN,PF,27,60,17.9,5.1,3.5,1.4,3950001,2736669,0.017333,test
2016,production,Nemanja Bjelica,MIN,PF,27,60,17.9,5.1,3.5,1.4,3950001,2355759,0.022775,test
2016,market,Nerlens Noel,PHI,C,21,67,29.3,11.1,8.1,1.8,3457800,4083823,-0.008943,train
2016,production,Nerlens Noel,PHI,C,21,67,29.3,11.1,8.1,1.8,3457800,5818163,-0.033719,train
2016,market,Nick Collison,OKC,PF,35,59,11.8,2.1,2.9,0.9,3750000,3123569,0.008949,train
2016,production,Nick Collison,OKC,PF,35,59,11.8,2.1,2.9,0.9,3750000,3092354,0.009395,train
2016,market,Nicolas Batum,CHA,SF,27,70,35.0,14.9,6.1,5.8,13125306,12649551,0.006796,train
2016,production,Nicolas Batum,CHA,SF,27,70,35.0,14.9,6.1,5.8,13125306,11266512,0.026554,train
2016,market,Nik Stauskas,PHI,SG,22,73,24.8,8.5,2.5,1.9,2869440,2512899,0.005093,train
2016,production,Nik Stauskas,PHI,SG,22,73,24.8,8.5,2.5,1.9,2869440,2930715,-0.000875,train
2016,market,Nikola Jokic,DEN,C,20,80,21.7,10.0,7.0,2.4,1300000,2473255,-0.016761,test
2016,production,Nikola Jokic,DEN,C,20,80,21.7,10.0,7.0,2.4,1300000,4190157,-0.041288,test
2016,market,Nikola Mirotic,CHI,PF,24,66,24.9,11.8,5.5,1.5,5543725,4885540,0.009403,train
2016,production,Nikola Mirotic,CHI,PF,24,66,24.9,11.8,5.5,1.5,5543725,5325667,0.003115,train
2016,market,Nikola Vucevic,ORL,C,25,65,31.3,18.2,8.9,2.8,11250000,12958105,-0.024402,train
2016,production,Nikola Vucevic,ORL,C,25,65,31.3,18.2,8.9,2.8,11250000,11944349,-0.009919,train
2016,market,Noah Vonleh,POR,PF,20,78,15.1,3.6,3.9,0.4,2637720,2342434,0.004218,train
2016,production,Noah Vonleh,POR,PF,20,78,15.1,3.6,3.9,0.4,2637720,2619401,0.000262,train
2016,market,Omri Casspi,SAC,PF,27,69,27.2,11.8,5.9,1.4,2836186,5435159,-0.037128,train
2016,production,Omri Casspi,SAC,PF,27,69,27.2,11.8,5.9,1.4,2836186,4386835,-0.022152,train
2016,market,Otto Porter Jr.,WAS,SF,22,75,30.3,11.6,5.2,1.6,4662960,3948015,0.010214,train
2016,production,Otto Porter Jr.,WAS,SF,22,75,30.3,11.6,5.2,1.6,4662960,5801838,-0.01627,train
2016,market,P.J. Hairston,MEM,SF,23,66,19.9,6.2,2.6,0.6,1201440,1592262,-0.005583,train
2016,production,P.J. Hairston,MEM,SF,23,66,19.9,6.2,2.6,0.6,1201440,2055081,-0.012195,train
2016,market,P.J. Tucker,PHX,SF,30,82,31.0,8.0,6.2,2.2,5500000,8492978,-0.042757,test
2016,production,P.J. Tucker,PHX,SF,30,82,31.0,8.0,6.2,2.2,5500000,6422577,-0.01318,test
2016,market,Pablo Prigioni,LAC,PG,38,59,13.9,2.5,1.9,2.2,947726,1793673,-0.012085,train
2016,production,Pablo Prigioni,LAC,PG,38,59,13.9,2.5,1.9,2.2,947726,1298748,-0.005015,train
2016,market,Patrick Beverley,HOU,PG,27,71,28.7,9.9,3.5,3.4,6486486,6416627,0.000998,train
2016,production,Patrick Beverley,HOU,PG,27,71,28.7,9.9,3.5,3.4,6486486,5783608,0.010041,train
2016,market,Patrick Patterson,TOR,PF,26,79,25.6,6.9,4.3,1.2,6268675,5520275,0.010691,train
2016,production,Patrick Patterson,TOR,PF,26,79,25.6,6.9,4.3,1.2,6268675,5774763,0.007056,train
2016,market,Patty Mills,SAS,PG,27,81,20.5,8.5,2.0,2.8,3578947,3649606,-0.001009,train
2016,production,Patty Mills,SAS,PG,27,81,20.5,8.5,2.0,2.8,3578947,3573667,7.5e-05,train
2016,market,Pau Gasol,CHI,C,35,72,31.8,16.5,11.0,4.1,7448760,10038704,-0.036999,train
2016,production,Pau Gasol,CHI,C,35,72,31.8,16.5,11.0,4.1,7448760,10942692,-0.049913,train
2016,market,Paul George,IND,SF,25,81,34.8,23.1,7.0,4.1,17120106,15504262,0.023083,train
2016,production,Paul George,IND,SF,25,81,34.8,23.1,7.0,4.1,17120106,15517930,0.022888,train
2016,market,Paul Millsap,ATL,PF,30,81,32.7,17.1,9.0,3.3,18671659,16786390,0.026932,train
2016,production,Paul Millsap,ATL,PF,30,81,32.7,17.1,9.0,3.3,18671659,15656316,0.043076,train
2016,market,Paul Pierce,LAC,SF,38,68,18.1,6.1,2.7,1.0,3376000,3583949,-0.002971,train
2016,production,Paul Pierce,LAC,SF,38,68,18.1,6.1,2.7,1.0,3376000,3039881,0.004802,train
2016,market,Quincy Acy,SAC,PF,25,59,14.8,5.2,3.2,0.5,981348,1287685,-0.004376,test
2016,production,Quincy Acy,SAC,PF,25,59,14.8,5.2,3.2,0.5,981348,1651162,-0.009569,test
2016,market,Rajon Rondo,SAC,PG,29,72,35.2,11.9,6.0,11.7,9500000,10146458,-0.009235,train
2016,production,Rajon Rondo,SAC,PG,29,72,35.2,11.9,6.0,11.7,9500000,10879233,-0.019703,train
2016,market,Ramon Sessions,WAS,PG,29,82,20.3,9.9,2.5,2.9,2170465,3115954,-0.013507,train
2016,production,Ramon Sessions,WAS,PG,29,82,20.3,9.9,2.5,2.9,2170465,2092766,0.00111,train
2016,market,Randy Foye,OKC,SG,32,81,20.3,5.9,1.9,2.0,3135000,3904484,-0.010993,train
2016,production,Randy Foye,OKC,SG,32,81,20.3,5.9,1.9,2.0,3135000,2895134,0.003427,train
2016,market,Rashad Vaughn,MIL,SG,19,70,14.3,3.1,1.3,0.6,1733040,1869942,-0.001956,train
2016,production,Rashad Vaughn,MIL,SG,19,70,14.3,3.1,1.3,0.6,1733040,1921624,-0.002694,train
2016,market,Raul Neto,UTA,PG,23,81,18.5,5.9,1.5,2.1,900000,1278282,-0.005404,train
2016,production,Raul Neto,UTA,PG,23,81,18.5,5.9,1.5,2.1,900000,1383858,-0.006912,train
2016,market,Raymond Felton,DAL,PG,31,80,27.4,9.5,3.2,3.6,3950313,5162513,-0.017317,train
2016,production,Raymond Felton,DAL,PG,31,80,27.4,9.5,3.2,3.6,3950313,4101995,-0.002167,train
2016,market,Reggie Jackson,DET,PG,25,79,30.7,18.8,3.2,6.2,13913044,13218562,0.009921,train
2016,production,Reggie Jackson,DET,PG,25,79,30.7,18.8,3.2,6.2,13913044,11194008,0.038843,train
2016,market,Richard Jefferson,CLE,SF,35,74,17.9,5.5,1.7,0.8,947276,1983321,-0.014801,train
2016,production,Richard Jefferson,CLE,SF,35,74,17.9,5.5,1.7,0.8,947276,1695052,-0.010683,train
2016,market,Ricky Rubio,MIN,PG,25,76,30.6,10.1,4.3,8.7,12700000,11912047,0.011256,train
2016,production,Ricky Rubio,MIN,PG,25,76,30.6,10.1,4.3,8.7,12700000,12293637,0.005805,train
2016,market,Robert Covington,PHI,SF,25,67,28.4,12.8,6.3,1.4,1000000,5770226,-0.068146,test
2016,production,Robert Covington,PHI,SF,25,67,28.4,12.8,6.3,1.4,1000000,6982961,-0.085471,test
2016,market,Robin Lopez,NYK,C,27,82,27.1,10.3,7.3,1.4,12650000,11795333,0.01221,train
2016,production,Robin Lopez,NYK,C,27,82,27.1,10.3,7.3,1.4,12650000,10756708,0.027047,train
2016,market,Rodney Hood,UTA,SG,23,79,32.2,14.5,3.4,2.7,1348440,2829895,-0.021164,test
2016,production,Rodney Hood,UTA,SG,23,79,32.2,14.5,3.4,2.7,1348440,6489781,-0.073448,test
2016,market,Rodney Stuckey,IND,PG,29,58,22.0,8.9,2.7,2.4,7000000,6947356,0.000752,train
2016,production,Rodney Stuckey,IND,PG,29,58,22.0,8.9,2.7,2.4,7000000,6045140,0.013641,train
2016,market,Ronnie Price,PHX,PG,32,62,19.5,5.3,1.6,2.4,947276,3732933,-0.039795,test
2016,production,Ronnie Price,PHX,PG,32,62,19.5,5.3,1.6,2.4,947276,3362893,-0.034509,test
2016,market,Roy Hibbert,LAL,C,29,81,23.2,5.9,4.9,1.2,15592217,12923489,0.038125,train
2016,production,Roy Hibbert,LAL,C,29,81,23.2,5.9,4.9,1.2,15592217,12003240,0.051271,train
2016,market,Rudy Gay,SAC,SF,29,70,34.0,17.2,6.5,1.7,12403101,13138702,-0.010509,train
2016,production,Rudy Gay,SAC,SF,29,70,34.0,17.2,6.5,1.7,12403101,11373239,0.014712,train
2016,market,Rudy Gobert,UTA,C,23,61,31.7,9.1,11.0,1.5,1175880,4413281,-0.046249,train
2016,production,Rudy Gobert,UTA,C,23,61,31.7,9.1,11.0,1.5,1175880,5613398,-0.063393,train
2016,market,Russell Westbrook,OKC,PG,27,80,34.4,23.5,7.8,10.4,16744218,16959933,-0.003082,train
2016,production,Russell Westbrook,OKC,PG,27,80,34.4,23.5,7.8,10.4,16744218,17205055,-0.006583,train
2016,market,Ryan Anderson,NOP,PF,27,66,30.4,17.0,6.0,1.1,8500000,9154465,-0.00935,train
2016,production,Ryan Anderson,NOP,PF,27,66,30.4,17.0,6.0,1.1,8500000,9416325,-0.01309,train
2016,market,Sasha Vujacic,NYK,SG,31,61,14.9,4.9,2.4,1.4,947276,3817152,-0.040998,test
2016,production,Sasha Vujacic,NYK,SG,31,61,14.9,4.9,2.4,1.4,947276,3054037,-0.030097,test
2016,market,Serge Ibaka,OKC,PF,26,78,32.1,12.6,6.8,0.8,12250000,11184909,0.015216,train
2016,production,Serge Ibaka,OKC,PF,26,78,32.1,12.6,6.8,0.8,12250000,11036075,0.017342,train
2016,market,Shabazz Muhammad,MIN,SF,23,82,20.5,10.5,3.3,0.6,2056920,2104634,-0.000682,train
2016,production,Shabazz Muhammad,MIN,SF,23,82,20.5,10.5,3.3,0.6,2056920,2957549,-0.012866,train
2016,market,Shabazz Napier,ORL,PG,24,55,10.9,3.7,1.0,1.8,1294440,1343353,-0.000699,train
2016,production,Shabazz Napier,ORL,PG,24,55,10.9,3.7,1.0,1.8,1294440,1524934,-0.003293,train
2016,market,Shane Larkin,BKN,PG,23,78,22.4,7.3,2.3,4.4,1500000,1996957,-0.007099,test
2016,production,Shane Larkin,BKN,PG,23,78,22.4,7.3,2.3,4.4,1500000,2651411,-0.016449,test
2016,market,Shaun Livingston,GSW,PG,30,78,19.5,6.3,2.2,3.0,5543725,5058786,0.006928,train
2016,production,Shaun Livingston,GSW,PG,30,78,19.5,6.3,2.2,3.0,5543725,5077932,0.006654,train
2016,market,Solomon Hill,IND,SF,24,59,14.7,4.2,2.8,1.0,1358880,1268036,0.001298,train
2016,production,Solomon Hill,IND,SF,24,59,14.7,4.2,2.8,1.0,1358880,1523416,-0.002351,train
2016,market,Spencer Hawes,CHA,PF,27,57,18.2,6.0,4.3,1.9,6110034,6217608,-0.001537,train
2016,production,Spencer Hawes,CHA,PF,27,57,18.2,6.0,4.3,1.9,6110034,5499379,0.008724,train
2016,market,Stanley Johnson,DET,SF,19,73,23.1,8.1,4.2,1.6,2841960,2863306,-0.000305,train
2016,production,Stanley Johnson,DET,SF,19,73,23.1,8.1,4.2,1.6,2841960,2907400,-0.000935,train
2016,market,Stephen Curry,GSW,PG,27,79,34.2,30.1,5.4,6.7,11370786,13462286,-0.029879,train
2016,production,Stephen Curry,GSW,PG,27,79,34.2,30.1,5.4,6.7,11370786,15121507,-0.053582,train
2016,market,Steve Blake,DET,PG,35,58,17.0,4.4,1.5,3.4,2170465,2562461,-0.0056,train
2016,production,Steve Blake,DET,PG,35,58,17.0,4.4,1.5,3.4,2170465,2615605,-0.006359,train
2016,market,Steven Adams,OKC,C,22,80,25.2,8.0,6.7,0.8,2279040,2800975,-0.007456,train
2016,production,Steven Adams,OKC,C,22,80,25.2,8.0,6.7,0.8,2279040,4794552,-0.035936,train
2016,market,T.J. McConnell,PHI,PG,23,81,19.8,6.1,3.1,4.5,525093,1472450,-0.013534,train
2016,production,T.J. McConnell,PHI,PG,23,81,19.8,6.1,3.1,4.5,525093,1170615,-0.009222,train
2016,market,Taj Gibson,CHI,PF,30,73,26.5,8.6,6.9,1.5,8500000,8415491,0.001207,train
2016,production,Taj Gibson,CHI,PF,30,73,26.5,8.6,6.9,1.5,8500000,7135999,0.019486,train
2016,market,Tayshaun Prince,MIN,SF,35,77,19.0,2.9,1.9,0.9,947276,2142903,-0.01708,train
2016,production,Tayshaun Prince,MIN,SF,35,77,19.0,2.9,1.9,0.9,947276,1636869,-0.009851,train
2016,market,Terrence Ross,TOR,SF,24,73,23.9,9.9,2.5,0.8,3553917,3493587,0.000862,train
2016,production,Terrence Ross,TOR,SF,24,73,23.9,9.9,2.5,0.8,3553917,3416006,0.00197,train
2016,market,Thabo Sefolosha,ATL,SF,31,75,23.4,6.4,4.5,1.4,4000000,4805573,-0.011508,train
2016,production,Thabo Sefolosha,ATL,SF,31,75,23.4,6.4,4.5,1.4,4000000,3736371,0.003766,train
2016,market,Thaddeus Young,BKN,PF,27,73,33.0,15.1,9.0,1.9,11235955,11641032,-0.005787,test
2016,production,Thaddeus Young,BKN,PF,27,73,33.0,15.1,9.0,1.9,11235955,9095163,0.030583,test
2016,market,Thomas Robinson,BKN,PF,24,71,12.9,4.3,5.1,0.6,981348,1200617,-0.003132,train
2016,production,Thomas Robinson,BKN,PF,24,71,12.9,4.3,5.1,0.6,981348,1902275,-0.013156,train
2016,market,Tim Duncan,SAS,C,39,61,25.2,8.6,7.3,2.7,5250000,6654381,-0.020063,train
2016,production,Tim Duncan,SAS,C,39,61,25.2,8.6,7.3,2.7,5250000,5698581,-0.006408,train
2016,market,Timofey Mozgov,CLE,C,29,76,17.4,6.3,4.4,0.4,4950000,4877334,0.001038,test
2016,production,Timofey Mozgov,CLE,C,29,76,17.4,6.3,4.4,0.4,4950000,3285502,0.023779,test
2016,market,Tobias Harris,DET,PF,23,76,33.1,14.7,6.7,2.2,16000000,11769618,0.060434,train
2016,production,Tobias Harris,DET,PF,23,76,33.1,14.7,6.7,2.2,16000000,13006826,0.04276,train
2016,market,Toney Douglas,NOP,PG,29,61,20.7,8.7,2.3,2.6,1164858,2354439,-0.016994,train
2016,production,Toney Douglas,NOP,PG,29,61,20.7,8.7,2.3,2.6,1164858,1755862,-0.008443,train
2016,market,Tony Allen,MEM,SG,34,64,25.3,8.4,4.6,1.1,5158539,6088651,-0.013287,train
2016,production,Tony Allen,MEM,SG,34,64,25.3,8.4,4.6,1.1,5158539,5381256,-0.003182,train
2016,market,Tony Parker,SAS,PG,33,72,27.5,11.9,2.4,5.3,13437500,11988254,0.020704,train
2016,production,Tony Parker,SAS,PG,33,72,27.5,11.9,2.4,5.3,13437500,10209845,0.046109,train
2016,market,Tony Snell,CHI,SF,24,64,20.3,5.3,3.1,1.0,1535880,2584617,-0.014982,train
2016,production,Tony Snell,CHI,SF,24,64,20.3,5.3,3.1,1.0,1535880,2105364,-0.008135,train
2016,market,Trevor Booker,UTA,PF,28,79,20.7,5.9,5.7,1.1,4775000,5047873,-0.003898,train
2016,production,Trevor Booker,UTA,PF,28,79,20.7,5.9,5.7,1.1,4775000,4918992,-0.002057,train
2016,market,Trey Burke,UTA,PG,23,64,21.3,10.6,1.8,2.3,2658240,1790085,0.012402,test
2016,production,Trey Burke,UTA,PG,23,64,21.3,10.6,1.8,2.3,2658240,3863345,-0.017216,test
2016,market,Trey Lyles,UTA,PF,20,80,17.3,6.1,3.7,0.7,2239800,2296116,-0.000805,train
2016,production,Trey Lyles,UTA,PF,20,80,17.3,6.1,3.7,0.7,2239800,2339626,-0.001426,train
2016,market,Tristan Thompson,CLE,PF,24,82,27.7,7.8,9.0,0.8,14260870,10644375,0.051664,train
2016,production,Tristan Thompson,CLE,PF,24,82,27.7,7.8,9.0,0.8,14260870,10526437,0.053349,train
2016,market,Ty Lawson,IND,PG,28,66,21.4,5.7,1.8,3.6,211744,1475559,-0.018054,train
2016,production,Ty Lawson,IND,PG,28,66,21.4,5.7,1.8,3.6,211744,1049581,-0.011969,train
2016,market,Tyler Zeller,BOS,C,26,60,11.8,6.1,3.0,0.5,2616975,2774384,-0.002249,train
2016,production,Tyler Zeller,BOS,C,26,60,11.8,6.1,3.0,0.5,2616975,2664621,-0.000681,train
2016,market,Tyson Chandler,PHX,C,33,66,24.5,7.2,8.7,1.0,13000000,10686372,0.033052,train
2016,production,Tyson Chandler,PHX,C,33,66,24.5,7.2,8.7,1.0,13000000,9630991,0.048129,train
2016,market,Victor Oladipo,ORL,SG,23,72,33.0,16.0,4.8,3.9,5192520,4603528,0.008414,train
2016,production,Victor Oladipo,ORL,SG,23,72,33.0,16.0,4.8,3.9,5192520,6113820,-0.013161,train
2016,market,Vince Carter,MEM,SG,39,60,16.8,6.6,2.4,0.9,4088019,3846415,0.003451,train
2016,production,Vince Carter,MEM,SG,39,60,16.8,6.6,2.4,0.9,4088019,3848586,0.00342,train
2016,market,Wayne Ellington,BKN,SG,28,76,21.3,7.7,2.3,1.1,1500000,5068275,-0.050975,test
2016,production,Wayne Ellington,BKN,SG,28,76,21.3,7.7,2.3,1.1,1500000,2934846,-0.020498,test
2016,market,Wesley Johnson,LAC,SF,28,80,20.8,6.9,3.1,0.6,1100602,2663114,-0.022322,train
2016,production,Wesley Johnson,LAC,SF,28,80,20.8,6.9,3.1,0.6,1100602,1950199,-0.012137,train
2016,market,Wesley Matthews,DAL,SF,29,78,33.9,12.5,3.1,1.9,16407500,13385198,0.043176,train
2016,production,Wesley Matthews,DAL,SF,29,78,33.9,12.5,3.1,1.9,16407500,12959521,0.049257,train
2016,market,Will Barton,DEN,SG,25,82,28.7,14.4,5.8,2.5,3533333,4286049,-0.010753,train
2016,production,Will Barton,DEN,SG,25,82,28.7,14.4,5.8,2.5,3533333,4013359,-0.006858,train
2016,market,Willie Cauley-Stein,SAC,C,22,66,21.4,7.0,5.3,0.6,3398280,1829725,0.022408,test
2016,production,Willie Cauley-Stein,SAC,C,22,66,21.4,7.0,5.3,0.6,3398280,3158729,0.003422,test
2016,market,Zach LaVine,MIN,SG,20,82,28.0,14.0,2.8,3.1,2148360,2430222,-0.004027,train
2016,production,Zach LaVine,MIN,SG,20,82,28.0,14.0,2.8,3.1,2148360,2758854,-0.008721,train
2016,market,Zach Randolph,MEM,PF,34,68,29.6,15.3,7.8,2.1,9638555,9911838,-0.003904,train
2016,production,Zach Randolph,MEM,PF,34,68,29.6,15.3,7.8,2.1,9638555,9412974,0.003223,train
2016,market,Zaza Pachulia,DAL,C,31,76,26.4,8.6,9.4,1.7,5200000,7003543,-0.025765,train
2016,production,Zaza Pachulia,DAL,C,31,76,26.4,8.6,9.4,1.7,5200000,5508606,-0.004409,train
2017,market,Aaron Brooks,IND,PG,32,65,13.8,5.0,1.1,1.9,2700000,3357843,-0.006988,train
2017,production,Aaron Brooks,IND,PG,32,65,13.8,5.0,1.1,1.9,2700000,2619576,0.000854,train
2017,market,Aaron Gordon,ORL,SF,21,80,28.7,12.7,5.1,1.9,4351320,4203848,0.001566,train
2017,production,Aaron Gordon,ORL,SF,21,80,28.7,12.7,5.1,1.9,4351320,4951344,-0.006374,train
2017,market,Al Horford,BOS,C,30,68,32.3,14.0,6.8,5.0,26540100,24356917,0.02319,train
2017,production,Al Horford,BOS,C,30,68,32.3,14.0,6.8,5.0,26540100,22130227,0.046842,train
2017,market,Al Jefferson,IND,C,32,66,14.1,8.1,4.2,0.9,10314532,8869455,0.01535,train
2017,production,Al Jefferson,IND,C,32,66,14.1,8.1,4.2,0.9,10314532,8551649,0.018726,train
2017,market,Al-Farouq Aminu,POR,PF,26,61,29.1,8.7,7.4,1.6,7680965,7915647,-0.002493,train
2017,production,Al-Farouq Aminu,POR,PF,26,61,29.1,8.7,7.4,1.6,7680965,7912793,-0.002463,train
2017,market,Alex Abrines,OKC,SG,23,68,15.5,6.0,1.3,0.6,5994764,5036241,0.010182,train
2017,production,Alex Abrines,OKC,SG,23,68,15.5,6.0,1.3,0.6,5994764,4960138,0.01099,train
2017,market,Alex Len,PHX,C,23,77,20.3,8.0,6.6,0.6,4823621,4168232,0.006962,train
2017,production,Alex Len,PHX,C,23,77,20.3,8.0,6.6,0.6,4823621,4452407,0.003943,train
2017,market,Allen Crabbe,POR,SG,24,79,28.5,10.7,2.9,1.2,18500000,11967464,0.06939,train
2017,production,Allen Crabbe,POR,SG,24,79,28.5,10.7,2.9,1.2,18500000,14268052,0.044952,train
2017,market,Amir Johnson,BOS,PF,29,80,20.1,6.5,4.6,1.8,12000000,10890685,0.011783,train
2017,production,Amir Johnson,BOS,PF,29,80,20.1,6.5,4.6,1.8,12000000,9906310,0.022239,train
2017,market,Andre Drummond,DET,C,23,81,29.7,13.6,13.8,1.1,22116750,9359580,0.135508,test
2017,production,Andre Drummond,DET,C,23,81,29.7,13.6,13.8,1.1,22116750,14701348,0.078767,test
2017,market,Andre Iguodala,GSW,SF,33,76,26.3,7.6,4.0,3.4,11131368,10123992,0.0107,train
2017,production,Andre Iguodala,GSW,SF,33,76,26.3,7.6,4.0,3.4,11131368,9302403,0.019428,train
2017,market,Andre Roberson,OKC,SF,25,79,30.1,6.6,5.1,1.0,2183072,5440448,-0.0346,train
2017,production,Andre Roberson,OKC,SF,25,79,30.1,6.6,5.1,1.0,2183072,4469439,-0.024286,train
2017,market,Andrew Harrison,MEM,PG,22,72,20.5,5.9,1.9,2.8,945000,1643993,-0.007425,train
2017,production,Andrew Harrison,MEM,PG,22,72,20.5,5.9,1.9,2.8,945000,2453221,-0.016021,train
2017,market,Andrew Wiggins,MIN,SF,21,82,37.2,23.6,4.0,2.3,6006600,6362916,-0.003785,train
2017,production,Andrew Wiggins,MIN,SF,21,82,37.2,23.6,4.0,2.3,6006600,8941613,-0.031176,train
2017,market,Anthony Davis,NOP,C,23,75,36.1,28.0,11.8,2.1,22116750,15327380,0.072118,test
2017,production,Anthony Davis,NOP,C,23,75,36.1,28.0,11.8,2.1,22116750,23972389,-0.019711,test
2017,market,Anthony Tolliver,SAC,PF,31,65,22.7,7.1,3.6,1.2,8000000,6881761,0.011878,train
2017,production,Anthony Tolliver,SAC,PF,31,65,22.7,7.1,3.6,1.2,8000000,6547414,0.01543,train
2017,market,Aron Baynes,DET,C,30,75,15.5,4.9,4.4,0.4,6500000,7007742,-0.005393,train
2017,production,Aron Baynes,DET,C,30,75,15.5,4.9,4.4,0.4,6500000,6570550,-0.000749,train
2017,market,Arron Afflalo,SAC,SG,31,61,25.9,8.4,2.0,1.3,12500000,10854871,0.017475,train
2017,production,Arron Afflalo,SAC,SG,31,61,25.9,8.4,2.0,1.3,12500000,11390170,0.011789,train
2017,market,Austin Rivers,LAC,SG,24,74,27.8,12.0,2.2,2.8,11000000,4841804,0.065413,test
2017,production,Austin Rivers,LAC,SG,24,74,27.8,12.0,2.2,2.8,11000000,5186645,0.06175,test
2017,market,Avery Bradley,BOS,SG,26,55,33.4,16.3,6.1,2.2,8269663,10515229,-0.023853,train
2017,production,Avery Bradley,BOS,SG,26,55,33.4,16.3,6.1,2.2,8269663,10752898,-0.026377,train
2017,market,Ben McLemore,SAC,SG,23,61,19.3,8.1,2.1,0.8,4008882,3206644,0.008521,train
2017,production,Ben McLemore,SAC,SG,23,61,19.3,8.1,2.1,0.8,4008882,3711769,0.003156,train
2017,market,Bismack Biyombo,ORL,C,24,81,22.1,6.0,7.0,0.9,17000000,12682300,0.045863,train
2017,production,Bismack Biyombo,ORL,C,24,81,22.1,6.0,7.0,0.9,17000000,12181736,0.05118,train
2017,market,Blake Griffin,LAC,PF,27,61,34.0,21.6,8.1,4.9,20140839,24504874,-0.046355,test
2017,production,Blake Griffin,LAC,PF,27,61,34.0,21.6,8.1,4.9,20140839,20915051,-0.008224,test
2017,market,Bobby Portis,CHI,PF,21,64,15.6,6.8,4.6,0.5,1453680,1840307,-0.004107,train
2017,production,Bobby Portis,CHI,PF,21,64,15.6,6.8,4.6,0.5,1453680,2366894,-0.0097,train
2017,market,Bojan Bogdanovic,WAS,SF,27,81,25.7,13.7,3.4,1.4,3730653,7116122,-0.035961,train
2017,production,Bojan Bogdanovic,WAS,SF,27,81,25.7,13.7,3.4,1.4,3730653,5105204,-0.014601,train
2017,market,Boris Diaw,UTA,PF,34,73,17.6,4.6,2.2,2.3,7000000,6644416,0.003777,train
2017,production,Boris Diaw,UTA,PF,34,73,17.6,4.6,2.2,2.3,7000000,5974148,0.010897,train
2017,market,Bradley Beal,WAS,SG,23,77,34.9,23.1,3.1,3.5,22116750,15959455,0.065404,train
2017,production,Bradley Beal,WAS,SG,23,77,34.9,23.1,3.1,3.5,22116750,19344396,0.029448,train
2017,market,Brandon Ingram,LAL,SF,19,79,28.8,9.4,4.0,2.1,5281680,5099594,0.001934,train
2017,production,Brandon Ingram,LAL,SF,19,79,28.8,9.4,4.0,2.1,5281680,6017282,-0.007814,train
2017,market,Brandon Jennings,WAS,PG,27,81,22.2,7.1,2.4,4.9,5000000,7747938,-0.029189,test
2017,production,Brandon Jennings,WAS,PG,27,81,22.2,7.1,2.4,4.9,5000000,5114930,-0.001221,test
2017,market,Brook Lopez,BKN,C,28,75,29.6,20.5,5.4,2.3,21165675,20238307,0.009851,train
2017,production,Brook Lopez,BKN,C,28,75,29.6,20.5,5.4,2.3,21165675,18800008,0.025128,train
2017,market,Buddy Hield,SAC,SG,24,82,23.0,10.6,3.3,1.5,3517200,4324055,-0.008571,test
2017,production,Buddy Hield,SAC,SG,24,82,23.0,10.6,3.3,1.5,3517200,4768791,-0.013295,test
2017,market,C.J. Miles,IND,SF,29,76,23.4,10.7,3.0,0.6,4583450,4828229,-0.0026,train
2017,production,C.J. Miles,IND,SF,29,76,23.4,10.7,3.0,0.6,4583450,4576926,6.9e-05,train
2017,market,C.J. Watson,ORL,PG,32,62,16.3,4.5,1.4,1.8,5000000,4693425,0.003256,train
2017,production,C.J. Watson,ORL,PG,32,62,16.3,4.5,1.4,1.8,5000000,4466484,0.005667,train
2017,market,CJ McCollum,POR,SG,25,80,35.0,23.0,3.6,3.6,3219579,10445158,-0.076751,train
2017,production,CJ McCollum,POR,SG,25,80,35.0,23.0,3.6,3.6,3219579,10367232,-0.075923,train
2017,market,Caris LeVert,BKN,SF,22,57,21.7,8.2,3.3,1.9,1562280,2229903,-0.007092,train
2017,production,Caris LeVert,BKN,SF,22,57,21.7,8.2,3.3,1.9,1562280,2695241,-0.012034,train
2017,market,Channing Frye,CLE,C,33,74,18.9,9.1,3.9,0.6,7806971,7117230,0.007327,train
2017,production,Channing Frye,CLE,C,33,74,18.9,9.1,3.9,0.6,7806971,6544636,0.013409,train
2017,market,Chris Paul,LAC,PG,31,61,31.5,18.1,5.0,9.2,22868827,24648194,-0.018901,train
2017,production,Chris Paul,LAC,PG,31,61,31.5,18.1,5.0,9.2,22868827,24241487,-0.014581,train
2017,market,Clint Capela,HOU,C,22,65,23.9,12.6,8.1,1.0,1296240,2638660,-0.014259,train
2017,production,Clint Capela,HOU,C,22,65,23.9,12.6,8.1,1.0,1296240,4356998,-0.032512,train
2017,market,Cody Zeller,CHA,C,24,62,27.8,10.3,6.5,1.6,5318313,5619202,-0.003196,train
2017,production,Cody Zeller,CHA,C,24,62,27.8,10.3,6.5,1.6,5318313,5983953,-0.007071,train
2017,market,Cole Aldrich,MIN,C,28,62,8.6,1.7,2.5,0.4,7643979,6077788,0.016636,train
2017,production,Cole Aldrich,MIN,C,28,62,8.6,1.7,2.5,0.4,7643979,5796177,0.019628,train
2017,market,Corey Brewer,LAL,SF,30,82,15.6,4.5,2.0,1.2,7612172,6261117,0.014351,train
2017,production,Corey Brewer,LAL,SF,30,82,15.6,4.5,2.0,1.2,7612172,5850353,0.018714,train
2017,market,Cory Joseph,TOR,PG,25,80,25.0,9.3,2.9,3.3,7315000,6256330,0.011245,train
2017,production,Cory Joseph,TOR,PG,25,80,25.0,9.3,2.9,3.3,7315000,6841541,0.005029,train
2017,market,Courtney Lee,NYK,SG,31,77,31.9,10.8,3.4,2.3,11242000,11852638,-0.006486,train
2017,production,Courtney Lee,NYK,SG,31,77,31.9,10.8,3.4,2.3,11242000,10931708,0.003296,train
2017,market,Cristiano Felicio,CHI,C,24,66,15.8,4.8,4.7,0.6,874636,1614028,-0.007854,train
2017,production,Cristiano Felicio,CHI,C,24,66,15.8,4.8,4.7,0.6,874636,2765847,-0.020089,train
2017,market,D'Angelo Russell,LAL,PG,20,63,28.7,15.6,3.5,4.8,5332800,4620538,0.007566,test
2017,production,D'Angelo Russell,LAL,PG,20,63,28.7,15.6,3.5,4.8,5332800,8333404,-0.031873,test
2017,market,Damian Lillard,POR,PG,26,75,35.9,27.0,4.9,5.9,24328425,21976250,0.024985,test
2017,production,Damian Lillard,POR,PG,26,75,35.9,27.0,4.9,5.9,24328425,20166433,0.044209,test
2017,market,Danilo Gallinari,DEN,SF,28,63,33.9,18.2,5.2,2.1,15050000,16601745,-0.016483,train
2017,production,Danilo Gallinari,DEN,SF,28,63,33.9,18.2,5.2,2.1,15050000,15636773,-0.006233,train
2017,market,Danny Green,SAS,SG,29,68,26.6,7.3,3.3,1.8,10000000,10595055,-0.006321,train
2017,production,Danny Green,SAS,SG,29,68,26.6,7.3,3.3,1.8,10000000,10696982,-0.007403,train
2017,market,Dante Cunningham,NOP,PF,29,66,25.0,6.6,4.2,0.6,2978250,5352277,-0.025217,train
2017,production,Dante Cunningham,NOP,PF,29,66,25.0,6.6,4.2,0.6,2978250,4676910,-0.018043,train
2017,market,Dante Exum,UTA,PG,21,66,18.6,6.2,2.0,1.7,3940320,3230996,0.007535,train
2017,production,Dante Exum,UTA,PG,21,66,18.6,6.2,2.0,1.7,3940320,3609530,0.003514,train
2017,market,Dario Saric,PHI,PF,22,81,26.3,12.8,6.3,2.2,2318280,3836921,-0.016131,test
2017,production,Dario Saric,PHI,PF,22,81,26.3,12.8,6.3,2.2,2318280,5295633,-0.031626,test
2017,market,Darren Collison,SAC,PG,29,68,30.3,13.2,2.2,4.6,5229454,9111277,-0.041233,train
2017,production,Darren Collison,SAC,PG,29,68,30.3,13.2,2.2,4.6,5229454,7489398,-0.024005,train
2017,market,David Lee,SAS,PF,33,79,18.7,7.3,5.6,1.6,1551659,3405900,-0.019696,train
2017,production,David Lee,SAS,PF,33,79,18.7,7.3,5.6,1.6,1551659,2675776,-0.011941,train
2017,market,David West,GSW,C,36,68,12.6,4.6,3.0,2.2,980431,2458567,-0.015701,train
2017,production,David West,GSW,C,36,68,12.6,4.6,3.0,2.2,980431,1666663,-0.007289,train
2017,market,Davis Bertans,SAS,PF,24,67,12.1,4.5,1.5,0.7,543471,1300141,-0.008037,train
2017,production,Davis Bertans,SAS,PF,24,67,12.1,4.5,1.5,0.7,543471,1232390,-0.007318,train
2017,market,DeAndre Jordan,LAC,C,28,81,31.7,12.7,13.8,1.2,21165675,20185857,0.010408,train
2017,production,DeAndre Jordan,LAC,C,28,81,31.7,12.7,13.8,1.2,21165675,19522262,0.017457,train
2017,market,DeAndre Liggins,DAL,SG,28,62,12.5,2.5,1.7,0.9,1015696,2120558,-0.011736,train
2017,production,DeAndre Liggins,DAL,SG,28,62,12.5,2.5,1.7,0.9,1015696,1418894,-0.004283,train
2017,market,DeMar DeRozan,TOR,SG,27,74,35.4,27.3,5.2,3.9,26540100,25562862,0.01038,train
2017,production,DeMar DeRozan,TOR,SG,27,74,35.4,27.3,5.2,3.9,26540100,25306513,0.013103,train
2017,market,DeMarcus Cousins,NOP,C,26,72,34.2,27.0,11.0,4.6,16957900,20672946,-0.039462,train
2017,production,DeMarcus Cousins,NOP,C,26,72,34.2,27.0,11.0,4.6,16957900,18946191,-0.02112,train
2017,market,DeMarre Carroll,TOR,SF,30,72,26.1,8.9,3.8,1.0,14200000,12202110,0.021222,train
2017,production,DeMarre Carroll,TOR,SF,30,72,26.1,8.9,3.8,1.0,14200000,12091054,0.022402,train
2017,market,Dennis Schroder,ATL,PG,23,79,31.5,17.9,3.1,6.3,2708582,3772744,-0.011304,train
2017,production,Dennis Schroder,ATL,PG,23,79,31.5,17.9,3.1,6.3,2708582,6755352,-0.042985,train
2017,market,Denzel Valentine,CHI,SG,23,57,17.1,5.1,2.6,1.1,2092200,2445663,-0.003755,train
2017,production,Denzel Valentine,CHI,SG,23,57,17.1,5.1,2.6,1.1,2092200,3774950,-0.017874,train
2017,market,Deron Williams,CLE,PG,32,64,25.9,11.0,2.3,5.6,259526,4639022,-0.04652,train
2017,production,Deron Williams,CLE,PG,32,64,25.9,11.0,2.3,5.6,259526,2585775,-0.02471,train
2017,market,Derrick Rose,NYK,PG,28,64,32.5,18.0,3.8,4.4,21323252,20118558,0.012796,test
2017,production,Derrick Rose,NYK,PG,28,64,32.5,18.0,3.8,4.4,21323252,17047855,0.045414,test
2017,market,Devin Booker,PHX,SG,20,78,35.0,22.1,3.2,3.4,2223600,6888118,-0.049547,test
2017,production,Devin Booker,PHX,SG,20,78,35.0,22.1,3.2,3.4,2223600,13365554,-0.118351,test
2017,market,Devin Harris,DAL,PG,33,65,16.7,6.7,2.0,2.1,4227996,3406528,0.008726,test
2017,production,Devin Harris,DAL,PG,33,65,16.7,6.7,2.0,2.1,4227996,3609496,0.00657,test
2017,market,Dewayne Dedmon,SAS,C,27,76,17.5,5.1,6.5,0.6,2898000,5400608,-0.026583,test
2017,production,Dewayne Dedmon,SAS,C,27,76,17.5,5.1,6.5,0.6,2898000,3923169,-0.010889,test
2017,market,Domantas Sabonis,OKC,PF,20,81,20.1,5.9,3.6,1.0,2440200,2557365,-0.001245,train
2017,production,Domantas Sabonis,OKC,PF,20,81,20.1,5.9,3.6,1.0,2440200,3574632,-0.01205,train
2017,market,Dorian Finney-Smith,DAL,PF,23,81,20.3,4.3,2.7,0.8,543471,1180873,-0.006771,train
2017,production,Dorian Finney-Smith,DAL,PF,23,81,20.3,4.3,2.7,0.8,543471,1364399,-0.00872,train
2017,market,Doug McDermott,OKC,SF,25,66,22.8,9.0,2.7,0.9,2483040,3063163,-0.006162,train
2017,production,Doug McDermott,OKC,SF,25,66,22.8,9.0,2.7,0.9,2483040,2857018,-0.003972,train
2017,market,Draymond Green,GSW,PF,26,76,32.5,10.2,7.9,7.0,15330435,14693092,0.00677,train
2017,production,Draymond Green,GSW,PF,26,76,32.5,10.2,7.9,7.0,15330435,15230011,0.001067,train
2017,market,Dwight Howard,ATL,C,31,74,29.7,13.5,12.7,1.4,23180275,22676149,0.005355,train
2017,production,Dwight Howard,ATL,C,31,74,29.7,13.5,12.7,1.4,23180275,22593080,0.006237,train
2017,market,Dwight Powell,DAL,C,25,77,17.3,6.7,4.0,0.6,8375000,6824005,0.016475,train
2017,production,Dwight Powell,DAL,C,25,77,17.3,6.7,4.0,0.6,8375000,7032701,0.014258,train
2017,market,Dwyane Wade,CHI,SG,35,60,29.9,18.3,4.5,3.8,23200000,23439009,-0.002539,train
2017,production,Dwyane Wade,CHI,SG,35,60,29.9,18.3,4.5,3.8,23200000,21091416,0.022398,train
2017,market,E'Twaun Moore,NOP,SG,27,73,24.9,9.6,2.1,2.2,8081363,7184717,0.009524,train
2017,production,E'Twaun Moore,NOP,SG,27,73,24.9,9.6,2.1,2.2,8081363,6488431,0.01692,train
2017,market,Elfrid Payton,ORL,PG,22,82,29.4,12.8,4.7,6.5,2613600,3778458,-0.012373,train
2017,production,Elfrid Payton,ORL,PG,22,82,29.4,12.8,4.7,6.5,2613600,5880813,-0.034705,train
2017,market,Emmanuel Mudiay,DEN,PG,20,55,25.6,11.0,3.2,3.9,3241800,3959244,-0.007621,train
2017,production,Emmanuel Mudiay,DEN,PG,20,55,25.6,11.0,3.2,3.9,3241800,6085393,-0.030205,train
2017,market,Eric Bledsoe,PHX,PG,27,66,33.0,21.1,4.8,6.3,14000000,16000026,-0.021245,train
2017,production,Eric Bledsoe,PHX,PG,27,66,33.0,21.1,4.8,6.3,14000000,15456703,-0.015473,train
2017,market,Eric Gordon,HOU,SG,28,75,31.0,16.2,2.7,2.5,12385364,12673936,-0.003065,train
2017,production,Eric Gordon,HOU,SG,28,75,31.0,16.2,2.7,2.5,12385364,13054179,-0.007104,train
2017,market,Ersan Ilyasova,ATL,PF,29,82,26.1,13.1,5.9,1.7,8400000,8836714,-0.004639,train
2017,production,Ersan Ilyasova,ATL,PF,29,82,26.1,13.1,5.9,1.7,8400000,7303074,0.011652,train
2017,market,Evan Fournier,ORL,SG,24,68,32.9,17.2,3.1,3.0,17000000,16698038,0.003207,train
2017,production,Evan Fournier,ORL,SG,24,68,32.9,17.2,3.1,3.0,17000000,14624134,0.025237,train
2017,market,Evan Turner,POR,SF,28,65,25.5,9.0,3.8,3.2,16393443,14232727,0.022951,train
2017,production,Evan Turner,POR,SF,28,65,25.5,9.0,3.8,3.2,16393443,12867893,0.037449,train
2017,market,Frank Kaminsky,CHA,C,23,75,26.1,11.7,4.5,2.2,2730000,3431899,-0.007456,train
2017,production,Frank Kaminsky,CHA,C,23,75,26.1,11.7,4.5,2.2,2730000,4096838,-0.014519,train
2017,market,Garrett Temple,SAC,SG,30,65,26.6,7.8,2.8,2.6,8000000,7768115,0.002463,train
2017,production,Garrett Temple,SAC,SG,30,65,26.6,7.8,2.8,2.6,8000000,6875174,0.011948,train
2017,market,Gary Harris,DEN,SG,22,57,31.3,14.9,3.1,2.9,1655880,2987448,-0.014144,train
2017,production,Gary Harris,DEN,SG,22,57,31.3,14.9,3.1,2.9,1655880,4890257,-0.034356,train
2017,market,Gerald Henderson,PHI,SG,29,72,23.2,9.2,2.6,1.6,9000000,8113803,0.009413,test
2017,production,Gerald Henderson,PHI,SG,29,72,23.2,9.2,2.6,1.6,9000000,3145188,0.062191,test
2017,market,Giannis Antetokounmpo,MIL,SF,22,80,35.6,22.9,8.8,5.4,2995421,5580460,-0.027459,train
2017,production,Giannis Antetokounmpo,MIL,SF,22,80,35.6,22.9,8.8,5.4,2995421,10872183,-0.083668,train
2017,market,Glenn Robinson III,IND,SF,23,69,20.7,6.1,3.6,0.7,1050500,1500486,-0.00478,train
2017,production,Glenn Robinson III,IND,SF,23,69,20.7,6.1,3.6,0.7,1050500,1914731,-0.00918,train
2017,market,Goran Dragic,MIA,PG,30,73,33.7,20.3,3.8,5.8,15891725,19672655,-0.040162,train
2017,production,Goran Dragic,MIA,PG,30,73,33.7,20.3,3.8,5.8,15891725,16138922,-0.002626,train
2017,market,Gordon Hayward,UTA,SF,26,73,34.5,21.9,5.4,3.5,16073140,17766420,-0.017986,train
2017,production,Gordon Hayward,UTA,SF,26,73,34.5,21.9,5.4,3.5,16073140,16204842,-0.001399,train
2017,market,Gorgui Dieng,MIN,PF,27,82,32.4,10.0,7.9,1.9,2348783,11063435,-0.092568,test
2017,production,Gorgui Dieng,MIN,PF,27,82,32.4,10.0,7.9,1.9,2348783,11541239,-0.097644,test
2017,market,Greg Monroe,MIL,C,26,81,22.5,11.7,6.6,2.3,17145838,12107088,0.053522,train
2017,production,Greg Monroe,MIL,C,26,81,22.5,11.7,6.6,2.3,17145838,13921865,0.034245,train
2017,market,Harrison Barnes,DAL,PF,24,79,35.5,19.2,5.0,1.5,22116750,20547425,0.01667,train
2017,production,Harrison Barnes,DAL,PF,24,79,35.5,19.2,5.0,1.5,22116750,19902541,0.02352,train
2017,market,Hassan Whiteside,MIA,C,27,77,32.6,17.0,14.1,0.7,22116750,20843901,0.01352,train
2017,production,Hassan Whiteside,MIA,C,27,77,32.6,17.0,14.1,0.7,22116750,20307256,0.019221,train
2017,market,Ian Clark,GSW,SG,25,77,14.8,6.8,1.6,1.2,980431,1578372,-0.006351,train
2017,production,Ian Clark,GSW,SG,25,77,14.8,6.8,1.6,1.2,980431,1989205,-0.010715,train
2017,market,Iman Shumpert,CLE,SG,26,76,25.5,7.5,2.9,1.4,9662922,8094248,0.016663,train
2017,production,Iman Shumpert,CLE,SG,26,76,25.5,7.5,2.9,1.4,9662922,7774024,0.020064,train
2017,market,Isaiah Thomas,BOS,PG,27,76,33.8,28.9,2.7,5.9,6587132,22962356,-0.17394,test
2017,production,Isaiah Thomas,BOS,PG,27,76,33.8,28.9,2.7,5.9,6587132,19403558,-0.136138,test
2017,market,Isaiah Whitehead,BKN,PG,21,73,22.5,7.4,2.5,2.6,1074145,2479375,-0.014927,test
2017,production,Isaiah Whitehead,BKN,PG,21,73,22.5,7.4,2.5,2.6,1074145,3218453,-0.022777,test
2017,market,Ish Smith,DET,PG,28,81,24.1,9.4,2.9,5.2,6000000,7146681,-0.01218,train
2017,production,Ish Smith,DET,PG,28,81,24.1,9.4,2.9,5.2,6000000,6059780,-0.000635,train
2017,market,JaMychal Green,MEM,PF,26,77,27.3,8.9,7.1,1.1,980431,6384857,-0.057407,test
2017,production,JaMychal Green,MEM,PF,26,77,27.3,8.9,7.1,1.1,980431,6753866,-0.061326,test
2017,market,JaVale McGee,GSW,C,29,77,9.6,6.1,3.2,0.2,1403611,5031719,-0.038538,test
2017,production,JaVale McGee,GSW,C,29,77,9.6,6.1,3.2,0.2,1403611,2613942,-0.012856,test
2017,market,Jae Crowder,BOS,SF,26,72,32.4,13.9,5.8,2.2,6286408,8438910,-0.022864,train
2017,production,Jae Crowder,BOS,SF,26,72,32.4,13.9,5.8,2.2,6286408,9190293,-0.030845,train
2017,market,Jamal Crawford,LAC,SG,36,82,26.3,12.3,1.6,2.6,13253012,7217367,0.064111,test
2017,production,Jamal Crawford,LAC,SG,36,82,26.3,12.3,1.6,2.6,13253012,7850693,0.057384,test
2017,market,Jamal Murray,DEN,SG,19,82,21.5,9.9,2.6,2.1,3210840,3352154,-0.001501,train
2017,production,Jamal Murray,DEN,SG,19,82,21.5,9.9,2.6,2.1,3210840,3499435,-0.003065,train
2017,market,Jameer Nelson,DEN,PG,34,75,27.3,9.2,2.6,5.1,4540525,7661552,-0.033152,test
2017,production,Jameer Nelson,DEN,PG,34,75,27.3,9.2,2.6,5.1,4540525,4041263,0.005303,test
2017,market,James Ennis III,MEM,SF,26,64,23.5,6.7,4.0,1.0,2898000,3093331,-0.002075,train
2017,production,James Ennis III,MEM,SF,26,64,23.5,6.7,4.0,1.0,2898000,2923844,-0.000275,train
2017,market,James Harden,HOU,PG,27,81,36.4,29.1,8.1,11.2,26540100,24502711,0.021641,train
2017,production,James Harden,HOU,PG,27,81,36.4,29.1,8.1,11.2,26540100,25253821,0.013663,train
2017,market,James Johnson,MIA,PF,29,76,27.4,12.8,4.9,3.6,4000000,11137492,-0.075815,test
2017,production,James Johnson,MIA,PF,29,76,27.4,12.8,4.9,3.6,4000000,5999962,-0.021244,test
2017,market,Jared Dudley,PHX,PF,31,64,21.3,6.8,3.5,1.9,10470000,8462547,0.021323,train
2017,production,Jared Dudley,PHX,PF,31,64,21.3,6.8,3.5,1.9,10470000,8314630,0.022895,train
2017,market,Jason Smith,WAS,C,30,74,14.4,5.7,3.5,0.5,5000000,5132150,-0.001404,train
2017,production,Jason Smith,WAS,C,30,74,14.4,5.7,3.5,0.5,5000000,4392790,0.00645,train
2017,market,Jason Terry,MIL,SG,39,74,18.4,4.1,1.4,1.3,980431,2224867,-0.013219,train
2017,production,Jason Terry,MIL,SG,39,74,18.4,4.1,1.4,1.3,980431,2249594,-0.013481,train
2017,market,Jaylen Brown,BOS,SF,20,78,17.2,6.6,2.8,0.8,4743000,4222934,0.005524,train
2017,production,Jaylen Brown,BOS,SF,20,78,17.2,6.6,2.8,0.8,4743000,3954223,0.008378,train
2017,market,Jeff Green,ORL,PF,30,69,22.2,9.2,3.1,1.2,15000000,12378814,0.027843,train
2017,production,Jeff Green,ORL,PF,30,69,22.2,9.2,3.1,1.2,15000000,10905831,0.043489,train
2017,market,Jeff Teague,IND,PG,28,82,32.4,15.3,4.0,7.8,8800000,11080139,-0.02422,train
2017,production,Jeff Teague,IND,PG,28,82,32.4,15.3,4.0,7.8,8800000,11192581,-0.025414,train
2017,market,Jerami Grant,OKC,PF,22,80,19.1,5.5,2.6,0.6,980431,2546210,-0.016632,test
2017,production,Jerami Grant,OKC,PF,22,80,19.1,5.5,2.6,0.6,980431,3088494,-0.022392,test
2017,market,Jeremy Lamb,CHA,SG,24,62,18.4,9.7,4.3,1.2,6511628,5220447,0.013715,train
2017,production,Jeremy Lamb,CHA,SG,24,62,18.4,9.7,4.3,1.2,6511628,5720132,0.008407,train
2017,market,Jerian Grant,CHI,PG,24,63,16.3,5.9,1.8,1.9,1643040,1905215,-0.002785,train
2017,production,Jerian Grant,CHI,PG,24,63,16.3,5.9,1.8,1.9,1643040,2417881,-0.00823,train
2017,market,Jimmy Butler,CHI,SF,27,76,37.0,23.9,6.2,5.5,17552209,18515596,-0.010233,train
2017,production,Jimmy Butler,CHI,SF,27,76,37.0,23.9,6.2,5.5,17552209,18121061,-0.006042,train
2017,market,Joe Ingles,UTA,SF,29,82,24.0,7.1,3.2,2.7,2150000,4019035,-0.019853,train
2017,production,Joe Ingles,UTA,SF,29,82,24.0,7.1,3.2,2.7,2150000,3350522,-0.012752,train
2017,market,Joe Johnson,UTA,SF,35,78,23.6,9.2,3.1,1.8,11000000,6312127,0.049795,test
2017,production,Joe Johnson,UTA,SF,35,78,23.6,9.2,3.1,1.8,11000000,3856000,0.075885,test
2017,market,Joffrey Lauvergne,CHI,PF-C,25,70,14.0,5.4,3.6,1.0,1709719,1932141,-0.002363,train
2017,production,Joffrey Lauvergne,CHI,PF-C,25,70,14.0,5.4,3.6,1.0,1709719,2135372,-0.004521,train
2017,market,John Henson,MIL,C,26,58,19.4,6.8,5.1,1.0,12517606,9298722,0.034191,train
2017,production,John Henson,MIL,C,26,58,19.4,6.8,5.1,1.0,12517606,9332685,0.033831,train
2017,market,John Wall,WAS,PG,26,78,36.4,23.1,4.2,10.7,16957900,19445726,-0.026426,train
2017,production,John Wall,WAS,PG,26,78,36.4,23.1,4.2,10.7,16957900,18125123,-0.012398,train
2017,market,Jon Leuer,DET,PF,27,75,25.9,10.2,5.4,1.5,10991957,10401945,0.006267,train
2017,production,Jon Leuer,DET,PF,27,75,25.9,10.2,5.4,1.5,10991957,10957009,0.000371,train
2017,market,Jonas Jerebko,BOS,PF,29,78,15.8,3.8,3.5,0.9,5000000,5171820,-0.001825,train
2017,production,Jonas Jerebko,BOS,PF,29,78,15.8,3.8,3.5,0.9,5000000,4220410,0.008281,train
2017,market,Jonas Valanciunas,TOR,C,24,80,25.8,12.0,9.5,0.7,14382023,12348123,0.021604,train
2017,production,Jonas Valanciunas,TOR,C,24,80,25.8,12.0,9.5,0.7,14382023,12241251,0.02274,train
2017,market,Jonathon Simmons,SAS,SG,27,78,17.8,6.2,2.1,1.6,874636,3025464,-0.022846,train
2017,production,Jonathon Simmons,SAS,SG,27,78,17.8,6.2,2.1,1.6,874636,1963030,-0.011561,train
2017,market,Jordan Clarkson,LAL,SG,24,82,29.2,14.7,3.0,2.6,12500000,10384062,0.022476,train
2017,production,Jordan Clarkson,LAL,SG,24,82,29.2,14.7,3.0,2.6,12500000,10313175,0.023229,train
2017,market,Jrue Holiday,NOP,PG,26,67,32.7,15.4,3.9,7.3,11286518,11858734,-0.006078,train
2017,production,Jrue Holiday,NOP,PG,26,67,32.7,15.4,3.9,7.3,11286518,11364757,-0.000831,train
2017,market,Julius Randle,LAL,PF,22,74,28.8,13.2,8.6,3.6,3267120,3753223,-0.005163,train
2017,production,Julius Randle,LAL,PF,22,74,28.8,13.2,8.6,3.6,3267120,4668129,-0.014882,train
2017,market,Justin Anderson,PHI,SF,23,75,16.4,7.1,3.3,0.9,1514160,1700714,-0.001982,train
2017,production,Justin Anderson,PHI,SF,23,75,16.4,7.1,3.3,0.9,1514160,2168475,-0.00695,train
2017,market,Justin Hamilton,BKN,C,26,64,18.4,6.9,4.1,0.9,3000000,2973209,0.000285,train
2017,production,Justin Hamilton,BKN,C,26,64,18.4,6.9,4.1,0.9,3000000,3158772,-0.001686,train
2017,market,Justin Holiday,NYK,SG,27,82,20.0,7.7,2.7,1.2,1015696,2791776,-0.018866,train
2017,production,Justin Holiday,NYK,SG,27,82,20.0,7.7,2.7,1.2,1015696,1847987,-0.008841,train
2017,market,Jusuf Nurkic,POR,C,22,65,21.4,10.2,7.2,1.9,1921320,4801154,-0.03059,test
2017,production,Jusuf Nurkic,POR,C,22,65,21.4,10.2,7.2,1.9,1921320,7906660,-0.063577,test
2017,market,Karl-Anthony Towns,MIN,C,21,82,37.0,25.1,12.3,2.7,5960160,8890705,-0.031129,train
2017,production,Karl-Anthony Towns,MIN,C,21,82,37.0,25.1,12.3,2.7,5960160,11891342,-0.063002,train
2017,market,Kawhi Leonard,SAS,SF,25,74,33.4,25.5,5.8,3.5,17638063,20352410,-0.028832,train
2017,production,Kawhi Leonard,SAS,SF,25,74,33.4,25.5,5.8,3.5,17638063,19168917,-0.016261,train
2017,market,Kelly Olynyk,BOS,C,25,75,20.5,9.0,4.8,2.0,3094014,3235205,-0.0015,train
2017,production,Kelly Olynyk,BOS,C,25,75,20.5,9.0,4.8,2.0,3094014,3440463,-0.00368,train
2017,market,Kelly Oubre Jr.,WAS,SF,21,79,20.3,6.3,3.3,0.6,2006640,2252367,-0.00261,train
2017,production,Kelly Oubre Jr.,WAS,SF,21,79,20.3,6.3,3.3,0.6,2006640,2434206,-0.004542,train
2017,market,Kemba Walker,CHA,PG,26,79,34.7,23.2,3.9,5.5,12000000,13931603,-0.020518,train
2017,production,Kemba Walker,CHA,PG,26,79,34.7,23.2,3.9,5.5,12000000,13514903,-0.016092,train
2017,market,Kenneth Faried,DEN,PF,27,61,21.2,9.6,7.6,0.9,12078652,7014269,0.053795,test
2017,production,Kenneth Faried,DEN,PF,27,61,21.2,9.6,7.6,0.9,12078652,5834004,0.066332,test
2017,market,Kent Bazemore,ATL,SF,27,73,26.9,11.0,3.2,2.4,15730338,13153359,0.027373,train
2017,production,Kent Bazemore,ATL,SF,27,73,26.9,11.0,3.2,2.4,15730338,12118962,0.038361,train
2017,market,Kentavious Caldwell-Pope,DET,SG,23,76,33.3,13.8,3.3,2.5,3678319,5077347,-0.014861,test
2017,production,Kentavious Caldwell-Pope,DET,SG,23,76,33.3,13.8,3.3,2.5,3678319,9457694,-0.061389,test
2017,market,Kevin Durant,GSW,PF,28,62,33.4,25.1,8.3,4.8,26540100,27503528,-0.010234,test
2017,production,Kevin Durant,GSW,PF,28,62,33.4,25.1,8.3,4.8,26540100,23723164,0.029922,test
2017,market,Kevin Love,CLE,PF,28,60,31.4,19.0,11.1,1.9,21165675,20923090,0.002577,train
2017,production,Kevin Love,CLE,PF,28,60,31.4,19.0,11.1,1.9,21165675,20856122,0.003288,train
2017,market,Klay Thompson,GSW,SG,26,78,34.0,22.3,3.7,2.1,16663575,16363092,0.003192,train
2017,production,Klay Thompson,GSW,SG,26,78,34.0,22.3,3.7,2.1,16663575,17452087,-0.008376,train
2017,market,Kosta Koufos,SAC,C,27,71,20.0,6.6,5.7,0.7,8046500,8129334,-0.00088,train
2017,production,Kosta Koufos,SAC,C,27,71,20.0,6.6,5.7,0.7,8046500,7047903,0.010607,train
2017,market,Kris Dunn,MIN,PG,22,78,17.1,3.8,2.1,2.4,3872520,3406713,0.004948,train
2017,production,Kris Dunn,MIN,PG,22,78,17.1,3.8,2.1,2.4,3872520,3653695,0.002324,train
2017,market,Kris Humphries,ATL,PF,31,56,12.3,4.6,3.7,0.5,4000000,4170813,-0.001814,train
2017,production,Kris Humphries,ATL,PF,31,56,12.3,4.6,3.7,0.5,4000000,3500952,0.005301,train
2017,market,Kristaps Porzingis,NYK,PF,21,66,32.8,18.1,7.2,1.5,4317720,4930840,-0.006513,train
2017,production,Kristaps Porzingis,NYK,PF,21,66,32.8,18.1,7.2,1.5,4317720,8868624,-0.04834,train
2017,market,Kyle Anderson,SAS,SF,23,72,14.2,3.4,2.9,1.3,1192080,1375015,-0.001943,train
2017,production,Kyle Anderson,SAS,SF,23,72,14.2,3.4,2.9,1.3,1192080,1557429,-0.003881,train
2017,market,Kyle Korver,CLE,SG,35,67,26.2,10.1,2.8,1.6,5239437,6213190,-0.010343,train
2017,production,Kyle Korver,CLE,SG,35,67,26.2,10.1,2.8,1.6,5239437,6517871,-0.01358,train
2017,market,Kyle Lowry,TOR,PG,30,60,37.4,22.4,4.8,7.0,12000000,19251818,-0.07703,train
2017,production,Kyle Lowry,TOR,PG,30,60,37.4,22.4,4.8,7.0,12000000,17532065,-0.058762,train
2017,market,Kyle O'Quinn,NYK,C,26,79,15.6,6.3,5.6,1.5,3918750,5971592,-0.021806,test
2017,production,Kyle O'Quinn,NYK,C,26,79,15.6,6.3,5.6,1.5,3918750,4592058,-0.007152,test
2017,market,Kyrie Irving,CLE,PG,24,72,35.1,25.2,3.2,5.8,17638063,19493313,-0.019707,train
2017,production,Kyrie Irving,CLE,PG,24,72,35.1,25.2,3.2,5.8,17638063,17449233,0.002006,train
2017,market,LaMarcus Aldridge,SAS,PF,31,72,32.4,17.3,7.3,1.9,20575005,20429223,0.001549,train
2017,production,LaMarcus Aldridge,SAS,PF,31,72,32.4,17.3,7.3,1.9,20575005,20093000,0.00512,train
2017,market,Langston Galloway,SAC,PG,25,74,20.2,7.9,2.1,1.3,5200000,3151789,0.021756,test
2017,production,Langston Galloway,SAC,PG,25,74,20.2,7.9,2.1,1.3,5200000,6328799,-0.01199,test
2017,market,Larry Nance Jr.,LAL,PF,24,63,22.9,7.1,5.9,1.5,1207680,2138006,-0.009882,train
2017,production,Larry Nance Jr.,LAL,PF,24,63,22.9,7.1,5.9,1.5,1207680,2464964,-0.013355,train
2017,market,Lavoy Allen,IND,PF,27,61,14.3,2.9,3.6,0.9,4000000,3639755,0.003827,train
2017,production,Lavoy Allen,IND,PF,27,61,14.3,2.9,3.6,0.9,4000000,3607804,0.004166,train
2017,market,LeBron James,CLE,SF,32,74,37.8,26.4,8.6,8.7,30963450,31662994,-0.007431,train
2017,production,LeBron James,CLE,SF,32,74,37.8,26.4,8.6,8.7,30963450,29528625,0.015241,train
2017,market,Lou Williams,HOU,SG,30,81,24.6,17.5,2.5,3.0,7000000,7584643,-0.00621,train
2017,production,Lou Williams,HOU,SG,30,81,24.6,17.5,2.5,3.0,7000000,8068017,-0.011345,train
2017,market,Luc Mbah a Moute,LAC,SF,30,80,22.3,6.1,2.1,0.5,2203000,7945650,-0.060999,test
2017,production,Luc Mbah a Moute,LAC,SF,30,80,22.3,6.1,2.1,0.5,2203000,6190963,-0.042361,test
2017,market,Lucas Nogueira,TOR,C,24,57,19.1,4.4,4.3,0.7,1921320,2584811,-0.007048,train
2017,production,Lucas Nogueira,TOR,C,24,57,19.1,4.4,4.3,0.7,1921320,2476688,-0.005899,train
2017,market,Luol Deng,LAL,SF,31,56,26.5,7.6,5.3,1.3,18000000,11416856,0.069927,test
2017,production,Luol Deng,LAL,SF,31,56,26.5,7.6,5.3,1.3,18000000,8106737,0.105088,test
2017,market,Malcolm Brogdon,MIL,SG,24,75,26.4,10.2,2.8,4.2,925000,2408431,-0.015757,train
2017,production,Malcolm Brogdon,MIL,SG,24,75,26.4,10.2,2.8,4.2,925000,3110747,-0.023217,train
2017,market,Malcolm Delaney,ATL,PG,27,73,17.1,5.4,1.7,2.6,2500000,3554598,-0.011202,train
2017,production,Malcolm Delaney,ATL,PG,27,73,17.1,5.4,1.7,2.6,2500000,3106077,-0.006438,train
2017,market,Manu Ginobili,SAS,SG,39,69,18.7,7.5,2.3,2.7,14000000,10772630,0.034282,train
2017,production,Manu Ginobili,SAS,SG,39,69,18.7,7.5,2.3,2.7,14000000,10818654,0.033793,train
2017,market,Marc Gasol,MEM,C,32,74,34.2,19.5,6.3,4.6,21165675,23450907,-0.024274,train
2017,production,Marc Gasol,MEM,C,32,74,34.2,19.5,6.3,4.6,21165675,19391436,0.018846,train
2017,market,Marcin Gortat,WAS,C,32,82,31.2,10.8,10.4,1.5,12000000,13914749,-0.020339,train
2017,production,Marcin Gortat,WAS,C,32,82,31.2,10.8,10.4,1.5,12000000,12432421,-0.004593,train
2017,market,Marco Belinelli,CHA,SG,30,74,24.0,10.5,2.4,2.0,6333333,7342971,-0.010725,train
2017,production,Marco Belinelli,CHA,SG,30,74,24.0,10.5,2.4,2.0,6333333,6782141,-0.004767,train
2017,market,Marcus Smart,BOS,SG,22,79,30.4,10.6,3.9,4.6,3578880,5648841,-0.021987,test
2017,production,Marcus Smart,BOS,SG,22,79,30.4,10.6,3.9,4.6,3578880,9689069,-0.064903,test
2017,market,Mario Hezonja,ORL,SF,21,65,14.8,4.9,2.2,1.0,3909840,2257924,0.017547,test
2017,production,Mario Hezonja,ORL,SF,21,65,14.8,4.9,2.2,1.0,3909840,3663860,0.002613,test
2017,market,Markieff Morris,WAS,PF,27,76,31.2,14.0,6.5,1.7,7400000,13359535,-0.063303,test
2017,production,Markieff Morris,WAS,PF,27,76,31.2,14.0,6.5,1.7,7400000,10182880,-0.02956,test
2017,market,Marquese Chriss,PHX,PF,19,82,21.3,9.2,4.2,0.7,2941440,3588797,-0.006876,train
2017,production,Marquese Chriss,PHX,PF,19,82,21.3,9.2,4.2,0.7,2941440,4632636,-0.017964,train
2017,market,Marreese Speights,LAC,C,29,82,15.7,8.7,4.5,0.8,1403611,3605088,-0.023384,train
2017,production,Marreese Speights,LAC,C,29,82,15.7,8.7,4.5,0.8,1403611,2876810,-0.015649,train
2017,market,Marvin Williams,CHA,PF,30,76,30.2,11.2,6.6,1.4,12250000,12686750,-0.004639,train
2017,production,Marvin Williams,CHA,PF,30,76,30.2,11.2,6.6,1.4,12250000,11800154,0.004778,train
2017,market,Mason Plumlee,DEN,C,26,81,26.5,10.4,7.5,3.5,2328530,3754210,-0.015144,train
2017,production,Mason Plumlee,DEN,C,26,81,26.5,10.4,7.5,3.5,2328530,4298618,-0.020927,train
2017,market,Matt Barnes,GSW,SF,36,74,24.0,7.1,5.2,2.6,242224,3092383,-0.030275,train
2017,production,Matt Barnes,GSW,SF,36,74,24.0,7.1,5.2,2.6,242224,1823084,-0.016792,train
2017,market,Matthew Dellavedova,MIL,PG,26,76,26.1,7.6,1.9,4.7,9607500,7642614,0.020871,train
2017,production,Matthew Dellavedova,MIL,PG,26,76,26.1,7.6,1.9,4.7,9607500,7623657,0.021073,train
2017,market,Maurice Harkless,POR,SF,23,77,28.9,10.0,4.4,1.1,8988765,4509708,0.047577,test
2017,production,Maurice Harkless,POR,SF,23,77,28.9,10.0,4.4,1.1,8988765,8615229,0.003968,test
2017,market,Meyers Leonard,POR,PF,24,74,16.5,5.4,3.2,1.0,9213483,6977503,0.023751,train
2017,production,Meyers Leonard,POR,PF,24,74,16.5,5.4,3.2,1.0,9213483,7073544,0.022731,train
2017,market,Michael Beasley,MIL,PF,28,56,16.7,9.4,3.4,0.9,1403611,6124369,-0.050145,test
2017,production,Michael Beasley,MIL,PF,28,56,16.7,9.4,3.4,0.9,1403611,4907148,-0.037215,test
2017,market,Michael Kidd-Gilchrist,CHA,SF,23,81,29.0,9.2,7.0,1.4,13000000,10217490,0.029556,train
2017,production,Michael Kidd-Gilchrist,CHA,SF,23,81,29.0,9.2,7.0,1.4,13000000,11174263,0.019393,train
2017,market,Mike Conley,MEM,PG,29,69,33.2,20.5,3.5,6.3,26540100,23976607,0.02723,train
2017,production,Mike Conley,MEM,PG,29,69,33.2,20.5,3.5,6.3,26540100,22924034,0.03841,train
2017,market,Mike Muscala,ATL,C,25,70,17.7,6.2,3.4,1.4,1015696,2801572,-0.01897,test
2017,production,Mike Muscala,ATL,C,25,70,17.7,6.2,3.4,1.4,1015696,3880062,-0.030426,test
2017,market,Mindaugas Kuzminskas,NYK,SF,27,68,14.9,6.3,1.9,1.0,2898000,3094209,-0.002084,train
2017,production,Mindaugas Kuzminskas,NYK,SF,27,68,14.9,6.3,1.9,1.0,2898000,2846086,0.000551,train
2017,market,Mirza Teletovic,MIL,PF,31,70,16.2,6.4,2.3,0.7,10500000,7991915,0.026641,train
2017,production,Mirza Teletovic,MIL,PF,31,70,16.2,6.4,2.3,0.7,10500000,7800700,0.028672,train
2017,market,Monta Ellis,IND,SG,31,74,27.0,8.5,2.8,3.2,10763500,10986705,-0.002371,train
2017,production,Monta Ellis,IND,SG,31,74,27.0,8.5,2.8,3.2,10763500,9366465,0.014839,train
2017,market,Montrezl Harrell,HOU,C,23,58,18.3,9.1,3.8,1.1,1045000,1978799,-0.009919,train
2017,production,Montrezl Harrell,HOU,C,23,58,18.3,9.1,3.8,1.1,1045000,1900298,-0.009085,train
2017,market,Myles Turner,IND,C,20,81,31.4,14.5,7.3,1.3,2463840,5039888,-0.027363,train
2017,production,Myles Turner,IND,C,20,81,31.4,14.5,7.3,1.3,2463840,5854184,-0.036013,train
2017,market,Nemanja Bjelica,MIN,PF,28,65,18.3,6.2,3.8,1.2,3800000,4219116,-0.004452,train
2017,production,Nemanja Bjelica,MIN,PF,28,65,18.3,6.2,3.8,1.2,3800000,3441089,0.003812,train
2017,market,Nick Young,LAL,SG,31,60,25.9,13.2,2.3,1.0,5443918,13615299,-0.086798,test
2017,production,Nick Young,LAL,SG,31,60,25.9,13.2,2.3,1.0,5443918,9986797,-0.048255,test
2017,market,Nicolas Batum,CHA,SG,28,77,34.0,15.1,6.2,5.9,20869566,14999888,0.062349,test
2017,production,Nicolas Batum,CHA,SG,28,77,34.0,15.1,6.2,5.9,20869566,13696277,0.076196,test
2017,market,Nik Stauskas,PHI,SG,23,80,27.4,9.5,2.8,2.4,2993040,3682880,-0.007328,train
2017,production,Nik Stauskas,PHI,SG,23,80,27.4,9.5,2.8,2.4,2993040,3502698,-0.005414,train
2017,market,Nikola Jokic,DEN,C,21,73,27.9,16.7,9.8,4.9,1358500,3030655,-0.017762,train
2017,production,Nikola Jokic,DEN,C,21,73,27.9,16.7,9.8,4.9,1358500,6063875,-0.049981,train
2017,market,Nikola Mirotic,CHI,PF,25,70,24.0,10.6,5.5,1.1,5782450,5670011,0.001194,test
2017,production,Nikola Mirotic,CHI,PF,25,70,24.0,10.6,5.5,1.1,5782450,5541293,0.002562,test
2017,market,Nikola Vucevic,ORL,C,26,75,28.8,14.6,10.4,2.8,11750000,11366884,0.00407,train
2017,production,Nikola Vucevic,ORL,C,26,75,28.8,14.6,10.4,2.8,11750000,11061428,0.007314,train
2017,market,Noah Vonleh,POR,PF,21,74,17.1,4.4,5.2,0.4,2751360,2724972,0.00028,train
2017,production,Noah Vonleh,POR,PF,21,74,17.1,4.4,5.2,0.4,2751360,3179964,-0.004553,train
2017,market,Norman Powell,TOR,SG,23,76,18.0,8.4,2.2,1.1,874636,1375305,-0.005318,train
2017,production,Norman Powell,TOR,SG,23,76,18.0,8.4,2.2,1.1,874636,1485827,-0.006492,train
2017,market,Otto Porter Jr.,WAS,SF,23,80,32.6,13.4,6.4,1.5,5893981,5872449,0.000229,train
2017,production,Otto Porter Jr.,WAS,SF,23,80,32.6,13.4,6.4,1.5,5893981,8435456,-0.026996,train
2017,market,P.J. Tucker,TOR,SF,31,81,27.6,6.7,5.8,1.2,5300000,7675457,-0.025232,test
2017,production,P.J. Tucker,TOR,SF,31,81,27.6,6.7,5.8,1.2,5300000,5444431,-0.001534,test
2017,market,Pascal Siakam,TOR,PF,22,55,15.6,4.2,3.4,0.3,1196040,1490682,-0.00313,train
2017,production,Pascal Siakam,TOR,PF,22,55,15.6,4.2,3.4,0.3,1196040,2222715,-0.010905,train
2017,market,Patrick Beverley,HOU,SG,28,67,30.7,9.5,5.9,4.2,6000000,7999271,-0.021237,train
2017,production,Patrick Beverley,HOU,SG,28,67,30.7,9.5,5.9,4.2,6000000,8612265,-0.027748,train
2017,market,Patrick McCaw,GSW,SG,21,71,15.1,4.0,1.4,1.1,543471,1354169,-0.008611,train
2017,production,Patrick McCaw,GSW,SG,21,71,15.1,4.0,1.4,1.1,543471,1835404,-0.013723,train
2017,market,Patrick Patterson,TOR,PF,27,65,24.6,6.8,4.5,1.2,6050000,6176597,-0.001345,train
2017,production,Patrick Patterson,TOR,PF,27,65,24.6,6.8,4.5,1.2,6050000,6106855,-0.000604,train
2017,market,Patty Mills,SAS,PG,28,80,21.9,9.5,1.8,3.5,3578948,4001276,-0.004486,train
2017,production,Patty Mills,SAS,PG,28,80,21.9,9.5,1.8,3.5,3578948,3547045,0.000339,train
2017,market,Pau Gasol,SAS,C,36,64,25.4,12.4,7.8,2.3,15500000,15472792,0.000289,train
2017,production,Pau Gasol,SAS,C,36,64,25.4,12.4,7.8,2.3,15500000,13592499,0.020262,train
2017,market,Paul George,IND,SF,26,75,35.9,23.7,6.6,3.3,18314532,18618146,-0.003225,train
2017,production,Paul George,IND,SF,26,75,35.9,23.7,6.6,3.3,18314532,18836435,-0.005544,train
2017,market,Paul Millsap,ATL,PF,31,69,34.0,18.1,7.7,3.7,20072033,23227644,-0.033519,test
2017,production,Paul Millsap,ATL,PF,31,69,34.0,18.1,7.7,3.7,20072033,16390196,0.039109,test
2017,market,Rajon Rondo,CHI,PG,30,69,26.7,7.8,5.1,6.7,14000000,13217701,0.00831,train
2017,production,Rajon Rondo,CHI,PG,30,69,26.7,7.8,5.1,6.7,14000000,11564781,0.025867,train
2017,market,Randy Foye,BKN,SG,33,69,18.6,5.2,2.2,2.0,2500000,6204569,-0.03935,test
2017,production,Randy Foye,BKN,SG,33,69,18.6,5.2,2.2,2.0,2500000,5593809,-0.032863,test
2017,market,Raymond Felton,LAC,PG,32,80,21.3,6.7,2.7,2.4,980431,6321396,-0.056732,test
2017,production,Raymond Felton,LAC,PG,32,80,21.3,6.7,2.7,2.4,980431,2979522,-0.021235,test
2017,market,Richard Jefferson,CLE,SF,36,79,20.4,5.7,2.6,1.0,2500000,4846346,-0.024923,test
2017,production,Richard Jefferson,CLE,SF,36,79,20.4,5.7,2.6,1.0,2500000,2687476,-0.001991,test
2017,market,Richaun Holmes,PHI,C,23,57,20.9,9.8,5.5,1.0,1025831,1737231,-0.007557,train
2017,production,Richaun Holmes,PHI,C,23,57,20.9,9.8,5.5,1.0,1025831,2102167,-0.011433,train
2017,market,Ricky Rubio,MIN,PG,26,75,32.9,11.1,4.1,9.1,13550000,14342876,-0.008422,train
2017,production,Ricky Rubio,MIN,PG,26,75,32.9,11.1,4.1,9.1,13550000,14628130,-0.011452,train
2017,market,Robert Covington,PHI,SF,26,67,31.6,12.9,6.5,1.5,1015696,5312927,-0.045646,train
2017,production,Robert Covington,PHI,SF,26,67,31.6,12.9,6.5,1.5,1015696,5453995,-0.047144,train
2017,market,Robin Lopez,CHI,C,28,81,28.0,10.4,6.4,1.0,13219250,13649258,-0.004568,train
2017,production,Robin Lopez,CHI,C,28,81,28.0,10.4,6.4,1.0,13219250,13101418,0.001252,train
2017,market,Rodney Hood,UTA,SG,24,59,27.0,12.7,3.4,1.6,1406520,2443852,-0.011019,train
2017,production,Rodney Hood,UTA,SG,24,59,27.0,12.7,3.4,1.6,1406520,3932848,-0.026835,train
2017,market,Rodney McGruder,MIA,SG,25,78,25.2,6.4,3.3,1.6,543471,2378023,-0.019487,train
2017,production,Rodney McGruder,MIA,SG,25,78,25.2,6.4,3.3,1.6,543471,2877316,-0.02479,train
2017,market,Rondae Hollis-Jefferson,BKN,SF,22,78,22.6,8.7,5.8,2.0,1395600,3359808,-0.020864,test
2017,production,Rondae Hollis-Jefferson,BKN,SF,22,78,22.6,8.7,5.8,2.0,1395600,4382103,-0.031723,test
2017,market,Rudy Gobert,UTA,C,24,81,33.9,14.0,12.8,1.2,2121288,8155035,-0.064091,train
2017,production,Rudy Gobert,UTA,C,24,81,33.9,14.0,12.8,1.2,2121288,7060832,-0.052469,train
2017,market,Russell Westbrook,OKC,PG,28,81,34.6,31.6,10.7,10.4,26540100,24501021,0.021659,test
2017,production,Russell Westbrook,OKC,PG,28,81,34.6,31.6,10.7,10.4,26540100,26394423,0.001547,test
2017,market,Ryan Anderson,HOU,PF,28,72,29.4,13.6,4.6,0.9,18735364,16893279,0.019567,train
2017,production,Ryan Anderson,HOU,PF,28,72,29.4,13.6,4.6,0.9,18735364,16783116,0.020737,train
2017,market,Salah Mejri,DAL,C,30,73,12.4,2.9,4.2,0.2,874636,2328788,-0.015446,train
2017,production,Salah Mejri,DAL,C,30,73,12.4,2.9,4.2,0.2,874636,1825437,-0.0101,train
2017,market,Sam Dekker,HOU,PF,22,77,18.4,6.5,3.7,1.0,1720560,2554620,-0.00886,test
2017,production,Sam Dekker,HOU,PF,22,77,18.4,6.5,3.7,1.0,1720560,3685514,-0.020872,test
2017,market,Sean Kilpatrick,BKN,SG,27,70,25.1,13.1,4.0,2.2,980431,4873233,-0.04135,train
2017,production,Sean Kilpatrick,BKN,SG,27,70,25.1,13.1,4.0,2.2,980431,2393106,-0.015006,train
2017,market,Semaj Christon,OKC,PG,24,64,15.2,2.9,1.4,2.0,543471,1058526,-0.005471,train
2017,production,Semaj Christon,OKC,PG,24,64,15.2,2.9,1.4,2.0,543471,1828624,-0.013651,train
2017,market,Serge Ibaka,TOR,PF,27,79,30.7,14.8,6.8,0.9,12250000,13935947,-0.017908,train
2017,production,Serge Ibaka,TOR,PF,27,79,30.7,14.8,6.8,0.9,12250000,13858400,-0.017085,train
2017,market,Sergio Rodriguez,PHI,PG,30,68,22.3,7.8,2.3,5.1,8000000,7633562,0.003892,train
2017,production,Sergio Rodriguez,PHI,PG,30,68,22.3,7.8,2.3,5.1,8000000,6630320,0.014549,train
2017,market,Seth Curry,DAL,PG,26,70,29.0,12.8,2.6,2.7,2898000,4132159,-0.013109,train
2017,production,Seth Curry,DAL,PG,26,70,29.0,12.8,2.6,2.7,2898000,4516586,-0.017193,train
2017,market,Shabazz Muhammad,MIN,SF,24,78,19.4,9.9,2.8,0.4,3046299,3528081,-0.005118,train
2017,production,Shabazz Muhammad,MIN,SF,24,78,19.4,9.9,2.8,0.4,3046299,3812236,-0.008136,train
2017,market,Shaun Livingston,GSW,PG,31,76,17.7,5.1,2.0,1.8,5782450,5559267,0.002371,train
2017,production,Shaun Livingston,GSW,PG,31,76,17.7,5.1,2.0,1.8,5782450,5499739,0.003003,train
2017,market,Shelvin Mack,UTA,PG,26,55,21.9,7.8,2.3,2.8,2433334,2945877,-0.005444,train
2017,production,Shelvin Mack,UTA,PG,26,55,21.9,7.8,2.3,2.8,2433334,3586947,-0.012254,train
2017,market,Solomon Hill,NOP,SF,25,80,29.7,7.0,3.8,1.8,11241218,7005025,0.044997,test
2017,production,Solomon Hill,NOP,SF,25,80,29.7,7.0,3.8,1.8,11241218,8006131,0.034364,test
2017,market,Spencer Dinwiddie,BKN,PG,23,59,22.6,7.3,2.8,3.1,726672,1110865,-0.004081,train
2017,production,Spencer Dinwiddie,BKN,PG,23,59,22.6,7.3,2.8,3.1,726672,2177464,-0.015411,train
2017,market,Stanley Johnson,DET,SF,20,77,17.8,4.4,2.5,1.4,2969880,3430869,-0.004897,test
2017,production,Stanley Johnson,DET,SF,20,77,17.8,4.4,2.5,1.4,2969880,4081410,-0.011807,test
2017,market,Stephen Curry,GSW,PG,28,79,33.4,25.3,4.5,6.6,12112359,14898550,-0.029595,train
2017,production,Stephen Curry,GSW,PG,28,79,33.4,25.3,4.5,6.6,12112359,16864682,-0.05048,train
2017,market,Steven Adams,OKC,C,23,80,29.9,11.3,7.7,1.1,3140517,6751182,-0.038353,test
2017,production,Steven Adams,OKC,C,23,80,29.9,11.3,7.7,1.1,3140517,10642336,-0.079685,test
2017,market,T.J. McConnell,PHI,PG,24,81,26.3,6.9,3.1,6.6,874636,2958866,-0.022139,train
2017,production,T.J. McConnell,PHI,PG,24,81,26.3,6.9,3.1,6.6,874636,3549241,-0.02841,train
2017,market,T.J. Warren,PHX,SF,23,66,31.0,14.4,5.1,1.1,2128920,4213871,-0.022147,train
2017,production,T.J. Warren,PHX,SF,23,66,31.0,14.4,5.1,1.1,2128920,4181420,-0.021802,train
2017,market,Taj Gibson,OKC,PF,31,78,25.5,10.8,6.2,0.9,8950000,10099349,-0.012209,train
2017,production,Taj Gibson,OKC,PF,31,78,25.5,10.8,6.2,0.9,8950000,9247460,-0.00316,train
2017,market,Tarik Black,LAL,C,25,67,16.3,5.7,5.1,0.6,6191000,5008922,0.012556,train
2017,production,Tarik Black,LAL,C,25,67,16.3,5.7,5.1,0.6,6191000,5243940,0.01006,train
2017,market,Taurean Prince,ATL,SF,22,59,16.6,5.7,2.7,0.9,2318280,2165071,0.001627,train
2017,production,Taurean Prince,ATL,SF,22,59,16.6,5.7,2.7,0.9,2318280,2524231,-0.002188,train
2017,market,Terrence Ross,ORL,SF,25,78,25.1,11.0,2.6,1.1,10000000,5444606,0.048388,test
2017,production,Terrence Ross,ORL,SF,25,78,25.1,11.0,2.6,1.1,10000000,6998381,0.031884,test
2017,market,Terry Rozier,BOS,PG,22,74,17.1,5.5,3.1,1.8,1906440,2304182,-0.004225,train
2017,production,Terry Rozier,BOS,PG,22,74,17.1,5.5,3.1,1.8,1906440,3283109,-0.014623,train
2017,market,Thabo Sefolosha,ATL,SF,32,62,25.7,7.2,4.4,1.7,3850000,9484707,-0.059853,test
2017,production,Thabo Sefolosha,ATL,SF,32,62,25.7,7.2,4.4,1.7,3850000,7613363,-0.039975,test
2017,market,Thaddeus Young,IND,PF,28,74,30.2,11.0,6.1,1.6,14153652,13285723,0.009219,train
2017,production,Thaddeus Young,IND,PF,28,74,30.2,11.0,6.1,1.6,14153652,12117479,0.021629,train
2017,market,Thon Maker,MIL,C,19,57,9.9,4.0,2.0,0.4,2568600,2506912,0.000655,train
2017,production,Thon Maker,MIL,C,19,57,9.9,4.0,2.0,0.4,2568600,2376524,0.00204,train
2017,market,Tim Frazier,NOP,PG,26,65,23.5,7.1,2.7,5.2,2090000,3403358,-0.013951,train
2017,production,Tim Frazier,NOP,PG,26,65,23.5,7.1,2.7,5.2,2090000,2347412,-0.002734,train
2017,market,Tim Hardaway Jr.,ATL,SG,24,79,27.3,14.5,2.8,2.3,2281605,3215730,-0.009922,train
2017,production,Tim Hardaway Jr.,ATL,SG,24,79,27.3,14.5,2.8,2.3,2281605,3317280,-0.011001,train
2017,market,Timothe Luwawu-Cabarrot,PHI,SF,21,69,17.2,6.4,2.2,1.1,1326960,1977825,-0.006914,train
2017,production,Timothe Luwawu-Cabarrot,PHI,SF,21,69,17.2,6.4,2.2,1.1,1326960,2082507,-0.008026,train
2017,market,Tobias Harris,DET,PF,24,82,31.3,16.1,5.1,1.7,17200000,10466118,0.071528,test
2017,production,Tobias Harris,DET,PF,24,82,31.3,16.1,5.1,1.7,17200000,9094629,0.086096,test
2017,market,Tomas Satoransky,WAS,SG,25,57,12.6,2.7,1.5,1.6,2870813,1476838,0.014807,test
2017,production,Tomas Satoransky,WAS,SG,25,57,12.6,2.7,1.5,1.6,2870813,1827746,0.01108,test
2017,market,Tony Allen,MEM,SG,35,71,27.0,9.1,5.5,1.4,5505618,10974077,-0.058087,test
2017,production,Tony Allen,MEM,SG,35,71,27.0,9.1,5.5,1.4,5505618,7587734,-0.022117,test
2017,market,Tony Parker,SAS,PG,34,63,25.2,10.1,1.8,4.5,14445313,8567393,0.062436,test
2017,production,Tony Parker,SAS,PG,34,63,25.2,10.1,1.8,4.5,14445313,5833670,0.091474,test
2017,market,Tony Snell,MIL,SG,25,80,29.2,8.5,3.1,1.2,2368327,5988096,-0.03845,test
2017,production,Tony Snell,MIL,SG,25,80,29.2,8.5,3.1,1.2,2368327,8084154,-0.060714,test
2017,market,Trevor Booker,BKN,PF,29,71,24.7,10.0,8.0,1.9,9250000,9231845,0.000193,train
2017,production,Trevor Booker,BKN,PF,29,71,24.7,10.0,8.0,1.9,9250000,7966358,0.013635,train
2017,market,Trey Burke,WAS,PG,24,57,12.3,5.0,0.8,1.8,3386598,3110636,0.002931,train
2017,production,Trey Burke,WAS,PG,24,57,12.3,5.0,0.8,1.8,3386598,3299081,0.00093,train
2017,market,Trey Lyles,UTA,PF,21,71,16.3,6.2,3.3,1.0,2340600,2368524,-0.000297,test
2017,production,Trey Lyles,UTA,PF,21,71,16.3,6.2,3.3,1.0,2340600,3798780,-0.015489,test
2017,market,Tristan Thompson,CLE,C,25,78,29.9,8.1,9.2,1.0,15330435,12923326,0.025569,test
2017,production,Tristan Thompson,CLE,C,25,78,29.9,8.1,9.2,1.0,15330435,12062109,0.034717,test
2017,market,Troy Daniels,MEM,SG,25,67,17.7,8.2,1.5,0.7,3332940,3722233,-0.004135,test
2017,production,Troy Daniels,MEM,SG,25,67,17.7,8.2,1.5,0.7,3332940,6092984,-0.029318,test
2017,market,Ty Lawson,SAC,PG,29,69,25.1,9.9,2.6,4.8,980431,8721080,-0.082222,test
2017,production,Ty Lawson,SAC,PG,29,69,25.1,9.9,2.6,4.8,980431,5952775,-0.052817,test
2017,market,Tyler Johnson,MIA,PG,24,73,29.8,13.7,4.0,3.2,5628000,6962326,-0.014173,train
2017,production,Tyler Johnson,MIA,PG,24,73,29.8,13.7,4.0,3.2,5628000,7010579,-0.014686,train
2017,market,Tyler Ulis,PHX,PG,21,61,18.4,7.3,1.6,3.7,918369,1874681,-0.010158,train
2017,production,Tyler Ulis,PHX,PG,21,61,18.4,7.3,1.6,3.7,918369,1912620,-0.010561,train
2017,market,Tyus Jones,MIN,PG,20,60,12.9,3.5,1.1,2.6,1339680,1480622,-0.001497,train
2017,production,Tyus Jones,MIN,PG,20,60,12.9,3.5,1.1,2.6,1339680,1504573,-0.001752,train
2017,market,Victor Oladipo,OKC,SG,24,67,33.2,15.9,4.3,2.6,6552961,9085762,-0.026904,train
2017,production,Victor Oladipo,OKC,SG,24,67,33.2,15.9,4.3,2.6,6552961,7117731,-0.005999,train
2017,market,Vince Carter,MEM,SF,40,73,24.6,8.0,3.1,1.8,4264057,5546117,-0.013618,train
2017,production,Vince Carter,MEM,SF,40,73,24.6,8.0,3.1,1.8,4264057,4495636,-0.00246,train
2017,market,Wayne Ellington,MIA,SG,29,62,24.2,10.5,2.1,1.1,6000000,6715108,-0.007596,train
2017,production,Wayne Ellington,MIA,SG,29,62,24.2,10.5,2.1,1.1,6000000,6101532,-0.001078,train
2017,market,Wesley Johnson,LAC,SF,29,68,11.9,2.7,2.7,0.3,5628000,5099956,0.005609,train
2017,production,Wesley Johnson,LAC,SF,29,68,11.9,2.7,2.7,0.3,5628000,4172192,0.015464,train
2017,market,Wesley Matthews,DAL,SG,30,73,34.2,13.5,3.5,2.9,17145838,16157626,0.010497,train
2017,production,Wesley Matthews,DAL,SG,30,73,34.2,13.5,3.5,2.9,17145838,15045481,0.02231,train
2017,market,Will Barton,DEN,SG,26,60,28.4,13.7,4.3,3.4,3533333,5599337,-0.021945,train
2017,production,Will Barton,DEN,SG,26,60,28.4,13.7,4.3,3.4,3533333,4460788,-0.009852,train
2017,market,Willie Cauley-Stein,SAC,C,23,75,18.9,8.1,4.5,1.1,3551160,3240412,0.003301,train
2017,production,Willie Cauley-Stein,SAC,C,23,75,18.9,8.1,4.5,1.1,3551160,3794804,-0.002588,train
2017,market,Willie Reed,MIA,C,26,71,14.5,5.3,4.7,0.4,1015696,1972884,-0.010167,train
2017,production,Willie Reed,MIA,C,26,71,14.5,5.3,4.7,0.4,1015696,1916405,-0.009567,train
2017,market,Willy Hernangomez,NYK,C,22,72,18.4,8.2,7.0,1.3,1350000,2182572,-0.008844,train
2017,production,Willy Hernangomez,NYK,C,22,72,18.4,8.2,7.0,1.3,1350000,2223693,-0.00928,train
2017,market,Wilson Chandler,DEN,SF,29,71,30.9,15.7,6.5,2.0,11233146,11317066,-0.000891,train
2017,production,Wilson Chandler,DEN,SF,29,71,30.9,15.7,6.5,2.0,11233146,9990253,0.013202,train
2017,market,Zach Randolph,MEM,PF,35,73,24.5,14.1,8.2,1.7,10361445,11233908,-0.009267,train
2017,production,Zach Randolph,MEM,PF,35,73,24.5,14.1,8.2,1.7,10361445,9540585,0.008719,train
2017,market,Zaza Pachulia,GSW,C,32,70,18.1,6.1,5.9,1.9,2898000,7374856,-0.047554,test
2017,production,Zaza Pachulia,GSW,C,32,70,18.1,6.1,5.9,1.9,2898000,6245651,-0.035559,test
2018,market,Al Horford,BOS,C,31,72,31.6,12.9,7.4,4.7,27734406,24267507,0.034986,train
2018,production,Al Horford,BOS,C,31,72,31.6,12.9,7.4,4.7,27734406,23607455,0.041647,train
2018,market,Al-Farouq Aminu,POR,PF,27,69,30.0,9.3,7.6,1.2,7319035,9032025,-0.017287,train
2018,production,Al-Farouq Aminu,POR,PF,27,69,30.0,9.3,7.6,1.2,7319035,7960966,-0.006478,train
2018,market,Alec Burks,UTA,SG,26,64,16.5,7.7,3.0,1.0,10845506,8958995,0.019038,train
2018,production,Alec Burks,UTA,SG,26,64,16.5,7.7,3.0,1.0,10845506,8352493,0.025158,train
2018,market,Alex Abrines,OKC,SG,24,75,15.1,4.7,1.5,0.4,5725000,4589363,0.01146,train
2018,production,Alex Abrines,OKC,SG,24,75,15.1,4.7,1.5,0.4,5725000,5261025,0.004682,train
2018,market,Alex Len,PHX,C,24,69,20.2,8.5,7.5,1.2,4187599,4269698,-0.000829,train
2018,production,Alex Len,PHX,C,24,69,20.2,8.5,7.5,1.2,4187599,4880099,-0.006988,train
2018,market,Allen Crabbe,BKN,SG,25,75,29.3,13.2,4.3,1.6,18500000,15569562,0.029573,train
2018,production,Allen Crabbe,BKN,SG,25,75,29.3,13.2,4.3,1.6,18500000,15824070,0.027004,train
2018,market,Andre Drummond,DET,C,24,78,33.7,15.0,16.0,3.0,25434263,23852370,0.015964,train
2018,production,Andre Drummond,DET,C,24,78,33.7,15.0,16.0,3.0,25434263,22099985,0.033648,train
2018,market,Andre Iguodala,GSW,SF,34,64,25.3,6.0,3.8,3.3,14814815,13229291,0.016,train
2018,production,Andre Iguodala,GSW,SF,34,64,25.3,6.0,3.8,3.3,14814815,12721943,0.02112,train
2018,market,Andrew Harrison,MEM,PG,23,56,23.7,9.5,2.3,3.2,1312611,2029754,-0.007237,train
2018,production,Andrew Harrison,MEM,PG,23,56,23.7,9.5,2.3,3.2,1312611,2313539,-0.010101,train
2018,market,Andrew Wiggins,MIN,SF,22,82,36.3,17.7,4.4,2.0,7574323,7876316,-0.003048,train
2018,production,Andrew Wiggins,MIN,SF,22,82,36.3,17.7,4.4,2.0,7574323,11159909,-0.036184,train
2018,market,Anthony Davis,NOP,PF,24,75,36.4,28.1,11.1,2.3,23775506,23568645,0.002088,train
2018,production,Anthony Davis,NOP,PF,24,75,36.4,28.1,11.1,2.3,23775506,24680549,-0.009133,train
2018,market,Anthony Tolliver,DET,PF,32,79,22.2,8.9,3.1,1.1,3290000,4423845,-0.011442,train
2018,production,Anthony Tolliver,DET,PF,32,79,22.2,8.9,3.1,1.1,3290000,4011337,-0.007279,train
2018,market,Austin Rivers,LAC,SG,25,61,33.7,15.1,2.4,4.0,12650000,12281970,0.003714,test
2018,production,Austin Rivers,LAC,SG,25,61,33.7,15.1,2.4,4.0,12650000,11920869,0.007358,test
2018,market,Bam Adebayo,MIA,C,20,69,19.8,6.9,5.5,1.5,2955840,3291830,-0.003391,train
2018,production,Bam Adebayo,MIA,C,20,69,19.8,6.9,5.5,1.5,2955840,3928730,-0.009818,train
2018,market,Ben McLemore,MEM,SG,24,56,19.5,7.5,2.5,0.9,5200000,4441407,0.007655,train
2018,production,Ben McLemore,MEM,SG,24,56,19.5,7.5,2.5,0.9,5200000,4399564,0.008078,train
2018,market,Ben Simmons,PHI,PG,21,81,33.7,15.8,8.1,8.2,6434520,6929831,-0.004998,train
2018,production,Ben Simmons,PHI,PG,21,81,33.7,15.8,8.1,8.2,6434520,7480951,-0.01056,train
2018,market,Bismack Biyombo,ORL,C,25,82,18.2,5.7,5.7,0.8,17000000,5303083,0.11804,test
2018,production,Bismack Biyombo,ORL,C,25,82,18.2,5.7,5.7,0.8,17000000,5483589,0.116218,test
2018,market,Blake Griffin,DET,PF,28,58,34.0,21.4,7.4,5.8,32088932,30126063,0.019808,train
2018,production,Blake Griffin,DET,PF,28,58,34.0,21.4,7.4,5.8,32088932,27680720,0.044486,train
2018,market,Bobby Portis,CHI,PF,22,73,22.5,13.2,6.8,1.7,2494346,2895531,-0.004049,train
2018,production,Bobby Portis,CHI,PF,22,73,22.5,13.2,6.8,1.7,2494346,4553734,-0.020782,train
2018,market,Bogdan Bogdanovic,SAC,SG,25,78,27.9,11.8,2.9,3.3,9412280,7598486,0.018304,train
2018,production,Bogdan Bogdanovic,SAC,SG,25,78,27.9,11.8,2.9,3.3,9412280,8141484,0.012824,train
2018,market,Bojan Bogdanovic,IND,SF,28,80,30.8,14.3,3.4,1.5,10500000,11698728,-0.012097,train
2018,production,Bojan Bogdanovic,IND,SF,28,80,30.8,14.3,3.4,1.5,10500000,10228049,0.002744,train
2018,market,Bradley Beal,WAS,SG,24,82,36.3,22.6,4.4,4.5,25434263,22051131,0.034141,train
2018,production,Bradley Beal,WAS,SG,24,82,36.3,22.6,4.4,4.5,25434263,22062650,0.034025,train
2018,market,Brandon Ingram,LAL,SF,20,59,33.5,16.1,5.3,3.9,5519400,6347004,-0.008352,train
2018,production,Brandon Ingram,LAL,SF,20,59,33.5,16.1,5.3,3.9,5519400,9060606,-0.035736,train
2018,market,Brandon Paul,SAS,SG,26,64,9.0,2.3,1.1,0.6,815615,1330702,-0.005198,train
2018,production,Brandon Paul,SAS,SG,26,64,9.0,2.3,1.1,0.6,815615,1335711,-0.005249,train
2018,market,Brook Lopez,LAL,C,29,74,23.4,13.0,4.0,1.7,22642650,18373396,0.043083,train
2018,production,Brook Lopez,LAL,C,29,74,23.4,13.0,4.0,1.7,22642650,18022690,0.046622,train
2018,market,Bryn Forbes,SAS,SG,24,80,19.0,6.9,1.4,1.0,1312611,2091587,-0.007861,train
2018,production,Bryn Forbes,SAS,SG,24,80,19.0,6.9,1.4,1.0,1312611,1954118,-0.006474,train
2018,market,Buddy Hield,SAC,SG,25,80,25.3,13.5,3.8,1.9,3675480,4313746,-0.006441,train
2018,production,Buddy Hield,SAC,SG,25,80,25.3,13.5,3.8,1.9,3675480,5500018,-0.018412,train
2018,market,C.J. Miles,TOR,SF,30,70,19.1,10.0,2.2,0.8,7936509,6981536,0.009637,train
2018,production,C.J. Miles,TOR,SF,30,70,19.1,10.0,2.2,0.8,7936509,7020124,0.009248,train
2018,market,CJ McCollum,POR,SG,26,81,36.1,21.4,4.0,3.4,23962573,21522432,0.024625,train
2018,production,CJ McCollum,POR,SG,26,81,36.1,21.4,4.0,3.4,23962573,22559035,0.014164,train
2018,market,Caris LeVert,BKN,SF,23,71,26.3,12.1,3.7,4.2,1702800,2548478,-0.008534,train
2018,production,Caris LeVert,BKN,SF,23,71,26.3,12.1,3.7,4.2,1702800,3873757,-0.021908,train
2018,market,Carmelo Anthony,OKC,PF,33,78,32.1,16.2,5.8,1.3,26243760,22265974,0.040142,train
2018,production,Carmelo Anthony,OKC,PF,33,78,32.1,16.2,5.8,1.3,26243760,19880515,0.064215,train
2018,market,Cedi Osman,CLE,SF,22,61,11.0,3.9,2.0,0.7,2775000,2510748,0.002667,train
2018,production,Cedi Osman,CLE,SF,22,61,11.0,3.9,2.0,0.7,2775000,2545444,0.002317,train
2018,market,Chris Paul,HOU,PG,32,58,31.8,18.6,5.4,7.9,24599495,30039456,-0.054898,test
2018,production,Chris Paul,HOU,PG,32,58,31.8,18.6,5.4,7.9,24599495,27308204,-0.027335,test
2018,market,Clint Capela,HOU,C,23,74,27.5,13.9,10.8,0.9,2334528,3170998,-0.008441,train
2018,production,Clint Capela,HOU,C,23,74,27.5,13.9,10.8,0.9,2334528,6099710,-0.037996,train
2018,market,Corey Brewer,OKC,SF-SG,31,72,16.8,5.3,2.1,0.9,7579366,6479266,0.011102,train
2018,production,Corey Brewer,OKC,SF-SG,31,72,16.8,5.3,2.1,0.9,7579366,5929320,0.016651,train
2018,market,Cory Joseph,IND,PG,26,82,27.0,7.9,3.2,3.2,7945000,6500305,0.014579,train
2018,production,Cory Joseph,IND,PG,26,82,27.0,7.9,3.2,3.2,7945000,6178132,0.01783,train
2018,market,Courtney Lee,NYK,SG,32,76,30.4,12.0,2.9,2.4,12253780,12619169,-0.003687,train
2018,production,Courtney Lee,NYK,SG,32,76,30.4,12.0,2.9,2.4,12253780,11656787,0.006025,train
2018,market,Cristiano Felicio,CHI,C,25,55,17.8,5.6,4.2,1.0,8470980,5911752,0.025827,train
2018,production,Cristiano Felicio,CHI,C,25,55,17.8,5.6,4.2,1.0,8470980,7296660,0.011851,train
2018,market,Damian Lillard,POR,PG,27,73,36.6,26.9,4.5,6.6,26153057,25709231,0.004479,train
2018,production,Damian Lillard,POR,PG,27,73,36.6,26.9,4.5,6.6,26153057,25879926,0.002756,train
2018,market,Daniel Theis,BOS,C,25,63,14.9,5.3,4.3,0.9,815615,1864803,-0.010588,train
2018,production,Daniel Theis,BOS,C,25,63,14.9,5.3,4.3,0.9,815615,1977012,-0.01172,train
2018,market,Danny Green,SAS,SG,30,70,25.6,8.6,3.6,1.6,10000000,10247959,-0.002502,test
2018,production,Danny Green,SAS,SG,30,70,25.6,8.6,3.6,1.6,10000000,6619122,0.034118,test
2018,market,Dario Saric,PHI,PF,23,78,29.6,14.6,6.7,2.6,2526840,3617826,-0.01101,train
2018,production,Dario Saric,PHI,PF,23,78,29.6,14.6,6.7,2.6,2526840,6583059,-0.040933,train
2018,market,Darius Miller,NOP,SF,27,82,23.7,7.8,2.0,1.4,2100000,3970210,-0.018873,train
2018,production,Darius Miller,NOP,SF,27,82,23.7,7.8,2.0,1.4,2100000,3218328,-0.011286,train
2018,market,Darren Collison,IND,PG,30,69,29.2,12.4,2.6,5.3,10000000,10815546,-0.00823,train
2018,production,Darren Collison,IND,PG,30,69,29.2,12.4,2.6,5.3,10000000,9913028,0.000878,train
2018,market,David West,GSW,C,37,73,13.7,6.8,3.3,1.9,1471382,6568196,-0.051435,test
2018,production,David West,GSW,C,37,73,13.7,6.8,3.3,1.9,1471382,5078082,-0.036397,test
2018,market,Davis Bertans,SAS,PF,25,77,14.1,5.9,2.0,1.0,1312611,2109164,-0.008038,train
2018,production,Davis Bertans,SAS,PF,25,77,14.1,5.9,2.0,1.0,1312611,2506550,-0.012049,train
2018,market,De'Aaron Fox,SAC,PG,20,73,27.8,11.6,2.8,4.4,4609200,4514649,0.000954,train
2018,production,De'Aaron Fox,SAC,PG,20,73,27.8,11.6,2.8,4.4,4609200,5405394,-0.008035,train
2018,market,DeAndre Jordan,LAC,C,29,77,31.5,12.0,15.2,1.5,22642350,22211763,0.004345,train
2018,production,DeAndre Jordan,LAC,C,29,77,31.5,12.0,15.2,1.5,22642350,20313964,0.023497,train
2018,market,DeAndre Liggins,NOP,SG,29,58,12.5,1.7,1.3,0.8,588120,1839913,-0.012633,train
2018,production,DeAndre Liggins,NOP,SG,29,58,12.5,1.7,1.3,0.8,588120,1450041,-0.008698,train
2018,market,DeMar DeRozan,TOR,SG,28,80,33.9,23.0,3.9,5.2,27739975,20741708,0.070623,test
2018,production,DeMar DeRozan,TOR,SG,28,80,33.9,23.0,3.9,5.2,27739975,14535825,0.13325,test
2018,market,DeMarre Carroll,BKN,PF,31,73,29.9,13.5,6.6,2.0,15400000,15598753,-0.002006,train
2018,production,DeMarre Carroll,BKN,PF,31,73,29.9,13.5,6.6,2.0,15400000,12808172,0.026156,train
2018,market,Dejounte Murray,SAS,PG,21,81,21.5,8.1,5.7,2.9,1312611,2225520,-0.009213,train
2018,production,Dejounte Murray,SAS,PG,21,81,21.5,8.1,5.7,2.9,1312611,3108225,-0.01812,train
2018,market,Delon Wright,TOR,PG,25,69,20.8,8.0,2.9,2.9,2536898,3372863,-0.008436,test
2018,production,Delon Wright,TOR,PG,25,69,20.8,8.0,2.9,2.9,2536898,4824203,-0.023082,test
2018,market,Dennis Schroder,ATL,PG,24,67,31.0,19.4,3.1,6.2,15500000,21633295,-0.061894,test
2018,production,Dennis Schroder,ATL,PG,24,67,31.0,19.4,3.1,6.2,15500000,15772798,-0.002753,test
2018,market,Dennis Smith Jr.,DAL,PG,20,69,29.7,15.2,3.8,5.2,3218280,4391445,-0.011839,train
2018,production,Dennis Smith Jr.,DAL,PG,20,69,29.7,15.2,3.8,5.2,3218280,5984826,-0.027919,train
2018,market,Denzel Valentine,CHI,SG,24,77,27.2,10.2,5.1,3.2,2280600,2761082,-0.004849,train
2018,production,Denzel Valentine,CHI,SG,24,77,27.2,10.2,5.1,3.2,2280600,2929344,-0.006547,train
2018,market,Derrick Favors,UTA,C,26,77,28.0,12.3,7.2,1.3,12000000,11562592,0.004414,train
2018,production,Derrick Favors,UTA,C,26,77,28.0,12.3,7.2,1.3,12000000,11205839,0.008014,train
2018,market,Devin Harris,DEN,PG,34,71,18.9,8.4,1.8,2.1,4402546,4291408,0.001122,train
2018,production,Devin Harris,DEN,PG,34,71,18.9,8.4,1.8,2.1,4402546,3737562,0.006711,train
2018,market,Dewayne Dedmon,ATL,C,28,62,24.9,10.0,7.9,1.5,7200000,7980080,-0.007872,train
2018,production,Dewayne Dedmon,ATL,C,28,62,24.9,10.0,7.9,1.5,7200000,7168288,0.00032,train
2018,market,Deyonta Davis,MEM,C,21,62,15.2,5.8,4.0,0.6,1312611,1702756,-0.003937,train
2018,production,Deyonta Davis,MEM,C,21,62,15.2,5.8,4.0,0.6,1312611,1980103,-0.006736,train
2018,market,Dillon Brooks,MEM,SF,22,82,28.7,11.0,3.1,1.6,815615,2532063,-0.017322,train
2018,production,Dillon Brooks,MEM,SF,22,82,28.7,11.0,3.1,1.6,815615,3752725,-0.02964,train
2018,market,Dirk Nowitzki,DAL,C,39,77,24.7,12.0,5.7,1.6,5000000,9565777,-0.046076,train
2018,production,Dirk Nowitzki,DAL,C,39,77,24.7,12.0,5.7,1.6,5000000,6303563,-0.013155,train
2018,market,Domantas Sabonis,IND,C,21,74,24.5,11.6,7.7,2.0,2659800,3296424,-0.006425,train
2018,production,Domantas Sabonis,IND,C,21,74,24.5,11.6,7.7,2.0,2659800,4335996,-0.016915,train
2018,market,Donovan Mitchell,UTA,SG,21,79,33.4,20.5,3.7,3.7,2621280,3901586,-0.01292,train
2018,production,Donovan Mitchell,UTA,SG,21,79,33.4,20.5,3.7,3.7,2621280,6593960,-0.04009,train
2018,market,Doug McDermott,DAL,SF,26,81,21.8,7.8,2.5,1.0,3294994,3514261,-0.002213,train
2018,production,Doug McDermott,DAL,SF,26,81,21.8,7.8,2.5,1.0,3294994,3451379,-0.001578,train
2018,market,Dragan Bender,PHX,PF,20,82,25.2,6.5,4.4,1.6,4468800,4477441,-8.7e-05,train
2018,production,Dragan Bender,PHX,PF,20,82,25.2,6.5,4.4,1.6,4468800,5846490,-0.013903,train
2018,market,Draymond Green,GSW,PF,27,70,32.7,11.0,7.6,7.3,17469565,17214870,0.00257,train
2018,production,Draymond Green,GSW,PF,27,70,32.7,11.0,7.6,7.3,17469565,18404832,-0.009438,train
2018,market,Dwight Howard,CHA,C,32,81,30.4,16.6,12.5,1.3,23819725,23718504,0.001021,train
2018,production,Dwight Howard,CHA,C,32,81,30.4,16.6,12.5,1.3,23819725,21670167,0.021692,train
2018,market,Dwight Powell,DAL,C,26,79,21.2,8.5,5.6,1.2,9003125,3906221,0.051436,test
2018,production,Dwight Powell,DAL,C,26,79,21.2,8.5,5.6,1.2,9003125,3462479,0.055914,test
2018,market,E'Twaun Moore,NOP,SG,28,82,31.5,12.5,2.9,2.3,8445024,9505426,-0.010701,train
2018,production,E'Twaun Moore,NOP,SG,28,82,31.5,12.5,2.9,2.3,8445024,8321269,0.001249,train
2018,market,Ed Davis,POR,C,28,78,18.9,5.3,7.4,0.5,6352531,6686482,-0.00337,train
2018,production,Ed Davis,POR,C,28,78,18.9,5.3,7.4,0.5,6352531,6325847,0.000269,train
2018,market,Ekpe Udoh,UTA,C,30,63,12.9,2.6,2.4,0.8,3200000,3668467,-0.004728,train
2018,production,Ekpe Udoh,UTA,C,30,63,12.9,2.6,2.4,0.8,3200000,3096051,0.001049,train
2018,market,Elfrid Payton,PHX,PG,23,63,28.7,12.7,4.3,6.2,3332340,4023597,-0.006976,train
2018,production,Elfrid Payton,PHX,PG,23,63,28.7,12.7,4.3,6.2,3332340,4607663,-0.01287,train
2018,market,Emmanuel Mudiay,NYK,PG,21,64,19.5,8.6,2.4,3.2,4294480,3664848,0.006354,train
2018,production,Emmanuel Mudiay,NYK,PG,21,64,19.5,8.6,2.4,3.2,4294480,3888988,0.004092,train
2018,market,Eric Bledsoe,MIL,PG,28,74,31.4,17.7,3.8,5.0,15000000,16721010,-0.017368,train
2018,production,Eric Bledsoe,MIL,PG,28,74,31.4,17.7,3.8,5.0,15000000,15754046,-0.007609,train
2018,market,Eric Gordon,HOU,SG,29,69,31.2,18.0,2.5,2.2,12943020,15441059,-0.025209,test
2018,production,Eric Gordon,HOU,SG,29,69,31.2,18.0,2.5,2.2,12943020,11330020,0.016278,test
2018,market,Eric Moreland,DET,PF,26,67,12.0,2.1,4.1,1.2,1826300,2470439,-0.0065,train
2018,production,Eric Moreland,DET,PF,26,67,12.0,2.1,4.1,1.2,1826300,2633629,-0.008147,train
2018,market,Evan Fournier,ORL,SF,25,57,32.2,17.8,3.2,2.9,17000000,17111878,-0.001129,train
2018,production,Evan Fournier,ORL,SF,25,57,32.2,17.8,3.2,2.9,17000000,14841326,0.021784,train
2018,market,Evan Turner,POR,SF,29,79,25.7,8.2,3.1,2.2,17131148,13819727,0.033417,train
2018,production,Evan Turner,POR,SF,29,79,25.7,8.2,3.1,2.2,17131148,12606378,0.045662,train
2018,market,Frank Kaminsky,CHA,PF,24,79,23.2,11.1,3.6,1.6,3627842,4260724,-0.006387,train
2018,production,Frank Kaminsky,CHA,PF,24,79,23.2,11.1,3.6,1.6,3627842,4449562,-0.008292,train
2018,market,Frank Ntilikina,NYK,PG,19,78,21.9,5.9,2.3,3.2,4155720,3917940,0.0024,train
2018,production,Frank Ntilikina,NYK,PG,19,78,21.9,5.9,2.3,3.2,4155720,4757520,-0.006073,train
2018,market,Garrett Temple,SAC,SG,31,65,24.8,8.4,2.3,1.9,8000000,7615477,0.00388,test
2018,production,Garrett Temple,SAC,SG,31,65,24.8,8.4,2.3,1.9,8000000,5783816,0.022365,test
2018,market,Gary Harris,DEN,SG,23,67,34.4,17.5,2.6,2.9,2550055,4047144,-0.015108,train
2018,production,Gary Harris,DEN,SG,23,67,34.4,17.5,2.6,2.9,2550055,7599446,-0.050956,train
2018,market,George Hill,CLE,PG,31,67,27.0,10.0,2.7,2.8,19000000,14895278,0.041423,train
2018,production,George Hill,CLE,PG,31,67,27.0,10.0,2.7,2.8,19000000,14605115,0.044351,train
2018,market,Giannis Antetokounmpo,MIL,PF,23,75,36.7,26.9,10.0,4.8,24157303,16721861,0.075035,test
2018,production,Giannis Antetokounmpo,MIL,PF,23,75,36.7,26.9,10.0,4.8,24157303,25513263,-0.013684,test
2018,market,Goran Dragic,MIA,PG,31,75,31.7,17.3,4.1,4.8,18109175,19224448,-0.011255,train
2018,production,Goran Dragic,MIA,PG,31,75,31.7,17.3,4.1,4.8,18109175,14402769,0.037403,train
2018,market,Gorgui Dieng,MIN,C,28,79,16.9,5.9,4.6,0.9,14112360,11205813,0.029332,train
2018,production,Gorgui Dieng,MIN,C,28,79,16.9,5.9,4.6,0.9,14112360,10848726,0.032935,train
2018,market,Harrison Barnes,DAL,PF,25,77,34.2,18.9,6.1,2.0,23112004,21252237,0.018768,train
2018,production,Harrison Barnes,DAL,PF,25,77,34.2,18.9,6.1,2.0,23112004,20323932,0.028136,train
2018,market,Ian Clark,NOP,SG,26,74,19.7,7.4,1.7,1.5,1471382,2206790,-0.007421,train
2018,production,Ian Clark,NOP,SG,26,74,19.7,7.4,1.7,1.5,1471382,2722828,-0.012629,train
2018,market,Ian Mahinmi,WAS,C,31,77,14.9,4.8,4.1,0.7,15944154,12021778,0.039583,train
2018,production,Ian Mahinmi,WAS,C,31,77,14.9,4.8,4.1,0.7,15944154,11231581,0.047557,train
2018,market,Isaiah Taylor,ATL,PG,23,67,17.4,6.6,1.4,3.1,1544951,2351067,-0.008135,test
2018,production,Isaiah Taylor,ATL,PG,23,67,17.4,6.6,1.4,3.1,1544951,3467245,-0.019399,test
2018,market,Ish Smith,DET,PG,29,82,24.9,10.9,2.7,4.4,6000000,6444865,-0.004489,train
2018,production,Ish Smith,DET,PG,29,82,24.9,10.9,2.7,4.4,6000000,5636828,0.003665,train
2018,market,JaMychal Green,MEM,PF,27,55,28.0,10.3,8.4,1.4,8533333,9980989,-0.014609,train
2018,production,JaMychal Green,MEM,PF,27,55,28.0,10.3,8.4,1.4,8533333,8272089,0.002636,train
2018,market,JaVale McGee,GSW,C,30,65,9.5,4.8,2.6,0.5,1471382,2376733,-0.009136,train
2018,production,JaVale McGee,GSW,C,30,65,9.5,4.8,2.6,0.5,1471382,1784791,-0.003163,train
2018,market,Jae Crowder,UTA,SF,27,80,26.1,9.7,3.4,1.2,6796117,6804100,-8.1e-05,train
2018,production,Jae Crowder,UTA,SF,27,80,26.1,9.7,3.4,1.2,6796117,5934659,0.008693,train
2018,market,Jakob Poeltl,TOR,C,22,82,18.6,6.9,4.8,0.7,2947320,3366445,-0.00423,test
2018,production,Jakob Poeltl,TOR,C,22,82,18.6,6.9,4.8,0.7,2947320,5337197,-0.024118,test
2018,market,Jamal Crawford,MIN,SG,37,80,20.7,10.3,1.2,2.3,4328000,5180302,-0.008601,train
2018,production,Jamal Crawford,MIN,SG,37,80,20.7,10.3,1.2,2.3,4328000,4793408,-0.004697,train
2018,market,Jamal Murray,DEN,PG,20,81,31.7,16.7,3.7,3.4,3355320,4866002,-0.015245,test
2018,production,Jamal Murray,DEN,PG,20,81,31.7,16.7,3.7,3.4,3355320,10066530,-0.067726,test
2018,market,James Harden,HOU,SG,28,72,35.4,30.4,5.4,8.8,28299399,27560578,0.007456,test
2018,production,James Harden,HOU,SG,28,72,35.4,30.4,5.4,8.8,28299399,24260144,0.040762,test
2018,market,James Johnson,MIA,PF,30,73,26.6,10.8,4.9,3.8,14651700,13160577,0.015048,train
2018,production,James Johnson,MIA,PF,30,73,26.6,10.8,4.9,3.8,14651700,11918678,0.02758,train
2018,market,Jarell Martin,MEM,PF,23,73,22.8,7.7,4.4,1.0,1471382,1888437,-0.004209,train
2018,production,Jarell Martin,MEM,PF,23,73,22.8,7.7,4.4,1.0,1471382,2270759,-0.008067,train
2018,market,Jarrett Allen,BKN,C,19,72,20.0,8.2,5.4,0.7,2034120,2691578,-0.006635,train
2018,production,Jarrett Allen,BKN,C,19,72,20.0,8.2,5.4,0.7,2034120,2576469,-0.005473,train
2018,market,Jaylen Brown,BOS,SG,21,70,30.7,14.5,4.9,1.6,4956480,4974525,-0.000182,train
2018,production,Jaylen Brown,BOS,SG,21,70,30.7,14.5,4.9,1.6,4956480,8002934,-0.030743,train
2018,market,Jayson Tatum,BOS,SF,19,80,30.5,13.9,5.0,1.6,5645400,5805736,-0.001618,train
2018,production,Jayson Tatum,BOS,SF,19,80,30.5,13.9,5.0,1.6,5645400,7777752,-0.021519,train
2018,market,Jeff Teague,MIN,PG,29,70,33.0,14.2,3.0,7.0,19000000,17309570,0.017059,train
2018,production,Jeff Teague,MIN,PG,29,70,33.0,14.2,3.0,7.0,19000000,18011381,0.009977,train
2018,market,Jerami Grant,OKC,PF,23,81,20.3,8.4,3.9,0.7,1524305,1938141,-0.004176,train
2018,production,Jerami Grant,OKC,PF,23,81,20.3,8.4,3.9,0.7,1524305,2836720,-0.013244,train
2018,market,Jeremy Lamb,CHA,SG,25,80,24.6,12.9,4.1,2.3,7488372,7236519,0.002542,train
2018,production,Jeremy Lamb,CHA,SG,25,80,24.6,12.9,4.1,2.3,7488372,7838470,-0.003533,train
2018,market,Jerian Grant,CHI,PG,25,74,22.8,8.4,2.3,4.6,2639314,2934323,-0.002977,train
2018,production,Jerian Grant,CHI,PG,25,74,22.8,8.4,2.3,4.6,2639314,2883776,-0.002467,train
2018,market,Jimmy Butler,MIN,SG,28,59,36.7,22.2,5.3,4.9,19301070,24447972,-0.05194,test
2018,production,Jimmy Butler,MIN,SG,28,59,36.7,22.2,5.3,4.9,19301070,23864514,-0.046052,test
2018,market,Jodie Meeks,WAS,SG,30,77,14.5,6.3,1.6,0.9,3454500,4137246,-0.00689,test
2018,production,Jodie Meeks,WAS,SG,30,77,14.5,6.3,1.6,0.9,3454500,3533039,-0.000793,test
2018,market,Joe Ingles,UTA,SF,30,82,31.4,11.5,4.2,4.8,14136364,13324228,0.008196,test
2018,production,Joe Ingles,UTA,SF,30,82,31.4,11.5,4.2,4.8,14136364,12700129,0.014494,test
2018,market,Joe Johnson,HOU,SF,36,55,21.9,6.8,3.1,1.5,473835,3711610,-0.032674,train
2018,production,Joe Johnson,HOU,SF,36,55,21.9,6.8,3.1,1.5,473835,2457940,-0.020023,train
2018,market,Joel Embiid,PHI,C,23,63,30.3,22.9,11.0,3.2,25250000,20591902,0.047007,train
2018,production,Joel Embiid,PHI,C,23,63,30.3,22.9,11.0,3.2,25250000,23183214,0.020857,train
2018,market,Joffrey Lauvergne,SAS,C,26,55,9.7,4.1,3.1,0.7,1524305,2407810,-0.008916,test
2018,production,Joffrey Lauvergne,SAS,C,26,55,9.7,4.1,3.1,0.7,1524305,2332181,-0.008153,test
2018,market,John Collins,ATL,PF,20,74,24.1,10.5,7.3,1.3,2299080,2876897,-0.005831,train
2018,production,John Collins,ATL,PF,20,74,24.1,10.5,7.3,1.3,2299080,3802507,-0.015172,train
2018,market,John Henson,MIL,C,27,76,25.9,8.8,6.8,1.5,11327466,13247098,-0.019372,test
2018,production,John Henson,MIL,C,27,76,25.9,8.8,6.8,1.5,11327466,9220801,0.021259,test
2018,market,Jonas Jerebko,UTA,PF,30,74,15.3,5.8,3.3,0.6,4000000,4091769,-0.000926,train
2018,production,Jonas Jerebko,UTA,PF,30,74,15.3,5.8,3.3,0.6,4000000,3833420,0.001681,train
2018,market,Jonas Valanciunas,TOR,C,25,77,22.4,12.7,8.6,1.1,16539326,9134300,0.074728,test
2018,production,Jonas Valanciunas,TOR,C,25,77,22.4,12.7,8.6,1.1,16539326,13273423,0.032958,test
2018,market,Jonathon Simmons,ORL,SG,28,69,29.4,13.9,3.5,2.5,6000000,12390621,-0.064491,test
2018,production,Jonathon Simmons,ORL,SG,28,69,29.4,13.9,3.5,2.5,6000000,9259594,-0.032894,test
2018,market,Jordan Bell,GSW,C,23,57,14.2,4.6,3.6,1.8,1378242,1496070,-0.001189,train
2018,production,Jordan Bell,GSW,C,23,57,14.2,4.6,3.6,1.8,1378242,1777504,-0.004029,train
2018,market,Jordan Clarkson,CLE,SG,25,81,23.3,13.9,2.7,2.7,12500000,9526524,0.030007,train
2018,production,Jordan Clarkson,CLE,SG,25,81,23.3,13.9,2.7,2.7,12500000,11134415,0.013781,train
2018,market,Josh Hart,LAL,SG,22,63,23.2,7.9,4.2,1.3,1394520,1840360,-0.004499,train
2018,production,Josh Hart,LAL,SG,22,63,23.2,7.9,4.2,1.3,1394520,1879219,-0.004891,train
2018,market,Josh Huestis,OKC,PF,26,69,14.2,2.3,2.3,0.3,1471382,1878096,-0.004104,train
2018,production,Josh Huestis,OKC,PF,26,69,14.2,2.3,2.3,0.3,1471382,2136461,-0.006712,train
2018,market,Josh Jackson,PHX,SF,20,77,25.4,13.1,4.6,1.5,5090040,4776293,0.003166,test
2018,production,Josh Jackson,PHX,SF,20,77,25.4,13.1,4.6,1.5,5090040,6146442,-0.010661,test
2018,market,Josh Richardson,MIA,SF,24,81,33.2,12.9,3.5,2.9,9367200,9081912,0.002879,train
2018,production,Josh Richardson,MIA,SF,24,81,33.2,12.9,3.5,2.9,9367200,8954243,0.004167,train
2018,market,Jrue Holiday,NOP,SG,27,81,36.1,19.0,4.5,6.0,25686667,24134749,0.015661,train
2018,production,Jrue Holiday,NOP,SG,27,81,36.1,19.0,4.5,6.0,25686667,21598792,0.041253,train
2018,market,Julius Randle,LAL,C,23,82,26.7,16.1,8.0,2.6,4149242,4898873,-0.007565,train
2018,production,Julius Randle,LAL,C,23,82,26.7,16.1,8.0,2.6,4149242,5921757,-0.017887,train
2018,market,Justin Holiday,CHI,SG,28,72,31.5,12.2,4.0,2.1,4384616,7157112,-0.027979,train
2018,production,Justin Holiday,CHI,SG,28,72,31.5,12.2,4.0,2.1,4384616,6794224,-0.024317,train
2018,market,Justin Jackson,SAC,SF,22,68,22.1,6.7,2.8,1.1,2365560,2387743,-0.000224,train
2018,production,Justin Jackson,SAC,SF,22,68,22.1,6.7,2.8,1.1,2365560,2619417,-0.002562,train
2018,market,Justise Winslow,MIA,PF,21,68,24.7,7.8,5.4,2.2,3448926,3584377,-0.001367,train
2018,production,Justise Winslow,MIA,PF,21,68,24.7,7.8,5.4,2.2,3448926,4737129,-0.013,train
2018,market,Jusuf Nurkic,POR,C,23,79,26.4,14.3,9.0,1.8,2947305,4352312,-0.014179,train
2018,production,Jusuf Nurkic,POR,C,23,79,26.4,14.3,9.0,1.8,2947305,5211178,-0.022846,train
2018,market,Karl-Anthony Towns,MIN,C,22,82,35.6,21.3,12.3,2.4,6216840,8970463,-0.027788,test
2018,production,Karl-Anthony Towns,MIN,C,22,82,35.6,21.3,12.3,2.4,6216840,22039762,-0.159677,test
2018,market,Kelly Olynyk,MIA,PF,26,76,23.4,11.5,5.7,2.7,12537527,4864365,0.077434,test
2018,production,Kelly Olynyk,MIA,PF,26,76,23.4,11.5,5.7,2.7,12537527,6235538,0.063597,test
2018,market,Kelly Oubre Jr.,WAS,SF,22,81,27.5,11.8,4.5,1.2,3208630,3628319,-0.004235,train
2018,production,Kelly Oubre Jr.,WAS,SF,22,81,27.5,11.8,4.5,1.2,3208630,4011031,-0.008097,train
2018,market,Kemba Walker,CHA,PG,27,80,34.2,22.1,3.1,5.6,12000000,16708775,-0.047519,test
2018,production,Kemba Walker,CHA,PG,27,80,34.2,22.1,3.1,5.6,12000000,16155013,-0.04193,test
2018,market,Kent Bazemore,ATL,SG,28,65,27.5,12.9,3.8,3.5,18089887,15994621,0.021144,train
2018,production,Kent Bazemore,ATL,SG,28,65,27.5,12.9,3.8,3.5,18089887,16243638,0.018631,train
2018,market,Kentavious Caldwell-Pope,LAL,SG,24,74,33.2,13.4,5.2,2.2,17745894,14657939,0.031162,train
2018,production,Kentavious Caldwell-Pope,LAL,SG,24,74,33.2,13.4,5.2,2.2,17745894,15084428,0.026858,train
2018,market,Kevin Love,CLE,C,29,59,28.0,17.6,9.3,1.7,24119025,22642227,0.014903,train
2018,production,Kevin Love,CLE,C,29,59,28.0,17.6,9.3,1.7,24119025,20934268,0.032139,train
2018,market,Kevon Looney,GSW,C,21,66,13.8,4.0,3.3,0.6,1471382,1527540,-0.000567,train
2018,production,Kevon Looney,GSW,C,21,66,13.8,4.0,3.3,0.6,1471382,1667424,-0.001978,train
2018,market,Khris Middleton,MIL,SF,26,82,36.4,20.1,5.2,4.0,1300000,18721346,-0.175808,test
2018,production,Khris Middleton,MIL,SF,26,82,36.4,20.1,5.2,4.0,1300000,17278787,-0.16125,test
2018,market,Klay Thompson,GSW,SG,27,73,34.3,20.0,3.8,2.5,17826150,17401382,0.004287,train
2018,production,Klay Thompson,GSW,SG,27,73,34.3,20.0,3.8,2.5,17826150,17761366,0.000654,train
2018,market,Kosta Koufos,SAC,C,28,71,19.6,6.7,6.6,1.2,8393000,7462124,0.009394,train
2018,production,Kosta Koufos,SAC,C,28,71,19.6,6.7,6.6,1.2,8393000,7721341,0.006778,train
2018,market,Kyle Anderson,SAS,SF,24,74,26.7,7.9,5.4,2.7,2151704,4492060,-0.023618,test
2018,production,Kyle Anderson,SAS,SF,24,74,26.7,7.9,5.4,2.7,2151704,8506410,-0.064129,test
2018,market,Kyle Korver,CLE,SG,36,73,21.6,9.2,2.3,1.2,7560000,6895487,0.006706,train
2018,production,Kyle Korver,CLE,SG,36,73,21.6,9.2,2.3,1.2,7560000,6162002,0.014108,train
2018,market,Kyle Kuzma,LAL,PF,22,77,31.2,16.1,6.3,1.8,1423560,2741798,-0.013303,train
2018,production,Kyle Kuzma,LAL,PF,22,77,31.2,16.1,6.3,1.8,1423560,6332136,-0.049535,train
2018,market,Kyle Lowry,TOR,PG,31,78,32.2,16.2,5.6,6.9,31200000,27470560,0.037636,train
2018,production,Kyle Lowry,TOR,PG,31,78,32.2,16.2,5.6,6.9,31200000,25700387,0.0555,train
2018,market,Kyrie Irving,BOS,PG,25,60,32.2,24.4,3.8,5.1,18868626,20923804,-0.02074,train
2018,production,Kyrie Irving,BOS,PG,25,60,32.2,24.4,3.8,5.1,18868626,19426140,-0.005626,train
2018,market,LaMarcus Aldridge,SAS,C,32,75,33.5,23.1,8.5,2.0,21461010,24022555,-0.02585,train
2018,production,LaMarcus Aldridge,SAS,C,32,75,33.5,23.1,8.5,2.0,21461010,21269413,0.001934,train
2018,market,Lance Thomas,NYK,PF,29,73,18.5,4.1,2.4,0.6,7119650,6691462,0.004321,train
2018,production,Lance Thomas,NYK,PF,29,73,18.5,4.1,2.4,0.6,7119650,5895365,0.012355,train
2018,market,Langston Galloway,DET,SG,26,58,14.9,6.2,1.6,1.0,7000000,5597325,0.014155,train
2018,production,Langston Galloway,DET,SG,26,58,14.9,6.2,1.6,1.0,7000000,5346322,0.016688,train
2018,market,Larry Nance Jr.,CLE,C,25,66,21.5,8.7,6.8,1.2,2272391,3296161,-0.010331,train
2018,production,Larry Nance Jr.,CLE,C,25,66,21.5,8.7,6.8,1.2,2272391,2864224,-0.005973,train
2018,market,Lauri Markkanen,CHI,PF,20,68,29.7,15.2,7.5,1.2,4536120,5092156,-0.005611,train
2018,production,Lauri Markkanen,CHI,PF,20,68,29.7,15.2,7.5,1.2,4536120,7869216,-0.033636,train
2018,market,Lou Williams,LAC,SG,31,79,32.8,22.6,2.5,5.3,7000000,13673825,-0.067349,train
2018,production,Lou Williams,LAC,SG,31,79,32.8,22.6,2.5,5.3,7000000,8317006,-0.013291,train
2018,market,Luc Mbah a Moute,HOU,PF,31,61,25.6,7.5,3.0,0.9,1471382,4113969,-0.026668,train
2018,production,Luc Mbah a Moute,HOU,PF,31,61,25.6,7.5,3.0,0.9,1471382,3303531,-0.018489,train
2018,market,Luke Kennard,DET,SG,21,73,20.0,7.6,2.4,1.7,3275280,3032998,0.002445,train
2018,production,Luke Kennard,DET,SG,21,73,20.0,7.6,2.4,1.7,3275280,3427812,-0.001539,train
2018,market,Malik Beasley,DEN,SG,21,62,9.4,3.2,1.1,0.5,1700640,1689184,0.000116,train
2018,production,Malik Beasley,DEN,SG,21,62,9.4,3.2,1.1,0.5,1700640,1665223,0.000357,train
2018,market,Malik Monk,CHA,SG,19,63,13.6,6.7,1.0,1.4,3447480,3446291,1.2e-05,train
2018,production,Malik Monk,CHA,SG,19,63,13.6,6.7,1.0,1.4,3447480,4394291,-0.009555,train
2018,market,Manu Ginobili,SAS,SG,40,65,20.0,8.9,2.2,2.5,2500000,3244478,-0.007513,train
2018,production,Manu Ginobili,SAS,SG,40,65,20.0,8.9,2.2,2.5,2500000,2823367,-0.003263,train
2018,market,Marc Gasol,MEM,C,33,73,33.0,17.2,8.1,4.2,22642350,22927374,-0.002876,train
2018,production,Marc Gasol,MEM,C,33,73,33.0,17.2,8.1,4.2,22642350,20042115,0.02624,train
2018,market,Marcin Gortat,WAS,C,33,82,25.3,8.4,7.6,1.8,12782609,11783986,0.010078,test
2018,production,Marcin Gortat,WAS,C,33,82,25.3,8.4,7.6,1.8,12782609,7436806,0.053947,test
2018,market,Mario Chalmers,MEM,PG,31,66,21.5,7.7,2.4,3.0,1471382,4487256,-0.030435,train
2018,production,Mario Chalmers,MEM,PG,31,66,21.5,7.7,2.4,3.0,1471382,2861516,-0.014029,train
2018,market,Markieff Morris,WAS,PF,28,73,27.0,11.5,5.6,1.9,8600000,13250325,-0.046929,test
2018,production,Markieff Morris,WAS,PF,28,73,27.0,11.5,5.6,1.9,8600000,6502551,0.021166,test
2018,market,Marquese Chriss,PHX,PF,20,72,21.2,7.7,5.5,1.2,3073800,3028116,0.000461,train
2018,production,Marquese Chriss,PHX,PF,20,72,21.2,7.7,5.5,1.2,3073800,2934497,0.001406,train
2018,market,Marvin Williams,CHA,PF,31,78,25.7,9.5,4.7,1.2,14087500,12610291,0.014907,train
2018,production,Marvin Williams,CHA,PF,31,78,25.7,9.5,4.7,1.2,14087500,11860295,0.022476,train
2018,market,Mason Plumlee,DEN,C,27,74,19.4,7.1,5.4,1.9,14041096,11850854,0.022103,train
2018,production,Mason Plumlee,DEN,C,27,74,19.4,7.1,5.4,1.9,14041096,10632941,0.034393,train
2018,market,Maurice Harkless,POR,SF,24,59,21.4,6.5,2.7,0.9,10162922,2396233,0.078378,test
2018,production,Maurice Harkless,POR,SF,24,59,21.4,6.5,2.7,0.9,10162922,2903087,0.073263,test
2018,market,Maxi Kleber,DAL,PF,26,72,16.8,5.4,3.3,0.7,815615,1781029,-0.009743,train
2018,production,Maxi Kleber,DAL,PF,26,72,16.8,5.4,3.3,0.7,815615,1621058,-0.008128,train
2018,market,Michael Kidd-Gilchrist,CHA,SF,24,74,25.0,9.2,4.1,1.0,13000000,9442719,0.035898,train
2018,production,Michael Kidd-Gilchrist,CHA,SF,24,74,25.0,9.2,4.1,1.0,13000000,10862601,0.02157,train
2018,market,Miles Plumlee,ATL,C,29,55,16.7,4.3,4.1,0.8,12500000,9919837,0.026038,train
2018,production,Miles Plumlee,ATL,C,29,55,16.7,4.3,4.1,0.8,12500000,9398860,0.031295,train
2018,market,Montrezl Harrell,LAC,C,24,76,17.0,11.0,4.0,1.0,1471382,4404726,-0.029602,test
2018,production,Montrezl Harrell,LAC,C,24,76,17.0,11.0,4.0,1.0,1471382,5340079,-0.039041,test
2018,market,Myles Turner,IND,C,21,65,28.2,12.7,6.4,1.3,3410284,3852314,-0.004461,train
2018,production,Myles Turner,IND,C,21,65,28.2,12.7,6.4,1.3,3410284,4941075,-0.015448,train
2018,market,Nemanja Bjelica,MIN,PF,29,67,20.5,6.8,4.1,1.3,3949999,4499101,-0.005541,train
2018,production,Nemanja Bjelica,MIN,PF,29,67,20.5,6.8,4.1,1.3,3949999,3774456,0.001771,train
2018,market,Nick Young,GSW,SG,32,80,17.4,7.3,1.6,0.5,5192000,4783842,0.004119,test
2018,production,Nick Young,GSW,SG,32,80,17.4,7.3,1.6,0.5,5192000,4065524,0.011368,test
2018,market,Nicolas Batum,CHA,SG,29,64,31.0,11.6,4.8,5.5,24000000,19786750,0.042518,train
2018,production,Nicolas Batum,CHA,SG,29,64,31.0,11.6,4.8,5.5,24000000,20251530,0.037828,train
2018,market,Nikola Jokic,DEN,C,22,75,32.6,18.5,10.7,6.1,1471382,4505671,-0.030621,train
2018,production,Nikola Jokic,DEN,C,22,75,32.6,18.5,10.7,6.1,1471382,6622408,-0.051982,train
2018,market,Nikola Mirotic,NOP,PF,26,55,27.2,15.6,7.4,1.5,12500000,11807942,0.006984,train
2018,production,Nikola Mirotic,NOP,PF,26,55,27.2,15.6,7.4,1.5,12500000,11969183,0.005357,train
2018,market,Nikola Vucevic,ORL,C,27,57,29.5,16.5,9.2,3.4,12750000,14490766,-0.017567,train
2018,production,Nikola Vucevic,ORL,C,27,57,29.5,16.5,9.2,3.4,12750000,14030344,-0.012921,train
2018,market,Norman Powell,TOR,SG,24,70,15.2,5.5,1.7,1.3,9367200,6803517,0.025871,train
2018,production,Norman Powell,TOR,SG,24,70,15.2,5.5,1.7,1.3,9367200,6859252,0.025309,train
2018,market,OG Anunoby,TOR,SF,20,74,20.0,5.9,2.5,0.7,2034120,2615689,-0.005869,train
2018,production,OG Anunoby,TOR,SF,20,74,20.0,5.9,2.5,0.7,2034120,2665740,-0.006374,train
2018,market,Otto Porter Jr.,WAS,SF,24,77,31.6,14.7,6.4,2.0,26011913,21160269,0.048961,train
2018,production,Otto Porter Jr.,WAS,SF,24,77,31.6,14.7,6.4,2.0,26011913,20844769,0.052144,train
2018,market,P.J. Tucker,HOU,PF,32,82,27.8,6.1,5.6,0.9,7590035,7759597,-0.001711,train
2018,production,P.J. Tucker,HOU,PF,32,82,27.8,6.1,5.6,0.9,7590035,7588070,2e-05,train
2018,market,Pascal Siakam,TOR,PF,23,81,20.7,7.3,4.5,2.0,1544951,2229421,-0.006907,train
2018,production,Pascal Siakam,TOR,PF,23,81,20.7,7.3,4.5,2.0,1544951,2814176,-0.012808,train
2018,market,Pat Connaughton,POR,SG,25,82,18.1,5.4,2.0,1.1,1471382,2302522,-0.008387,train
2018,production,Pat Connaughton,POR,SG,25,82,18.1,5.4,2.0,1.1,1471382,2267996,-0.008039,train
2018,market,Patrick McCaw,GSW,SG,22,57,16.9,4.0,1.4,1.4,1312611,1570165,-0.002599,train
2018,production,Patrick McCaw,GSW,SG,22,57,16.9,4.0,1.4,1.4,1312611,2255259,-0.009513,train
2018,market,Patrick Patterson,OKC,PF,28,82,15.5,3.9,2.4,0.7,5192000,4817787,0.003776,test
2018,production,Patrick Patterson,OKC,PF,28,82,15.5,3.9,2.4,0.7,5192000,5005878,0.001878,test
2018,market,Patty Mills,SAS,PG,29,82,25.7,10.0,1.9,2.8,10714286,7234648,0.035115,test
2018,production,Patty Mills,SAS,PG,29,82,25.7,10.0,1.9,2.8,10714286,5263049,0.055011,test
2018,market,Pau Gasol,SAS,C,37,77,23.5,10.1,8.0,3.1,16000000,10973485,0.050725,test
2018,production,Pau Gasol,SAS,C,37,77,23.5,10.1,8.0,3.1,16000000,11807106,0.042313,test
2018,market,Paul George,OKC,SF,27,79,36.6,21.9,5.7,3.3,19508958,19317573,0.001931,train
2018,production,Paul George,OKC,SF,27,79,36.6,21.9,5.7,3.3,19508958,19263884,0.002473,train
2018,market,Rajon Rondo,NOP,PG,31,65,26.2,8.3,4.0,8.2,3300000,6523881,-0.032534,train
2018,production,Rajon Rondo,NOP,PG,31,65,26.2,8.3,4.0,8.2,3300000,7256904,-0.039931,train
2018,market,Raymond Felton,OKC,PG,33,82,16.6,6.9,1.9,2.5,1471382,2513967,-0.010521,train
2018,production,Raymond Felton,OKC,PG,33,82,16.6,6.9,1.9,2.5,1471382,2817462,-0.013584,train
2018,market,Reggie Bullock,DET,SF,26,62,27.9,11.3,2.5,1.5,2500000,4603911,-0.021232,train
2018,production,Reggie Bullock,DET,SF,26,62,27.9,11.3,2.5,1.5,2500000,4204153,-0.017198,train
2018,market,Ricky Rubio,UTA,PG,27,77,29.3,13.1,4.6,5.3,14275000,13831855,0.004472,train
2018,production,Ricky Rubio,UTA,PG,27,77,29.3,13.1,4.6,5.3,14275000,14719017,-0.004481,train
2018,market,Robert Covington,PHI,SF,27,80,31.7,12.6,5.4,2.0,10464092,10917859,-0.004579,train
2018,production,Robert Covington,PHI,SF,27,80,31.7,12.6,5.4,2.0,10464092,12143636,-0.016949,train
2018,market,Robin Lopez,CHI,C,29,64,26.4,11.8,4.5,1.9,14357750,13807453,0.005553,train
2018,production,Robin Lopez,CHI,C,29,64,26.4,11.8,4.5,1.9,14357750,13365566,0.010013,train
2018,market,Rondae Hollis-Jefferson,BKN,SF,23,68,28.2,13.9,6.8,2.5,2470357,6149813,-0.037131,test
2018,production,Rondae Hollis-Jefferson,BKN,SF,23,68,28.2,13.9,6.8,2.5,2470357,9361000,-0.069537,test
2018,market,Royce O'Neale,UTA,SF,24,69,16.7,5.0,3.4,1.4,815615,1375329,-0.005648,train
2018,production,Royce O'Neale,UTA,SF,24,69,16.7,5.0,3.4,1.4,815615,2169243,-0.01366,train
2018,market,Rudy Gay,SAS,PF,31,57,21.6,11.5,5.1,1.3,8406000,10511079,-0.021243,test
2018,production,Rudy Gay,SAS,PF,31,57,21.6,11.5,5.1,1.3,8406000,6277543,0.021479,test
2018,market,Rudy Gobert,UTA,C,25,56,32.4,13.5,10.7,1.4,21924719,20580278,0.013567,train
2018,production,Rudy Gobert,UTA,C,25,56,32.4,13.5,10.7,1.4,21924719,21257594,0.006732,train
2018,market,Russell Westbrook,OKC,PG,29,80,36.4,25.4,10.1,10.3,28530608,29481333,-0.009594,train
2018,production,Russell Westbrook,OKC,PG,29,80,36.4,25.4,10.1,10.3,28530608,27405595,0.011353,train
2018,market,Ryan Anderson,HOU,PF,29,66,26.1,9.3,5.0,0.9,19578455,15658752,0.039556,train
2018,production,Ryan Anderson,HOU,PF,29,66,26.1,9.3,5.0,0.9,19578455,14212052,0.054155,train
2018,market,Salah Mejri,DAL,C,31,61,12.0,3.5,4.0,0.6,1471382,2173216,-0.007083,train
2018,production,Salah Mejri,DAL,C,31,61,12.0,3.5,4.0,0.6,1471382,1687915,-0.002185,train
2018,market,Sam Dekker,LAC,PF,23,73,12.1,4.2,2.4,0.5,1794600,1847252,-0.000531,train
2018,production,Sam Dekker,LAC,PF,23,73,12.1,4.2,2.4,0.5,1794600,1822365,-0.00028,train
2018,market,Semi Ojeleye,BOS,PF,23,73,15.8,2.7,2.2,0.3,1291892,1789491,-0.005022,train
2018,production,Semi Ojeleye,BOS,PF,23,73,15.8,2.7,2.2,0.3,1291892,2804491,-0.015264,train
2018,market,Serge Ibaka,TOR,PF,28,76,27.5,12.6,6.3,0.8,21666667,19293126,0.023953,train
2018,production,Serge Ibaka,TOR,PF,28,76,27.5,12.6,6.3,0.8,21666667,17828401,0.038734,train
2018,market,Shabazz Napier,POR,PG,26,74,20.7,8.7,2.3,2.0,2361360,3386216,-0.010342,test
2018,production,Shabazz Napier,POR,PG,26,74,20.7,8.7,2.3,2.0,2361360,3569593,-0.012193,test
2018,market,Shaun Livingston,GSW,PG,32,71,15.9,5.5,1.8,2.0,7692308,6933263,0.00766,train
2018,production,Shaun Livingston,GSW,PG,32,71,15.9,5.5,1.8,2.0,7692308,6094079,0.016129,train
2018,market,Shelvin Mack,ORL,PG,27,69,19.8,6.9,2.4,3.9,6000000,5267793,0.007389,train
2018,production,Shelvin Mack,ORL,PG,27,69,19.8,6.9,2.4,3.9,6000000,4886262,0.011239,train
2018,market,Sindarius Thornwell,LAC,SG,23,73,15.8,3.9,1.9,0.9,815615,1915161,-0.011096,test
2018,production,Sindarius Thornwell,LAC,SG,23,73,15.8,3.9,1.9,0.9,815615,3114531,-0.0232,test
2018,market,Skal Labissiere,SAC,PF,21,60,20.7,8.7,4.8,1.2,1312611,2199899,-0.008954,train
2018,production,Skal Labissiere,SAC,PF,21,60,20.7,8.7,4.8,1.2,1312611,2513016,-0.012114,train
2018,market,Spencer Dinwiddie,BKN,PG,24,80,28.8,12.6,3.2,6.6,1656092,3612739,-0.019746,train
2018,production,Spencer Dinwiddie,BKN,PG,24,80,28.8,12.6,3.2,6.6,1656092,3580793,-0.019423,train
2018,market,Stanley Johnson,DET,SF,21,69,27.4,8.7,3.7,1.6,3940402,3938368,2.1e-05,test
2018,production,Stanley Johnson,DET,SF,21,69,27.4,8.7,3.7,1.6,3940402,6897468,-0.029841,test
2018,market,Steven Adams,OKC,C,24,76,32.7,13.9,9.0,1.2,22471910,15447847,0.070884,test
2018,production,Steven Adams,OKC,C,24,76,32.7,13.9,9.0,1.2,22471910,14670886,0.078724,test
2018,market,T.J. McConnell,PHI,PG,25,76,22.4,6.3,3.0,4.0,1600520,2651300,-0.010604,train
2018,production,T.J. McConnell,PHI,PG,25,76,22.4,6.3,3.0,4.0,1600520,3268683,-0.016834,train
2018,market,T.J. Warren,PHX,SF,24,65,33.0,19.6,5.1,1.3,3152931,9824555,-0.067327,train
2018,production,T.J. Warren,PHX,SF,24,65,33.0,19.6,5.1,1.3,3152931,9130083,-0.060319,train
2018,market,Taj Gibson,MIN,PF,32,82,33.2,12.2,7.1,1.2,14000000,13894877,0.001061,train
2018,production,Taj Gibson,MIN,PF,32,82,33.2,12.2,7.1,1.2,14000000,12875498,0.011348,train
2018,market,Taurean Prince,ATL,SF,23,82,30.0,14.1,4.7,2.6,2526840,4662933,-0.021556,test
2018,production,Taurean Prince,ATL,SF,23,82,30.0,14.1,4.7,2.6,2526840,10602157,-0.081492,test
2018,market,Terrance Ferguson,OKC,SG,19,61,12.5,3.1,0.8,0.3,1785000,2223874,-0.004429,train
2018,production,Terrance Ferguson,OKC,SG,19,61,12.5,3.1,0.8,0.3,1785000,2285565,-0.005051,train
2018,market,Terry Rozier,BOS,PG,23,80,25.9,11.3,4.7,2.9,1988520,2833154,-0.008524,train
2018,production,Terry Rozier,BOS,PG,23,80,25.9,11.3,4.7,2.9,1988520,3381719,-0.01406,train
2018,market,Thaddeus Young,IND,PF,29,81,32.2,11.8,6.3,1.9,13964045,13122967,0.008488,train
2018,production,Thaddeus Young,IND,PF,29,81,32.2,11.8,6.3,1.9,13964045,12712819,0.012627,train
2018,market,Thon Maker,MIL,C,20,74,16.7,4.8,3.0,0.6,2799720,2903623,-0.001049,train
2018,production,Thon Maker,MIL,C,20,74,16.7,4.8,3.0,0.6,2799720,2601553,0.002,train
2018,market,Tim Hardaway Jr.,NYK,SG,25,57,33.1,17.5,3.9,2.7,17325000,16081961,0.012544,train
2018,production,Tim Hardaway Jr.,NYK,SG,25,57,33.1,17.5,3.9,2.7,17325000,14767929,0.025805,train
2018,market,Tobias Harris,LAC,PF,25,80,33.4,18.6,5.5,2.4,16000000,17012179,-0.010214,train
2018,production,Tobias Harris,LAC,PF,25,80,33.4,18.6,5.5,2.4,16000000,15736164,0.002663,train
2018,market,Tomas Satoransky,WAS,SG,26,73,22.5,7.2,3.2,3.9,3000000,3649226,-0.006552,train
2018,production,Tomas Satoransky,WAS,SG,26,73,22.5,7.2,3.2,3.9,3000000,4321395,-0.013335,train
2018,market,Tony Parker,SAS,PG,35,55,19.5,7.7,1.7,3.5,15453126,12233499,0.032491,train
2018,production,Tony Parker,SAS,PG,35,55,19.5,7.7,1.7,3.5,15453126,11606556,0.038818,train
2018,market,Tony Snell,MIL,SG,26,75,27.4,6.9,1.9,1.3,10607143,9349924,0.012687,train
2018,production,Tony Snell,MIL,SG,26,75,27.4,6.9,1.9,1.3,10607143,9056570,0.015648,train
2018,market,Trevor Ariza,HOU,SF,32,67,33.9,11.7,4.4,1.6,7420912,9477803,-0.020757,train
2018,production,Trevor Ariza,HOU,SF,32,67,33.9,11.7,4.4,1.6,7420912,9332277,-0.019289,train
2018,market,Trey Lyles,DEN,PF,22,73,19.1,9.9,4.8,1.2,2441400,2869479,-0.00432,train
2018,production,Trey Lyles,DEN,PF,22,73,19.1,9.9,4.8,1.2,2441400,3378730,-0.009459,train
2018,market,Troy Daniels,PHX,SG,26,79,20.5,8.9,1.6,0.6,3408520,3653042,-0.002468,train
2018,production,Troy Daniels,PHX,SG,26,79,20.5,8.9,1.6,0.6,3408520,3422419,-0.00014,train
2018,market,Tyler Dorsey,ATL,SG,21,56,17.4,7.2,2.3,1.4,1378242,1760587,-0.003858,train
2018,production,Tyler Dorsey,ATL,SG,21,56,17.4,7.2,2.3,1.4,1378242,3505490,-0.021467,train
2018,market,Tyler Johnson,MIA,PG,25,72,28.5,11.7,3.4,2.3,19245370,14281361,0.050094,train
2018,production,Tyler Johnson,MIA,PG,25,72,28.5,11.7,3.4,2.3,19245370,13773730,0.055217,train
2018,market,Tyler Ulis,PHX,PG,22,71,23.4,7.8,1.8,4.4,1312611,2132873,-0.008278,train
2018,production,Tyler Ulis,PHX,PG,22,71,23.4,7.8,1.8,4.4,1312611,3201028,-0.019057,train
2018,market,Tyler Zeller,MIL,C,28,66,16.8,6.7,4.6,0.7,1933941,4229327,-0.023164,train
2018,production,Tyler Zeller,MIL,C,28,66,16.8,6.7,4.6,0.7,1933941,3033850,-0.0111,train
2018,market,Tyus Jones,MIN,PG,21,82,17.9,5.1,1.6,2.8,1471382,2184947,-0.007201,train
2018,production,Tyus Jones,MIN,PG,21,82,17.9,5.1,1.6,2.8,1471382,2654433,-0.011939,train
2018,market,Victor Oladipo,IND,SG,25,75,34.0,23.1,5.2,4.3,21000000,21764466,-0.007715,train
2018,production,Victor Oladipo,IND,SG,25,75,34.0,23.1,5.2,4.3,21000000,21030665,-0.000309,train
2018,market,Vince Carter,SAC,SF,41,58,17.7,5.4,2.6,1.2,8000000,4320881,0.037128,test
2018,production,Vince Carter,SAC,SF,41,58,17.7,5.4,2.6,1.2,8000000,3297088,0.04746,test
2018,market,Wes Iwundu,ORL,SF,23,62,16.5,3.7,2.2,0.9,1378242,1441428,-0.000638,train
2018,production,Wes Iwundu,ORL,SF,23,62,16.5,3.7,2.2,0.9,1378242,1956181,-0.005832,train
2018,market,Wesley Johnson,LAC,SF,30,74,20.1,5.4,2.9,0.8,5882260,4680653,0.012126,test
2018,production,Wesley Johnson,LAC,SF,30,74,20.1,5.4,2.9,0.8,5882260,3158871,0.027483,test
2018,market,Wesley Matthews,DAL,SF,31,63,33.8,12.7,3.1,2.7,17884176,16111667,0.017887,train
2018,production,Wesley Matthews,DAL,SF,31,63,33.8,12.7,3.1,2.7,17884176,15765843,0.021377,train
2018,market,Will Barton,DEN,SG,27,81,33.1,15.7,5.0,4.1,3533333,6420016,-0.029131,train
2018,production,Will Barton,DEN,SG,27,81,33.1,15.7,5.0,4.1,3533333,5743519,-0.022304,train
2018,market,Willie Cauley-Stein,SAC,C,24,73,28.0,12.8,7.0,2.4,3704160,7674102,-0.040063,test
2018,production,Willie Cauley-Stein,SAC,C,24,73,28.0,12.8,7.0,2.4,3704160,6537535,-0.028593,test
2018,market,Wilson Chandler,DEN,SF,30,74,31.7,10.0,5.4,2.1,12016854,12563387,-0.005515,train
2018,production,Wilson Chandler,DEN,SF,30,74,31.7,10.0,5.4,2.1,12016854,11343638,0.006794,train
2018,market,Yogi Ferrell,DAL,SG,24,82,27.8,10.2,3.0,2.5,1312611,2966182,-0.016687,train
2018,production,Yogi Ferrell,DAL,SG,24,82,27.8,10.2,3.0,2.5,1312611,2926306,-0.016285,train
2018,market,Zach Collins,POR,C,20,66,15.8,4.4,3.3,0.8,3057240,2947059,0.001112,train
2018,production,Zach Collins,POR,C,20,66,15.8,4.4,3.3,0.8,3057240,3193974,-0.00138,train
2018,market,Zach Randolph,SAC,PF,36,59,25.6,14.5,6.7,2.2,12307692,12927097,-0.006251,train
2018,production,Zach Randolph,SAC,PF,36,59,25.6,14.5,6.7,2.2,12307692,11750993,0.005618,train
2018,market,Zaza Pachulia,GSW,C,33,69,14.1,5.4,4.7,1.6,3477600,5107539,-0.016449,train
2018,production,Zaza Pachulia,GSW,C,33,69,14.1,5.4,4.7,1.6,3477600,3988399,-0.005155,train
2019,market,Aaron Gordon,ORL,PF,23,78,33.8,16.0,7.4,3.7,21590909,8066557,0.132762,test
2019,production,Aaron Gordon,ORL,PF,23,78,33.8,16.0,7.4,3.7,21590909,12548141,0.088769,test
2019,market,Abdel Nader,OKC,SF,25,61,11.4,4.0,1.9,0.3,1378242,1728087,-0.003434,train
2019,production,Abdel Nader,OKC,SF,25,61,11.4,4.0,1.9,0.3,1378242,1623390,-0.002407,train
2019,market,Al Horford,BOS,C,32,68,29.0,13.6,6.7,4.2,28928709,23116066,0.05706,train
2019,production,Al Horford,BOS,C,32,68,29.0,13.6,6.7,4.2,28928709,21788552,0.070092,train
2019,market,Al-Farouq Aminu,POR,PF,28,81,28.3,9.4,7.5,1.3,6957105,7962165,-0.009866,train
2019,production,Al-Farouq Aminu,POR,PF,28,81,28.3,9.4,7.5,1.3,6957105,6960515,-3.3e-05,train
2019,market,Alec Burks,SAC,SG,27,64,21.5,8.8,3.7,2.0,11536515,10199274,0.013127,train
2019,production,Alec Burks,SAC,SG,27,64,21.5,8.8,3.7,2.0,11536515,8234387,0.032415,train
2019,market,Alex Len,ATL,C,25,77,20.1,11.1,5.5,1.1,4350000,4343463,6.4e-05,train
2019,production,Alex Len,ATL,C,25,77,20.1,11.1,5.5,1.1,4350000,4218050,0.001295,train
2019,market,Alfonzo McKinnie,GSW,SF,26,72,13.9,4.7,3.4,0.4,1349383,1547143,-0.001941,train
2019,production,Alfonzo McKinnie,GSW,SF,26,72,13.9,4.7,3.4,0.4,1349383,1765315,-0.004083,train
2019,market,Allonzo Trier,NYK,SG,23,64,22.8,10.9,3.1,1.9,3382000,3722923,-0.003347,test
2019,production,Allonzo Trier,NYK,SG,23,64,22.8,10.9,3.1,1.9,3382000,5893561,-0.024655,test
2019,market,Andre Drummond,DET,C,25,79,33.5,17.3,15.6,1.4,25434263,24450961,0.009653,train
2019,production,Andre Drummond,DET,C,25,79,33.5,17.3,15.6,1.4,25434263,22364659,0.030133,train
2019,market,Andre Iguodala,GSW,SF,35,68,23.2,5.7,3.7,3.2,16000000,13742524,0.022161,train
2019,production,Andre Iguodala,GSW,SF,35,68,23.2,5.7,3.7,3.2,16000000,12551999,0.033847,train
2019,market,Andrew Wiggins,MIN,SF,23,73,34.8,18.1,4.8,2.5,25467250,18917792,0.064293,train
2019,production,Andrew Wiggins,MIN,SF,23,73,34.8,18.1,4.8,2.5,25467250,22999278,0.024227,train
2019,market,Ante Zizic,CLE,C,22,59,18.3,7.8,5.4,0.9,1952760,2496481,-0.005337,test
2019,production,Ante Zizic,CLE,C,22,59,18.3,7.8,5.4,0.9,1952760,3257951,-0.012812,test
2019,market,Anthony Davis,NOP,C,25,56,33.0,25.9,12.0,3.9,25434263,26225081,-0.007763,train
2019,production,Anthony Davis,NOP,C,25,56,33.0,25.9,12.0,3.9,25434263,25224480,0.002059,train
2019,market,Anthony Tolliver,MIN,PF,33,65,16.6,5.0,2.7,0.7,4750000,5599216,-0.008336,train
2019,production,Anthony Tolliver,MIN,PF,33,65,16.6,5.0,2.7,0.7,4750000,5871857,-0.011013,train
2019,market,Antonio Blakeney,CHI,SG,22,57,14.5,7.3,1.9,0.7,1349383,2659689,-0.012863,test
2019,production,Antonio Blakeney,CHI,SG,22,57,14.5,7.3,1.9,0.7,1349383,3890421,-0.024944,test
2019,market,Austin Rivers,HOU,SG,26,76,26.7,8.1,2.1,2.2,922943,2431606,-0.01481,train
2019,production,Austin Rivers,HOU,SG,26,76,26.7,8.1,2.1,2.2,922943,2544364,-0.015917,train
2019,market,Avery Bradley,MEM,SG,28,63,30.2,9.9,2.8,2.4,12000000,12646442,-0.006346,train
2019,production,Avery Bradley,MEM,SG,28,63,30.2,9.9,2.8,2.4,12000000,11054134,0.009285,train
2019,market,Bam Adebayo,MIA,C,21,82,23.3,8.9,7.3,2.2,2955840,3774344,-0.008035,train
2019,production,Bam Adebayo,MIA,C,21,82,23.3,8.9,7.3,2.2,2955840,4091657,-0.01115,train
2019,market,Ben Simmons,PHI,PG,22,79,34.2,16.9,8.8,7.7,6434520,6688280,-0.002491,train
2019,production,Ben Simmons,PHI,PG,22,79,34.2,16.9,8.8,7.7,6434520,10180946,-0.036777,train
2019,market,Blake Griffin,DET,PF,29,75,35.0,24.5,7.5,5.4,32088932,30261782,0.017936,test
2019,production,Blake Griffin,DET,PF,29,75,35.0,24.5,7.5,5.4,32088932,23143771,0.08781,test
2019,market,Boban Marjanovic,PHI,C,30,58,11.7,7.3,4.6,0.9,7000000,5169515,0.017969,test
2019,production,Boban Marjanovic,PHI,C,30,58,11.7,7.3,4.6,0.9,7000000,2848102,0.040757,test
2019,market,Bogdan Bogdanovic,SAC,SG,26,70,27.8,14.1,3.5,3.8,9000000,8182644,0.008024,train
2019,production,Bogdan Bogdanovic,SAC,SG,26,70,27.8,14.1,3.5,3.8,9000000,8072724,0.009103,train
2019,market,Bojan Bogdanovic,IND,SF,29,81,31.8,18.0,4.1,2.0,10500000,13058696,-0.025118,train
2019,production,Bojan Bogdanovic,IND,SF,29,81,31.8,18.0,4.1,2.0,10500000,12069311,-0.015405,train
2019,market,Bradley Beal,WAS,SG,25,82,36.9,25.6,5.0,5.5,25434263,24666959,0.007532,train
2019,production,Bradley Beal,WAS,SG,25,82,36.9,25.6,5.0,5.5,25434263,24880454,0.005436,train
2019,market,Brook Lopez,MIL,C,30,81,28.7,12.5,4.9,1.2,3382000,5767608,-0.023418,train
2019,production,Brook Lopez,MIL,C,30,81,28.7,12.5,4.9,1.2,3382000,5888843,-0.024608,train
2019,market,Bruce Brown,DET,SG,22,74,19.6,4.3,2.5,1.2,838464,1293836,-0.00447,train
2019,production,Bruce Brown,DET,SG,22,74,19.6,4.3,2.5,1.2,838464,2111687,-0.012499,train
2019,market,Bryn Forbes,SAS,SG,25,82,28.0,11.8,2.9,2.1,3125000,5184261,-0.020215,train
2019,production,Bryn Forbes,SAS,SG,25,82,28.0,11.8,2.9,2.1,3125000,5328551,-0.021631,train
2019,market,Buddy Hield,SAC,SG,26,82,31.9,20.7,5.0,2.5,3844760,9680970,-0.057291,train
2019,production,Buddy Hield,SAC,SG,26,82,31.9,20.7,5.0,2.5,3844760,11329382,-0.073473,train
2019,market,CJ McCollum,POR,SG,27,70,33.9,21.0,4.0,3.0,25759766,22618323,0.030838,train
2019,production,CJ McCollum,POR,SG,27,70,33.9,21.0,4.0,3.0,25759766,22674355,0.030288,train
2019,market,Cedi Osman,CLE,SF,23,76,32.2,13.0,4.7,2.6,2775000,3600315,-0.008102,train
2019,production,Cedi Osman,CLE,SF,23,76,32.2,13.0,4.7,2.6,2775000,5134353,-0.023161,train
2019,market,Cheick Diallo,NOP,PF,22,64,14.0,6.0,5.2,0.5,1544951,2040276,-0.004862,train
2019,production,Cheick Diallo,NOP,PF,22,64,14.0,6.0,5.2,0.5,1544951,3268349,-0.016918,train
2019,market,Chris Paul,HOU,PG,33,58,32.0,15.6,4.6,8.2,35654150,30013996,0.055367,train
2019,production,Chris Paul,HOU,PG,33,58,32.0,15.6,4.6,8.2,35654150,28366844,0.071536,train
2019,market,Clint Capela,HOU,C,24,67,33.6,16.6,12.7,1.4,13793104,15298159,-0.014774,train
2019,production,Clint Capela,HOU,C,24,67,33.6,16.6,12.7,1.4,13793104,14671317,-0.008621,train
2019,market,Collin Sexton,CLE,PG,20,82,31.8,16.7,2.9,3.0,4068600,6737677,-0.026201,test
2019,production,Collin Sexton,CLE,PG,20,82,31.8,16.7,2.9,3.0,4068600,13314049,-0.090758,test
2019,market,Cory Joseph,IND,PG,27,82,25.2,6.5,3.4,3.9,7945000,9175348,-0.012078,test
2019,production,Cory Joseph,IND,PG,27,82,25.2,6.5,3.4,3.9,7945000,4879872,0.030089,test
2019,market,Cristiano Felicio,CHI,C,26,60,12.4,4.0,3.6,0.6,8740980,2290435,0.063322,test
2019,production,Cristiano Felicio,CHI,C,26,60,12.4,4.0,3.6,0.6,8740980,2469618,0.061563,test
2019,market,D'Angelo Russell,BKN,PG,22,81,30.2,21.1,3.9,7.0,7019698,6984032,0.00035,train
2019,production,D'Angelo Russell,BKN,PG,22,81,30.2,21.1,3.9,7.0,7019698,8856610,-0.018032,train
2019,market,Damian Lillard,POR,PG,28,80,35.5,25.8,4.6,6.9,27977689,25477182,0.024546,train
2019,production,Damian Lillard,POR,PG,28,80,35.5,25.8,4.6,6.9,27977689,25017557,0.029058,train
2019,market,Damyean Dotson,NYK,SG,24,73,27.5,10.7,3.6,1.8,1378242,3692382,-0.022717,test
2019,production,Damyean Dotson,NYK,SG,24,73,27.5,10.7,3.6,1.8,1378242,4239906,-0.028092,test
2019,market,Daniel Theis,BOS,C,26,66,13.8,5.7,3.4,1.0,1378242,1772254,-0.003868,train
2019,production,Daniel Theis,BOS,C,26,66,13.8,5.7,3.4,1.0,1378242,1884863,-0.004973,train
2019,market,Danilo Gallinari,LAC,SF,30,68,30.3,19.8,6.1,2.6,21587579,21211729,0.00369,train
2019,production,Danilo Gallinari,LAC,SF,30,68,30.3,19.8,6.1,2.6,21587579,21788583,-0.001973,train
2019,market,Danny Green,TOR,SG,31,80,27.7,10.3,4.0,1.6,10000000,10037333,-0.000366,train
2019,production,Danny Green,TOR,SG,31,80,27.7,10.3,4.0,1.6,10000000,10907034,-0.008904,train
2019,market,Dante Cunningham,SAS,PF,31,64,14.5,3.0,2.9,0.8,2487000,3130689,-0.006319,train
2019,production,Dante Cunningham,SAS,PF,31,64,14.5,3.0,2.9,0.8,2487000,2967319,-0.004715,train
2019,market,Dario Saric,MIN,PF,24,81,25.0,10.6,5.6,1.6,2526840,3517624,-0.009726,train
2019,production,Dario Saric,MIN,PF,24,81,25.0,10.6,5.6,1.6,2526840,4224750,-0.016668,train
2019,market,Darius Miller,NOP,SF,28,69,25.5,8.2,1.9,2.1,2205000,4785133,-0.025328,train
2019,production,Darius Miller,NOP,SF,28,69,25.5,8.2,1.9,2.1,2205000,3552762,-0.01323,train
2019,market,Darren Collison,IND,PG,31,76,28.2,11.2,3.1,6.0,10000000,11245970,-0.012231,train
2019,production,Darren Collison,IND,PG,31,76,28.2,11.2,3.1,6.0,10000000,10769888,-0.007558,train
2019,market,Davis Bertans,SAS,PF,26,76,21.5,8.0,3.5,1.3,7000000,5602661,0.013717,train
2019,production,Davis Bertans,SAS,PF,26,76,21.5,8.0,3.5,1.3,7000000,6335638,0.006522,train
2019,market,De'Aaron Fox,SAC,PG,21,81,31.4,17.3,3.8,7.3,5470920,6590484,-0.01099,test
2019,production,De'Aaron Fox,SAC,PG,21,81,31.4,17.3,3.8,7.3,5470920,14897724,-0.092538,test
2019,market,DeAndre Jordan,NYK,C,30,69,29.7,11.0,13.1,2.3,22897200,21935324,0.009442,train
2019,production,DeAndre Jordan,NYK,C,30,69,29.7,11.0,13.1,2.3,22897200,20098180,0.027477,train
2019,market,DeAndre' Bembry,ATL,SG,24,82,23.5,8.4,4.4,2.5,1634640,2493876,-0.008435,train
2019,production,DeAndre' Bembry,ATL,SG,24,82,23.5,8.4,4.4,2.5,1634640,2888352,-0.012307,train
2019,market,DeMar DeRozan,SAS,SG,29,77,34.9,21.2,6.0,6.2,27739975,28997679,-0.012346,test
2019,production,DeMar DeRozan,SAS,SG,29,77,34.9,21.2,6.0,6.2,27739975,21909932,0.057231,test
2019,market,DeMarre Carroll,BKN,PF,32,67,25.4,11.1,5.2,1.3,15400000,14890541,0.005001,train
2019,production,DeMarre Carroll,BKN,PF,32,67,25.4,11.1,5.2,1.3,15400000,11715003,0.036174,train
2019,market,Delon Wright,MEM,PG,26,75,22.7,8.7,3.5,3.3,2536898,5043914,-0.02461,test
2019,production,Delon Wright,MEM,PG,26,75,22.7,8.7,3.5,3.3,2536898,5001515,-0.024194,test
2019,market,Dennis Schroder,OKC,PG,25,79,29.3,15.5,3.6,4.1,15500000,13831132,0.016382,train
2019,production,Dennis Schroder,OKC,PG,25,79,29.3,15.5,3.6,4.1,15500000,13535093,0.019289,train
2019,market,Derrick Favors,UTA,C,27,76,23.2,11.8,7.4,1.2,16900000,14156487,0.026932,train
2019,production,Derrick Favors,UTA,C,27,76,23.2,11.8,7.4,1.2,16900000,14634327,0.022241,train
2019,market,Derrick Jones Jr.,MIA,SF,21,60,19.2,7.0,4.0,0.6,1512601,1814821,-0.002967,train
2019,production,Derrick Jones Jr.,MIA,SF,21,60,19.2,7.0,4.0,0.6,1512601,2119703,-0.00596,train
2019,market,Derrick White,SAS,PG,24,67,25.8,9.9,3.7,3.9,1667160,2738067,-0.010513,train
2019,production,Derrick White,SAS,PG,24,67,25.8,9.9,3.7,3.9,1667160,3618368,-0.019154,train
2019,market,Devin Booker,PHX,SG,22,64,35.0,26.6,4.1,6.8,3314365,4676651,-0.013373,train
2019,production,Devin Booker,PHX,SG,22,64,35.0,26.6,4.1,6.8,3314365,9528155,-0.060998,train
2019,market,Devin Harris,DAL,PG,35,68,15.8,6.3,1.6,1.8,1512601,3176455,-0.016333,train
2019,production,Devin Harris,DAL,PG,35,68,15.8,6.3,1.6,1.8,1512601,3030922,-0.014905,train
2019,market,Dewayne Dedmon,ATL,C,29,64,25.1,10.8,7.5,1.4,7200000,8405658,-0.011835,train
2019,production,Dewayne Dedmon,ATL,C,29,64,25.1,10.8,7.5,1.4,7200000,7308305,-0.001063,train
2019,market,Domantas Sabonis,IND,C,22,74,24.8,14.1,9.3,2.9,2659800,4071919,-0.013862,train
2019,production,Domantas Sabonis,IND,C,22,74,24.8,14.1,9.3,2.9,2659800,5417178,-0.027068,train
2019,market,Donovan Mitchell,UTA,SG,22,77,33.7,23.8,4.1,4.2,3111480,5000671,-0.018545,train
2019,production,Donovan Mitchell,UTA,SG,22,77,33.7,23.8,4.1,4.2,3111480,7581395,-0.043879,train
2019,market,Dorian Finney-Smith,DAL,SF,25,81,24.5,7.5,4.8,1.2,1544951,2242584,-0.006848,train
2019,production,Dorian Finney-Smith,DAL,SF,25,81,24.5,7.5,4.8,1.2,1544951,2570363,-0.010066,train
2019,market,Doug McDermott,IND,SF,27,77,17.4,7.3,1.4,0.9,7333333,7207042,0.00124,train
2019,production,Doug McDermott,IND,SF,27,77,17.4,7.3,1.4,0.9,7333333,6086788,0.012237,train
2019,market,Draymond Green,GSW,PF,28,66,31.3,7.4,7.3,6.9,17469565,17126452,0.003368,train
2019,production,Draymond Green,GSW,PF,28,66,31.3,7.4,7.3,6.9,17469565,17727779,-0.002535,train
2019,market,Dwight Powell,DAL,C,27,77,21.6,10.6,5.3,1.5,9631250,7357206,0.022323,test
2019,production,Dwight Powell,DAL,C,27,77,21.6,10.6,5.3,1.5,9631250,4420915,0.051147,test
2019,market,Dwyane Wade,MIA,SG,37,72,26.2,15.0,4.0,4.2,1512601,5372607,-0.037892,train
2019,production,Dwyane Wade,MIA,SG,37,72,26.2,15.0,4.0,4.2,1512601,3879072,-0.023231,train
2019,market,Ed Davis,BKN,C,29,81,17.9,5.8,8.6,0.8,4449000,6092188,-0.01613,train
2019,production,Ed Davis,BKN,C,29,81,17.9,5.8,8.6,0.8,4449000,5678398,-0.012068,train
2019,market,Emmanuel Mudiay,NYK,PG,22,59,27.2,14.8,3.3,3.9,4294480,5379512,-0.010651,test
2019,production,Emmanuel Mudiay,NYK,PG,22,59,27.2,14.8,3.3,3.9,4294480,10120755,-0.057194,test
2019,market,Eric Bledsoe,MIL,PG,29,78,29.1,15.9,4.6,5.5,15000000,14934973,0.000638,train
2019,production,Eric Bledsoe,MIL,PG,29,78,29.1,15.9,4.6,5.5,15000000,13899324,0.010805,train
2019,market,Eric Gordon,HOU,SG,30,68,31.7,16.2,2.2,1.9,13500375,15519109,-0.019817,train
2019,production,Eric Gordon,HOU,SG,30,68,31.7,16.2,2.2,1.9,13500375,13845998,-0.003393,train
2019,market,Ersan Ilyasova,MIL,PF,31,67,18.4,6.8,4.5,0.8,7000000,6481756,0.005087,train
2019,production,Ersan Ilyasova,MIL,PF,31,67,18.4,6.8,4.5,0.8,7000000,6180275,0.008047,train
2019,market,Evan Fournier,ORL,SG,26,81,31.5,15.1,3.2,3.6,17150000,15504023,0.016158,train
2019,production,Evan Fournier,ORL,SG,26,81,31.5,15.1,3.2,3.6,17150000,14503127,0.025983,train
2019,market,Evan Turner,POR,PG,30,73,22.0,6.8,4.5,3.9,17868853,13924425,0.038721,train
2019,production,Evan Turner,POR,PG,30,73,22.0,6.8,4.5,3.9,17868853,13153685,0.046287,train
2019,market,Frank Jackson,NOP,PG,20,61,19.2,8.1,2.2,1.1,1378242,3147869,-0.017372,test
2019,production,Frank Jackson,NOP,PG,20,61,19.2,8.1,2.2,1.1,1378242,2935773,-0.01529,test
2019,market,Fred VanVleet,TOR,PG,24,64,27.5,11.0,2.6,4.8,8653847,4848921,0.037351,test
2019,production,Fred VanVleet,TOR,PG,24,64,27.5,11.0,2.6,4.8,8653847,6053690,0.025525,test
2019,market,Garrett Temple,LAC,SG,32,75,27.2,7.8,2.9,1.4,8000000,7778239,0.002177,train
2019,production,Garrett Temple,LAC,SG,32,75,27.2,7.8,2.9,1.4,8000000,6998226,0.009834,train
2019,market,Gary Harris,DEN,SG,24,57,28.8,12.9,2.8,2.2,16517857,11955217,0.044789,train
2019,production,Gary Harris,DEN,SG,24,57,28.8,12.9,2.8,2.2,16517857,13369873,0.030902,train
2019,market,George Hill,MIL,PG,32,60,21.7,7.6,2.5,2.3,19000000,13709984,0.05193,train
2019,production,George Hill,MIL,PG,32,60,21.7,7.6,2.5,2.3,19000000,12369218,0.065091,train
2019,market,Georges Niang,UTA,PF,25,59,8.7,4.0,1.5,0.6,1512601,1835162,-0.003166,train
2019,production,Georges Niang,UTA,PF,25,59,8.7,4.0,1.5,0.6,1512601,2193782,-0.006687,train
2019,market,Gerald Green,HOU,SG,33,73,20.2,9.2,2.5,0.5,1512601,4113444,-0.025531,train
2019,production,Gerald Green,HOU,SG,33,73,20.2,9.2,2.5,0.5,1512601,3384812,-0.018379,train
2019,market,Giannis Antetokounmpo,MIL,PF,24,72,32.8,27.7,12.5,5.9,24157303,26413986,-0.022153,train
2019,production,Giannis Antetokounmpo,MIL,PF,24,72,32.8,27.7,12.5,5.9,24157303,26093263,-0.019004,train
2019,market,Gordon Hayward,BOS,PF,28,72,25.9,11.5,4.5,3.4,31214295,22861758,0.081993,train
2019,production,Gordon Hayward,BOS,PF,28,72,25.9,11.5,4.5,3.4,31214295,23367071,0.077033,train
2019,market,Gorgui Dieng,MIN,C,29,76,13.6,6.4,4.1,0.9,15170787,11503836,0.035997,train
2019,production,Gorgui Dieng,MIN,C,29,76,13.6,6.4,4.1,0.9,15170787,11628595,0.034772,train
2019,market,Harrison Barnes,SAC,PF-SF,26,77,32.9,16.4,4.7,1.5,24107258,21425731,0.026323,train
2019,production,Harrison Barnes,SAC,PF-SF,26,77,32.9,16.4,4.7,1.5,24107258,20583988,0.034586,train
2019,market,Hassan Whiteside,MIA,C,29,72,23.3,12.3,11.3,0.8,25434262,13890827,0.113316,test
2019,production,Hassan Whiteside,MIA,C,29,72,23.3,12.3,11.3,0.8,25434262,11507426,0.136713,test
2019,market,Ian Clark,NOP,SG,27,60,16.2,6.7,1.5,1.6,1512601,2769358,-0.012337,train
2019,production,Ian Clark,NOP,SG,27,60,16.2,6.7,1.5,1.6,1512601,2460041,-0.009301,train
2019,market,Iman Shumpert,HOU,SG,28,62,23.9,7.5,3.0,1.8,11011234,9266697,0.017125,train
2019,production,Iman Shumpert,HOU,SG,28,62,23.9,7.5,3.0,1.8,11011234,9114792,0.018616,train
2019,market,Ish Smith,DET,PG,30,56,22.3,8.9,2.6,3.6,6000000,7232813,-0.012102,train
2019,production,Ish Smith,DET,PG,30,56,22.3,8.9,2.6,3.6,6000000,6389753,-0.003826,train
2019,market,Ivica Zubac,LAC,C,21,59,17.6,8.9,6.1,1.1,1544951,2105577,-0.005503,train
2019,production,Ivica Zubac,LAC,C,21,59,17.6,8.9,6.1,1.1,1544951,2617769,-0.010531,train
2019,market,JaMychal Green,LAC,PF,28,65,21.1,9.4,6.3,0.8,7666667,7072809,0.00583,test
2019,production,JaMychal Green,LAC,PF,28,65,21.1,9.4,6.3,0.8,7666667,5123379,0.024966,test
2019,market,JaVale McGee,LAL,C,31,75,22.3,12.0,7.5,0.7,1512601,6321117,-0.047203,train
2019,production,JaVale McGee,LAL,C,31,75,22.3,12.0,7.5,0.7,1512601,3752891,-0.021992,train
2019,market,Jabari Parker,WAS,PF,23,64,26.9,14.5,6.6,2.4,20000000,14561362,0.053389,train
2019,production,Jabari Parker,WAS,PF,23,64,26.9,14.5,6.6,2.4,20000000,15721685,0.041998,train
2019,market,Jae Crowder,UTA,SF,28,80,27.1,11.9,4.8,1.7,7305825,10196852,-0.02838,test
2019,production,Jae Crowder,UTA,SF,28,80,27.1,11.9,4.8,1.7,7305825,5626124,0.016489,test
2019,market,Jahlil Okafor,NOP,C,23,59,15.8,8.2,4.7,0.7,1567707,2001423,-0.004258,train
2019,production,Jahlil Okafor,NOP,C,23,59,15.8,8.2,4.7,0.7,1567707,2770097,-0.011803,train
2019,market,Jake Layman,POR,SF,24,71,18.7,7.6,3.1,0.7,1544951,1832756,-0.002825,train
2019,production,Jake Layman,POR,SF,24,71,18.7,7.6,3.1,0.7,1544951,2047882,-0.004937,train
2019,market,Jakob Poeltl,SAS,C,23,77,16.5,5.5,5.3,1.2,2947320,2845595,0.000999,train
2019,production,Jakob Poeltl,SAS,C,23,77,16.5,5.5,5.3,1.2,2947320,3794467,-0.008316,train
2019,market,Jalen Brunson,DAL,PG,22,73,21.8,9.3,2.3,3.2,1230000,1817068,-0.005763,train
2019,production,Jalen Brunson,DAL,PG,22,73,21.8,9.3,2.3,3.2,1230000,2664392,-0.014081,train
2019,market,Jamal Crawford,PHX,SG,38,64,18.9,7.9,1.3,3.6,1512601,2790835,-0.012548,train
2019,production,Jamal Crawford,PHX,SG,38,64,18.9,7.9,1.3,3.6,1512601,2643648,-0.011103,train
2019,market,Jamal Murray,DEN,PG,21,75,32.6,18.2,4.2,4.8,3499800,4323893,-0.00809,train
2019,production,Jamal Murray,DEN,PG,21,75,32.6,18.2,4.2,4.8,3499800,6873041,-0.033114,train
2019,market,James Ennis III,PHI,SF,28,58,21.2,6.7,3.1,0.7,1621415,3039582,-0.013921,train
2019,production,James Ennis III,PHI,SF,28,58,21.2,6.7,3.1,0.7,1621415,2462602,-0.008258,train
2019,market,James Harden,HOU,PG,29,78,36.8,36.1,6.6,7.5,30421854,30697005,-0.002701,train
2019,production,James Harden,HOU,PG,29,78,36.8,36.1,6.6,7.5,30421854,30746027,-0.003182,train
2019,market,James Johnson,MIA,PF,31,55,21.2,7.8,3.2,2.5,14651700,7770738,0.067547,test
2019,production,James Johnson,MIA,PF,31,55,21.2,7.8,3.2,2.5,14651700,4748900,0.097211,test
2019,market,Jared Dudley,BKN,PF,33,59,20.7,4.9,2.6,1.4,9530000,8244205,0.012622,train
2019,production,Jared Dudley,BKN,PF,33,59,20.7,4.9,2.6,1.4,9530000,7223400,0.022643,train
2019,market,Jaren Jackson Jr.,MEM,PF,19,58,26.1,13.8,4.7,1.1,5915040,5710767,0.002005,train
2019,production,Jaren Jackson Jr.,MEM,PF,19,58,26.1,13.8,4.7,1.1,5915040,6893927,-0.009609,train
2019,market,Jarrett Allen,BKN,C,20,80,26.2,10.9,8.4,1.4,2034120,4421980,-0.02344,test
2019,production,Jarrett Allen,BKN,C,20,80,26.2,10.9,8.4,1.4,2034120,8743310,-0.065861,test
2019,market,Jaylen Brown,BOS,SG,22,74,25.9,13.0,4.2,1.4,5169960,3841162,0.013044,test
2019,production,Jaylen Brown,BOS,SG,22,74,25.9,13.0,4.2,1.4,5169960,4710641,0.004509,test
2019,market,Jayson Tatum,BOS,SF,20,79,31.1,15.7,6.0,2.1,6700800,5671948,0.0101,test
2019,production,Jayson Tatum,BOS,SF,20,79,31.1,15.7,6.0,2.1,6700800,13291444,-0.064697,test
2019,market,Jeff Green,WAS,PF,32,77,27.2,12.3,4.0,1.8,1512601,12193017,-0.104845,test
2019,production,Jeff Green,WAS,PF,32,77,27.2,12.3,4.0,1.8,1512601,7579466,-0.059556,test
2019,market,Jerami Grant,OKC,PF,24,80,32.7,13.6,5.2,1.0,8653847,10028801,-0.013497,train
2019,production,Jerami Grant,OKC,PF,24,80,32.7,13.6,5.2,1.0,8653847,10669003,-0.019782,train
2019,market,Jeremy Lamb,CHA,SG,26,79,28.5,15.3,5.5,2.2,7488372,8091584,-0.005921,train
2019,production,Jeremy Lamb,CHA,SG,26,79,28.5,15.3,5.5,2.2,7488372,7469718,0.000183,train
2019,market,Jeremy Lin,TOR,PG,30,74,19.4,9.6,2.4,3.1,487109,2399145,-0.01877,train
2019,production,Jeremy Lin,TOR,PG,30,74,19.4,9.6,2.4,3.1,487109,1777920,-0.012671,train
2019,market,Jerian Grant,ORL,PG,26,60,15.7,4.2,1.6,2.6,2639314,2430990,0.002045,train
2019,production,Jerian Grant,ORL,PG,26,60,15.7,4.2,1.6,2.6,2639314,2727897,-0.00087,train
2019,market,Jimmy Butler,PHI,SF-SG,29,65,33.6,18.7,5.3,4.0,20445779,20703279,-0.002528,train
2019,production,Jimmy Butler,PHI,SF-SG,29,65,33.6,18.7,5.3,4.0,20445779,21084851,-0.006273,train
2019,market,Joe Harris,BKN,SG,27,76,30.2,13.7,3.8,2.4,8333333,10446687,-0.020746,train
2019,production,Joe Harris,BKN,SG,27,76,30.2,13.7,3.8,2.4,8333333,10392505,-0.020214,train
2019,market,Joe Ingles,UTA,PF,31,82,31.3,12.1,4.0,5.7,13045455,13907380,-0.008461,train
2019,production,Joe Ingles,UTA,PF,31,82,31.3,12.1,4.0,5.7,13045455,14227438,-0.011603,train
2019,market,Joel Embiid,PHI,C,24,64,33.7,27.5,13.6,3.7,25467250,26456588,-0.009712,train
2019,production,Joel Embiid,PHI,C,24,64,33.7,27.5,13.6,3.7,25467250,24604621,0.008468,train
2019,market,John Collins,ATL,PF,21,61,30.0,19.5,9.8,2.0,2299080,4221431,-0.018871,train
2019,production,John Collins,ATL,PF,21,61,30.0,19.5,9.8,2.0,2299080,8857878,-0.064385,train
2019,market,Jonas Jerebko,GSW,PF,31,73,16.7,6.3,3.9,1.3,1512601,5787038,-0.04196,test
2019,production,Jonas Jerebko,GSW,PF,31,73,16.7,6.3,3.9,1.3,1512601,4347705,-0.027831,test
2019,market,Jonathan Isaac,ORL,PF,21,75,26.6,9.6,5.5,1.1,4969080,4725957,0.002387,train
2019,production,Jonathan Isaac,ORL,PF,21,75,26.6,9.6,5.5,1.1,4969080,5617219,-0.006362,train
2019,market,Jonathon Simmons,PHI,SG-SF,29,56,19.0,6.5,2.3,2.3,6000000,6551245,-0.005411,train
2019,production,Jonathon Simmons,PHI,SG-SF,29,56,19.0,6.5,2.3,2.3,6000000,5481186,0.005093,train
2019,market,Jordan Bell,GSW,C,24,68,11.6,3.3,2.7,1.1,1378242,1708504,-0.003242,train
2019,production,Jordan Bell,GSW,C,24,68,11.6,3.3,2.7,1.1,1378242,1879121,-0.004917,train
2019,market,Jordan Clarkson,CLE,SG,26,81,27.3,16.8,3.3,2.4,12500000,11663684,0.00821,train
2019,production,Jordan Clarkson,CLE,SG,26,81,27.3,16.8,3.3,2.4,12500000,11841512,0.006464,train
2019,market,Josh Hart,LAL,SG,23,67,25.6,7.8,3.7,1.4,1655160,2465337,-0.007953,train
2019,production,Josh Hart,LAL,SG,23,67,25.6,7.8,3.7,1.4,1655160,3127768,-0.014456,train
2019,market,Josh Jackson,PHX,SG,21,79,25.2,11.5,4.4,2.3,6041520,5245540,0.007814,train
2019,production,Josh Jackson,PHX,SG,21,79,25.2,11.5,4.4,2.3,6041520,6155919,-0.001123,train
2019,market,Josh Okogie,MIN,SG,20,74,23.7,7.7,2.9,1.2,2160720,2451582,-0.002855,train
2019,production,Josh Okogie,MIN,SG,20,74,23.7,7.7,2.9,1.2,2160720,3060191,-0.00883,train
2019,market,Josh Richardson,MIA,SG,25,73,34.8,16.6,3.6,4.1,9367200,11757166,-0.023461,train
2019,production,Josh Richardson,MIA,SG,25,73,34.8,16.6,3.6,4.1,9367200,11549029,-0.021418,train
2019,market,Jrue Holiday,NOP,SG,28,67,35.9,21.2,5.0,7.7,25976111,25252339,0.007105,train
2019,production,Jrue Holiday,NOP,SG,28,67,35.9,21.2,5.0,7.7,25976111,22398696,0.035118,train
2019,market,Julius Randle,NOP,PF,24,73,30.6,21.4,8.7,3.1,8641000,11945843,-0.032442,train
2019,production,Julius Randle,NOP,PF,24,73,30.6,21.4,8.7,3.1,8641000,11399936,-0.027083,train
2019,market,Justin Holiday,MEM,SG,29,82,31.8,10.5,3.9,1.8,4384616,8325408,-0.038685,train
2019,production,Justin Holiday,MEM,SG,29,82,31.8,10.5,3.9,1.8,4384616,7009979,-0.025772,train
2019,market,Justin Jackson,DAL,SF,23,81,19.9,7.2,2.6,1.2,2807880,2603329,0.002008,train
2019,production,Justin Jackson,DAL,SF,23,81,19.9,7.2,2.6,1.2,2807880,2714974,0.000912,train
2019,market,Justise Winslow,MIA,SF,22,66,29.7,12.6,5.4,4.3,3448926,4434688,-0.009677,test
2019,production,Justise Winslow,MIA,SF,22,66,29.7,12.6,5.4,4.3,3448926,10227173,-0.066539,test
2019,market,Jusuf Nurkic,POR,C,24,72,27.4,15.6,10.4,3.2,11111111,10083956,0.010083,train
2019,production,Jusuf Nurkic,POR,C,24,72,27.4,15.6,10.4,3.2,11111111,10996640,0.001124,train
2019,market,Karl-Anthony Towns,MIN,C,23,77,33.1,24.4,12.4,3.4,7839435,11369529,-0.034653,train
2019,production,Karl-Anthony Towns,MIN,C,23,77,33.1,24.4,12.4,3.4,7839435,14436286,-0.064758,train
2019,market,Kawhi Leonard,TOR,SF,27,60,34.0,26.6,7.3,3.3,23114067,25087449,-0.019372,train
2019,production,Kawhi Leonard,TOR,SF,27,60,34.0,26.6,7.3,3.3,23114067,24642335,-0.015002,train
2019,market,Kelly Olynyk,MIA,PF,27,79,22.9,10.0,4.7,1.8,12537527,8323319,0.041369,test
2019,production,Kelly Olynyk,MIA,PF,27,79,22.9,10.0,4.7,1.8,12537527,5034964,0.073649,test
2019,market,Kelly Oubre Jr.,PHX,SF,23,69,28.0,15.2,4.7,1.2,3208630,4179338,-0.009529,train
2019,production,Kelly Oubre Jr.,PHX,SF,23,69,28.0,15.2,4.7,1.2,3208630,5072443,-0.018296,train
2019,market,Kemba Walker,CHA,PG,28,82,34.9,25.6,4.4,5.9,12000000,16887959,-0.047983,train
2019,production,Kemba Walker,CHA,PG,28,82,34.9,25.6,4.4,5.9,12000000,13057084,-0.010377,train
2019,market,Kent Bazemore,ATL,SG,29,67,24.5,11.6,3.9,2.3,18089887,15276605,0.027617,train
2019,production,Kent Bazemore,ATL,SG,29,67,24.5,11.6,3.9,2.3,18089887,13392002,0.046117,train
2019,market,Kentavious Caldwell-Pope,LAL,SG,25,82,24.8,11.4,2.9,1.3,12000000,8298935,0.036332,train
2019,production,Kentavious Caldwell-Pope,LAL,SG,25,82,24.8,11.4,2.9,1.3,12000000,9726053,0.022322,train
2019,market,Kevin Durant,GSW,SF,30,78,34.6,26.0,6.4,5.9,30000000,30510184,-0.005008,train
2019,production,Kevin Durant,GSW,SF,30,78,34.6,26.0,6.4,5.9,30000000,29541784,0.004498,train
2019,market,Kevin Huerter,ATL,SG,20,75,27.3,9.7,3.3,2.9,2250960,3052151,-0.007865,train
2019,production,Kevin Huerter,ATL,SG,20,75,27.3,9.7,3.3,2.9,2250960,3187545,-0.009194,train
2019,market,Kevon Looney,GSW,C,22,80,18.5,6.3,5.2,1.5,1512601,1942760,-0.004223,train
2019,production,Kevon Looney,GSW,C,22,80,18.5,6.3,5.2,1.5,1512601,2149139,-0.006249,train
2019,market,Khris Middleton,MIL,SF,27,77,31.1,18.3,6.0,4.3,13000000,16058812,-0.030027,train
2019,production,Khris Middleton,MIL,SF,27,77,31.1,18.3,6.0,4.3,13000000,14133844,-0.01113,train
2019,market,Klay Thompson,GSW,SG,28,78,34.0,21.5,3.8,2.4,18988725,19624093,-0.006237,train
2019,production,Klay Thompson,GSW,SG,28,78,34.0,21.5,3.8,2.4,18988725,19928682,-0.009227,train
2019,market,Kyle Korver,UTA,SG-PF,37,70,19.1,8.6,2.3,1.2,7560000,6054923,0.014775,test
2019,production,Kyle Korver,UTA,SG-PF,37,70,19.1,8.6,2.3,1.2,7560000,4501420,0.030025,test
2019,market,Kyle Kuzma,LAL,PF,23,70,33.1,18.7,5.5,2.5,1689840,3200641,-0.014831,train
2019,production,Kyle Kuzma,LAL,PF,23,70,33.1,18.7,5.5,2.5,1689840,6382029,-0.046061,train
2019,market,Kyle Lowry,TOR,PG,32,65,34.0,14.2,4.8,8.7,31200000,23851500,0.072137,test
2019,production,Kyle Lowry,TOR,PG,32,65,34.0,14.2,4.8,8.7,31200000,20946961,0.100649,test
2019,market,Kyrie Irving,BOS,PG,26,67,33.0,23.8,5.0,6.9,20099189,22107525,-0.019715,train
2019,production,Kyrie Irving,BOS,PG,26,67,33.0,23.8,5.0,6.9,20099189,21012900,-0.008969,train
2019,market,LaMarcus Aldridge,SAS,C,33,81,33.2,21.3,9.2,2.4,22347015,24383526,-0.019991,test
2019,production,LaMarcus Aldridge,SAS,C,33,81,33.2,21.3,9.2,2.4,22347015,20075782,0.022296,test
2019,market,Lance Stephenson,LAL,SG,28,68,16.5,7.2,3.2,2.1,4449000,4592123,-0.001405,train
2019,production,Lance Stephenson,LAL,SG,28,68,16.5,7.2,3.2,2.1,4449000,4358046,0.000893,train
2019,market,Landry Shamet,LAC,SG,21,79,22.8,9.1,1.7,1.5,1703649,2581743,-0.00862,train
2019,production,Landry Shamet,LAC,SG,21,79,22.8,9.1,1.7,1.5,1703649,2938173,-0.012119,train
2019,market,Langston Galloway,DET,SG,27,80,21.8,8.4,2.1,1.1,7000000,6467186,0.00523,train
2019,production,Langston Galloway,DET,SG,27,80,21.8,8.4,2.1,1.1,7000000,6127952,0.00856,train
2019,market,Larry Nance Jr.,CLE,C,26,67,26.8,9.4,8.2,3.2,2272391,4362657,-0.020519,train
2019,production,Larry Nance Jr.,CLE,C,26,67,26.8,9.4,8.2,3.2,2272391,3652726,-0.01355,train
2019,market,LeBron James,LAL,SF,34,55,35.2,27.4,8.5,8.3,35654150,37607986,-0.01918,test
2019,production,LeBron James,LAL,SF,34,55,35.2,27.4,8.5,8.3,35654150,31794663,0.037887,test
2019,market,Lou Williams,LAC,SG,32,75,26.6,20.0,3.0,5.4,8000000,10813029,-0.027614,train
2019,production,Lou Williams,LAC,SG,32,75,26.6,20.0,3.0,5.4,8000000,9556034,-0.015275,train
2019,market,Luka Doncic,DAL,SG,19,72,32.2,21.2,7.8,6.0,6560640,7423834,-0.008474,train
2019,production,Luka Doncic,DAL,SG,19,72,32.2,21.2,7.8,6.0,6560640,11266278,-0.046193,train
2019,market,Luke Kennard,DET,SG,22,63,22.8,9.7,2.9,1.8,3275280,3565042,-0.002844,train
2019,production,Luke Kennard,DET,SG,22,63,22.8,9.7,2.9,1.8,3275280,3635177,-0.003533,train
2019,market,Malcolm Brogdon,MIL,SG,26,64,28.6,15.6,4.5,3.2,1544951,5360488,-0.037455,train
2019,production,Malcolm Brogdon,MIL,SG,26,64,28.6,15.6,4.5,3.2,1544951,6747851,-0.051074,train
2019,market,Malik Beasley,DEN,SG,22,81,23.2,11.3,2.5,1.2,1773840,3281805,-0.014803,test
2019,production,Malik Beasley,DEN,SG,22,81,23.2,11.3,2.5,1.2,1773840,5477444,-0.036357,test
2019,market,Malik Monk,CHA,SG,20,73,17.2,8.9,1.9,1.6,3447480,3445330,2.1e-05,train
2019,production,Malik Monk,CHA,SG,20,73,17.2,8.9,1.9,1.6,3447480,4071232,-0.006123,train
2019,market,Marc Gasol,TOR,C,34,79,30.8,13.6,7.9,4.4,24119025,21166691,0.028982,train
2019,production,Marc Gasol,TOR,C,34,79,30.8,13.6,7.9,4.4,24119025,18882572,0.051404,train
2019,market,Marco Belinelli,SAS,SG,32,79,23.0,10.5,2.5,1.7,6153846,6703892,-0.0054,train
2019,production,Marco Belinelli,SAS,SG,32,79,23.0,10.5,2.5,1.7,6153846,6777031,-0.006118,train
2019,market,Marcus Smart,BOS,SG,24,80,27.5,8.9,2.9,4.0,11660716,5302556,0.062415,test
2019,production,Marcus Smart,BOS,SG,24,80,27.5,8.9,2.9,4.0,11660716,7171496,0.044069,test
2019,market,Mario Hezonja,NYK,SF,23,58,20.8,8.8,4.1,1.5,6500000,5260872,0.012164,train
2019,production,Mario Hezonja,NYK,SF,23,58,20.8,8.8,4.1,1.5,6500000,5836382,0.006514,train
2019,market,Markieff Morris,OKC,PF,29,58,21.9,9.4,4.6,1.4,427288,4126096,-0.036309,train
2019,production,Markieff Morris,OKC,PF,29,58,21.9,9.4,4.6,1.4,427288,1725472,-0.012744,train
2019,market,Marvin Bagley III,SAC,PF,19,62,25.3,14.9,7.6,1.0,7305600,6362249,0.00926,test
2019,production,Marvin Bagley III,SAC,PF,19,62,25.3,14.9,7.6,1.0,7305600,9372411,-0.020289,test
2019,market,Marvin Williams,CHA,PF,32,75,28.4,10.1,5.4,1.2,14087500,9790008,0.042186,test
2019,production,Marvin Williams,CHA,PF,32,75,28.4,10.1,5.4,1.2,14087500,8408302,0.05575,test
2019,market,Mason Plumlee,DEN,C,28,82,21.1,7.8,6.4,3.0,12917808,11569504,0.013236,train
2019,production,Mason Plumlee,DEN,C,28,82,21.1,7.8,6.4,3.0,12917808,9575573,0.032809,train
2019,market,Maurice Harkless,POR,SF,25,60,23.6,7.7,4.5,1.2,10837079,8338066,0.024532,train
2019,production,Maurice Harkless,POR,SF,25,60,23.6,7.7,4.5,1.2,10837079,8464354,0.023292,train
2019,market,Maxi Kleber,DAL,PF,27,71,21.2,6.8,4.6,1.0,1378242,3200835,-0.017892,train
2019,production,Maxi Kleber,DAL,PF,27,71,21.2,6.8,4.6,1.0,1378242,2333688,-0.009379,train
2019,market,Meyers Leonard,POR,C,26,61,14.4,5.9,3.8,1.2,10595506,7413450,0.031237,train
2019,production,Meyers Leonard,POR,C,26,61,14.4,5.9,3.8,1.2,10595506,7735744,0.028073,train
2019,market,Michael Kidd-Gilchrist,CHA,PF,25,64,18.4,6.7,3.8,1.0,13000000,9253981,0.036773,train
2019,production,Michael Kidd-Gilchrist,CHA,PF,25,64,18.4,6.7,3.8,1.0,13000000,10620397,0.023359,train
2019,market,Mikal Bridges,PHX,SF,22,82,29.5,8.3,3.2,2.1,3552960,4476288,-0.009064,train
2019,production,Mikal Bridges,PHX,SF,22,82,29.5,8.3,3.2,2.1,3552960,5388666,-0.01802,train
2019,market,Mike Conley,MEM,PG,31,70,33.5,21.1,3.4,6.4,30521115,27664207,0.028045,train
2019,production,Mike Conley,MEM,PG,31,70,33.5,21.1,3.4,6.4,30521115,24288014,0.061187,train
2019,market,Mike Muscala,LAL,PF,27,64,20.4,7.0,3.8,1.2,5000000,5118491,-0.001163,train
2019,production,Mike Muscala,LAL,PF,27,64,20.4,7.0,3.8,1.2,5000000,5674247,-0.006619,train
2019,market,Mike Scott,PHI,PF,30,79,17.7,5.8,3.5,0.8,4320500,6907821,-0.025399,test
2019,production,Mike Scott,PHI,PF,30,79,17.7,5.8,3.5,0.8,4320500,5094313,-0.007596,test
2019,market,Miles Bridges,CHA,SF,20,80,21.2,7.5,4.0,1.2,3206640,3294443,-0.000862,train
2019,production,Miles Bridges,CHA,SF,20,80,21.2,7.5,4.0,1.2,3206640,3208420,-1.7e-05,train
2019,market,Mitchell Robinson,NYK,C,20,66,20.6,7.3,6.4,0.6,1485440,2440389,-0.009374,train
2019,production,Mitchell Robinson,NYK,C,20,66,20.6,7.3,6.4,0.6,1485440,2359429,-0.00858,train
2019,market,Monte Morris,DEN,PG,23,82,24.0,10.4,2.4,3.6,1349383,2435120,-0.010658,train
2019,production,Monte Morris,DEN,PG,23,82,24.0,10.4,2.4,3.6,1349383,3259814,-0.018754,train
2019,market,Montrezl Harrell,LAC,C,25,82,26.3,16.6,6.5,2.0,6000000,7314321,-0.012902,train
2019,production,Montrezl Harrell,LAC,C,25,82,26.3,16.6,6.5,2.0,6000000,7520733,-0.014928,train
2019,market,Myles Turner,IND,C,22,74,28.6,13.3,7.2,1.6,3410284,4498413,-0.010682,train
2019,production,Myles Turner,IND,C,22,74,28.6,13.3,7.2,1.6,3410284,6351983,-0.028877,train
2019,market,Nemanja Bjelica,SAC,PF,30,77,23.2,9.6,5.8,1.9,6500000,7225223,-0.007119,train
2019,production,Nemanja Bjelica,SAC,PF,30,77,23.2,9.6,5.8,1.9,6500000,7413283,-0.008965,train
2019,market,Nerlens Noel,OKC,C,24,77,13.7,4.9,4.2,0.6,1757429,2391414,-0.006224,train
2019,production,Nerlens Noel,OKC,C,24,77,13.7,4.9,4.2,0.6,1757429,3034585,-0.012537,train
2019,market,Nicolas Batum,CHA,SF,30,75,31.4,9.3,5.2,3.3,24000000,19694195,0.042268,train
2019,production,Nicolas Batum,CHA,SF,30,75,31.4,9.3,5.2,3.3,24000000,20011800,0.03915,train
2019,market,Nik Stauskas,CLE,SG,25,68,14.9,5.9,1.9,1.2,504200,2975587,-0.02426,test
2019,production,Nik Stauskas,CLE,SG,25,68,14.9,5.9,1.9,1.2,504200,4883217,-0.042987,test
2019,market,Nikola Jokic,DEN,C,23,80,31.3,20.1,10.8,7.3,24605181,17399450,0.070735,train
2019,production,Nikola Jokic,DEN,C,23,80,31.3,20.1,10.8,7.3,24605181,22609227,0.019593,train
2019,market,Nikola Vucevic,ORL,C,28,80,31.4,20.8,12.0,3.8,12750000,17104734,-0.042748,train
2019,production,Nikola Vucevic,ORL,C,28,80,31.4,20.8,12.0,3.8,12750000,15513663,-0.02713,train
2019,market,Noah Vonleh,NYK,PF,23,68,25.3,8.4,7.8,1.9,1512601,5233274,-0.036524,test
2019,production,Noah Vonleh,NYK,PF,23,68,25.3,8.4,7.8,1.9,1512601,7988323,-0.063569,test
2019,market,Norman Powell,TOR,SG,25,60,18.8,8.6,2.3,1.5,9367200,7002711,0.023211,train
2019,production,Norman Powell,TOR,SG,25,60,18.8,8.6,2.3,1.5,9367200,7139493,0.021868,train
2019,market,OG Anunoby,TOR,SF,21,67,20.2,7.0,2.9,0.7,2034120,2149122,-0.001129,train
2019,production,OG Anunoby,TOR,SF,21,67,20.2,7.0,2.9,0.7,2034120,2955107,-0.009041,train
2019,market,Otto Porter Jr.,CHI,SF,25,56,30.1,13.9,5.6,2.1,26011913,20332041,0.055757,train
2019,production,Otto Porter Jr.,CHI,SF,25,56,30.1,13.9,5.6,2.1,26011913,18914708,0.06967,train
2019,market,P.J. Tucker,HOU,PF,33,82,34.2,7.3,5.8,1.2,7969537,8624395,-0.006428,train
2019,production,P.J. Tucker,HOU,PF,33,82,34.2,7.3,5.8,1.2,7969537,8432231,-0.004542,train
2019,market,Pascal Siakam,TOR,PF,24,80,31.9,16.9,6.9,3.1,1544951,7711410,-0.060533,train
2019,production,Pascal Siakam,TOR,PF,24,80,31.9,16.9,6.9,3.1,1544951,5460885,-0.038441,train
2019,market,Pat Connaughton,MIL,SG,26,61,20.7,6.9,4.2,2.0,1641000,2156822,-0.005064,train
2019,production,Pat Connaughton,MIL,SG,26,61,20.7,6.9,4.2,2.0,1641000,3073109,-0.014058,train
2019,market,Patrick Beverley,LAC,PG,30,78,27.4,7.6,5.0,3.8,5027028,6028616,-0.009832,train
2019,production,Patrick Beverley,LAC,PG,30,78,27.4,7.6,5.0,3.8,5027028,5475391,-0.004401,train
2019,market,Patrick Patterson,OKC,PF,29,63,13.7,3.6,2.3,0.5,5451600,4831629,0.006086,train
2019,production,Patrick Patterson,OKC,PF,29,63,13.7,3.6,2.3,0.5,5451600,4110629,0.013164,train
2019,market,Patty Mills,SAS,PG,30,82,23.3,9.9,2.2,3.0,11571429,10248837,0.012983,train
2019,production,Patty Mills,SAS,PG,30,82,23.3,9.9,2.2,3.0,11571429,9373454,0.021576,train
2019,market,Paul George,OKC,SF,28,77,36.9,28.0,8.2,4.1,30560700,27198380,0.033006,train
2019,production,Paul George,OKC,SF,28,77,36.9,28.0,8.2,4.1,30560700,28861705,0.016678,train
2019,market,Paul Millsap,DEN,PF,33,70,27.1,12.6,7.2,2.0,29230769,24197887,0.049405,train
2019,production,Paul Millsap,DEN,PF,33,70,27.1,12.6,7.2,2.0,29230769,21474092,0.076144,train
2019,market,Quinn Cook,GSW,PG,25,74,14.3,6.9,2.1,1.6,1544951,2150499,-0.005944,train
2019,production,Quinn Cook,GSW,PG,25,74,14.3,6.9,2.1,1.6,1544951,2393371,-0.008329,train
2019,market,Reggie Bullock,LAL,SG,27,63,29.8,11.3,2.7,2.0,2500000,9458117,-0.068305,test
2019,production,Reggie Bullock,LAL,SG,27,63,29.8,11.3,2.7,2.0,2500000,9678722,-0.07047,test
2019,market,Reggie Jackson,DET,PG,28,82,27.9,15.4,2.6,4.2,17043478,15288974,0.017223,train
2019,production,Reggie Jackson,DET,PG,28,82,27.9,15.4,2.6,4.2,17043478,13437711,0.035396,train
2019,market,Richaun Holmes,PHX,C,25,70,16.9,8.2,4.7,0.9,1600520,2234424,-0.006223,train
2019,production,Richaun Holmes,PHX,C,25,70,16.9,8.2,4.7,0.9,1600520,2685611,-0.010652,train
2019,market,Ricky Rubio,UTA,PG,28,68,27.9,12.7,3.6,6.1,14975000,14334657,0.006286,train
2019,production,Ricky Rubio,UTA,PG,28,68,27.9,12.7,3.6,6.1,14975000,12957415,0.019806,train
2019,market,Robin Lopez,CHI,C,30,74,21.7,9.5,3.9,1.2,14357750,8478559,0.057713,test
2019,production,Robin Lopez,CHI,C,30,74,21.7,9.5,3.9,1.2,14357750,4903824,0.092805,test
2019,market,Rodions Kurucs,BKN,SF,20,63,20.5,8.5,3.9,0.8,1618320,2301746,-0.006709,train
2019,production,Rodions Kurucs,BKN,SF,20,63,20.5,8.5,3.9,0.8,1618320,2312220,-0.006812,train
2019,market,Rodney Hood,POR,SG,26,72,26.3,11.2,2.2,1.8,3472887,4507053,-0.010152,train
2019,production,Rodney Hood,POR,SG,26,72,26.3,11.2,2.2,1.8,3472887,5263131,-0.017574,train
2019,market,Rodney McGruder,MIA,SG,27,66,23.5,7.6,3.6,1.7,1544951,2738032,-0.011712,train
2019,production,Rodney McGruder,MIA,SG,27,66,23.5,7.6,3.6,1.7,1544951,2427614,-0.008665,train
2019,market,Rondae Hollis-Jefferson,BKN,SF,24,59,20.9,8.9,5.3,1.6,2470357,5145641,-0.026262,test
2019,production,Rondae Hollis-Jefferson,BKN,SF,24,59,20.9,8.9,5.3,1.6,2470357,5969708,-0.034351,test
2019,market,Royce O'Neale,UTA,SF,25,82,20.4,5.2,3.5,1.5,1378242,2080039,-0.006889,train
2019,production,Royce O'Neale,UTA,SF,25,82,20.4,5.2,3.5,1.5,1378242,2794353,-0.013901,train
2019,market,Rudy Gay,SAS,PF,32,69,26.7,13.7,6.8,2.6,10087200,15816180,-0.056239,test
2019,production,Rudy Gay,SAS,PF,32,69,26.7,13.7,6.8,2.6,10087200,9852444,0.002304,test
2019,market,Rudy Gobert,UTA,C,26,81,31.8,15.9,12.9,2.0,23241573,21831644,0.013841,train
2019,production,Rudy Gobert,UTA,C,26,81,31.8,15.9,12.9,2.0,23241573,20610772,0.025825,train
2019,market,Russell Westbrook,OKC,PG,30,73,36.0,22.9,11.1,10.7,35654150,36150458,-0.004872,train
2019,production,Russell Westbrook,OKC,PG,30,73,36.0,22.9,11.1,10.7,35654150,35058278,0.005849,train
2019,market,Semi Ojeleye,BOS,PF,24,56,10.6,3.3,1.5,0.4,1378242,1530748,-0.001497,train
2019,production,Semi Ojeleye,BOS,PF,24,56,10.6,3.3,1.5,0.4,1378242,1830544,-0.00444,train
2019,market,Serge Ibaka,TOR,C,29,74,27.2,15.0,8.1,1.3,21666667,18364611,0.032415,train
2019,production,Serge Ibaka,TOR,C,29,74,27.2,15.0,8.1,1.3,21666667,17413306,0.041753,train
2019,market,Seth Curry,POR,SG,28,74,18.9,7.9,1.6,0.9,2795000,3946292,-0.011302,train
2019,production,Seth Curry,POR,SG,28,74,18.9,7.9,1.6,0.9,2795000,3360688,-0.005553,train
2019,market,Shabazz Napier,BKN,PG,27,56,17.6,9.4,1.8,2.6,1942422,3716107,-0.017411,train
2019,production,Shabazz Napier,BKN,PG,27,56,17.6,9.4,1.8,2.6,1942422,2801387,-0.008432,train
2019,market,Shai Gilgeous-Alexander,LAC,PG,20,82,26.5,10.8,2.8,3.3,3375360,3651147,-0.002707,train
2019,production,Shai Gilgeous-Alexander,LAC,PG,20,82,26.5,10.8,2.8,3.3,3375360,5311532,-0.019006,train
2019,market,Shaquille Harrison,CHI,SG,25,73,19.6,6.5,3.0,1.9,1311265,3945382,-0.025858,test
2019,production,Shaquille Harrison,CHI,SG,25,73,19.6,6.5,3.0,1.9,1311265,4109959,-0.027473,test
2019,market,Shaun Livingston,GSW,PG,33,64,15.1,4.0,1.8,1.8,8307692,7437332,0.008544,train
2019,production,Shaun Livingston,GSW,PG,33,64,15.1,4.0,1.8,1.8,8307692,7215604,0.010721,train
2019,market,Shelvin Mack,CHA,PG,28,57,21.9,7.5,1.8,3.2,1512601,5409725,-0.038256,test
2019,production,Shelvin Mack,CHA,PG,28,57,21.9,7.5,1.8,3.2,1512601,4013410,-0.024549,test
2019,market,Sindarius Thornwell,LAC,SG,24,64,4.9,1.0,0.7,0.3,1378242,1489000,-0.001087,train
2019,production,Sindarius Thornwell,LAC,SG,24,64,4.9,1.0,0.7,0.3,1378242,2685710,-0.012835,train
2019,market,Spencer Dinwiddie,BKN,PG,25,68,28.1,16.8,2.4,4.6,1656092,7956902,-0.061852,test
2019,production,Spencer Dinwiddie,BKN,PG,25,68,28.1,16.8,2.4,4.6,1656092,9401618,-0.076034,test
2019,market,Stanley Johnson,NOP,SF,22,66,18.3,6.9,3.3,1.3,3940402,3669575,0.002659,train
2019,production,Stanley Johnson,NOP,SF,22,66,18.3,6.9,3.3,1.3,3940402,3663794,0.002715,train
2019,market,Stephen Curry,GSW,PG,30,69,33.8,27.3,5.3,5.2,37457154,35439582,0.019806,train
2019,production,Stephen Curry,GSW,PG,30,69,33.8,27.3,5.3,5.2,37457154,34935176,0.024757,train
2019,market,Sterling Brown,MIL,SG,23,58,17.8,6.4,3.2,1.4,1378242,2205582,-0.008122,train
2019,production,Sterling Brown,MIL,SG,23,58,17.8,6.4,3.2,1.4,1378242,2365384,-0.00969,train
2019,market,Steven Adams,OKC,C,25,80,33.4,13.9,9.5,1.6,24157303,14859133,0.091276,test
2019,production,Steven Adams,OKC,C,25,80,33.4,13.9,9.5,1.6,24157303,12144450,0.117925,test
2019,market,T.J. Leaf,IND,PF,21,58,9.0,3.9,2.2,0.4,2407560,2569833,-0.001593,train
2019,production,T.J. Leaf,IND,PF,21,58,9.0,3.9,2.2,0.4,2407560,2755247,-0.003413,train
2019,market,T.J. McConnell,PHI,PG,26,76,19.3,6.4,2.3,3.4,1600520,2118219,-0.005082,train
2019,production,T.J. McConnell,PHI,PG,26,76,19.3,6.4,2.3,3.4,1600520,3386566,-0.017533,train
2019,market,Taj Gibson,MIN,PF,33,70,24.1,10.8,6.5,1.2,14000000,12421638,0.015494,train
2019,production,Taj Gibson,MIN,PF,33,70,24.1,10.8,6.5,1.2,14000000,10887194,0.030557,train
2019,market,Taurean Prince,ATL,SF,24,55,28.2,13.5,3.6,2.1,2526840,3742854,-0.011937,train
2019,production,Taurean Prince,ATL,SF,24,55,28.2,13.5,3.6,2.1,2526840,5884134,-0.032957,train
2019,market,Terrance Ferguson,OKC,SG,20,74,26.1,6.9,1.9,1.0,2118840,2928359,-0.007947,train
2019,production,Terrance Ferguson,OKC,SG,20,74,26.1,6.9,1.9,1.0,2118840,5303083,-0.031258,train
2019,market,Terrence Ross,ORL,SG,27,81,26.5,15.1,3.5,1.7,10500000,9837122,0.006507,train
2019,production,Terrence Ross,ORL,SG,27,81,26.5,15.1,3.5,1.7,10500000,10441314,0.000576,train
2019,market,Terry Rozier,BOS,PG,24,79,22.7,9.0,3.9,2.9,3050390,4065336,-0.009963,test
2019,production,Terry Rozier,BOS,PG,24,79,22.7,9.0,3.9,2.9,3050390,4603613,-0.015247,test
2019,market,Thaddeus Young,IND,PF,30,81,30.7,12.6,6.5,2.5,13964045,15547774,-0.015547,train
2019,production,Thaddeus Young,IND,PF,30,81,30.7,12.6,6.5,2.5,13964045,12760130,0.011818,train
2019,market,Thomas Bryant,WAS,C,21,72,20.8,10.5,6.3,1.3,1378242,3364634,-0.019499,test
2019,production,Thomas Bryant,WAS,C,21,72,20.8,10.5,6.3,1.3,1378242,4666137,-0.032276,test
2019,market,Thon Maker,DET,C-PF,21,64,15.2,5.0,3.2,0.7,2799720,2685992,0.001116,train
2019,production,Thon Maker,DET,C-PF,21,64,15.2,5.0,3.2,0.7,2799720,2729257,0.000692,train
2019,market,Tim Frazier,MIL,PG,28,59,19.0,5.3,2.8,4.2,196553,1902243,-0.016744,train
2019,production,Tim Frazier,MIL,PG,28,59,19.0,5.3,2.8,4.2,196553,2183965,-0.019509,train
2019,market,Tim Hardaway Jr.,DAL,SG,26,65,31.6,18.1,3.4,2.4,19200127,18390420,0.007949,test
2019,production,Tim Hardaway Jr.,DAL,SG,26,65,31.6,18.1,3.4,2.4,19200127,15200516,0.039262,test
2019,market,Tobias Harris,PHI,PF,26,82,34.7,20.0,7.9,2.8,14800000,16915800,-0.02077,train
2019,production,Tobias Harris,PHI,PF,26,82,34.7,20.0,7.9,2.8,14800000,16031005,-0.012084,train
2019,market,Tomas Satoransky,WAS,PG,27,80,27.1,8.9,3.5,5.0,3129187,4848517,-0.016878,train
2019,production,Tomas Satoransky,WAS,PG,27,80,27.1,8.9,3.5,5.0,3129187,3855033,-0.007125,train
2019,market,Tony Parker,CHA,PG,36,56,17.9,9.5,1.5,3.7,5000000,5870974,-0.00855,train
2019,production,Tony Parker,CHA,PG,36,56,17.9,9.5,1.5,3.7,5000000,5087008,-0.000854,train
2019,market,Tony Snell,MIL,SF,27,74,17.6,6.0,2.1,0.9,10807143,8664212,0.021036,train
2019,production,Tony Snell,MIL,SF,27,74,17.6,6.0,2.1,0.9,10807143,7819585,0.029327,train
2019,market,Torrey Craig,DEN,SF,28,75,20.0,5.7,3.5,1.0,2000000,3031623,-0.010127,train
2019,production,Torrey Craig,DEN,SF,28,75,20.0,5.7,3.5,1.0,2000000,2320349,-0.003145,train
2019,market,Trae Young,ATL,PG,20,81,30.9,19.1,3.7,8.1,5356440,6446747,-0.010703,train
2019,production,Trae Young,ATL,PG,20,81,30.9,19.1,3.7,8.1,5356440,8458672,-0.030453,train
2019,market,Trey Burke,DAL,PG,26,58,19.4,10.9,1.7,2.7,1795015,3851576,-0.020188,train
2019,production,Trey Burke,DAL,PG,26,58,19.4,10.9,1.7,2.7,1795015,2782708,-0.009696,train
2019,market,Trey Lyles,DEN,PF,23,64,17.5,8.5,3.8,1.4,3364249,3385250,-0.000206,train
2019,production,Trey Lyles,DEN,PF,23,64,17.5,8.5,3.8,1.4,3364249,4071787,-0.006946,train
2019,market,Tyler Johnson,PHX,PG,26,57,26.8,10.9,3.0,2.9,19356932,14411330,0.048549,train
2019,production,Tyler Johnson,PHX,PG,26,57,26.8,10.9,3.0,2.9,19356932,15687665,0.036019,train
2019,market,Tyreke Evans,IND,SG,29,69,20.3,10.2,2.9,2.4,12400000,7268162,0.050377,test
2019,production,Tyreke Evans,IND,SG,29,69,20.3,10.2,2.9,2.4,12400000,4949702,0.073136,test
2019,market,Tyrone Wallace,LAC,PG,24,62,10.1,3.5,1.6,0.7,1349383,1363668,-0.00014,train
2019,production,Tyrone Wallace,LAC,PG,24,62,10.1,3.5,1.6,0.7,1349383,1624455,-0.0027,train
2019,market,Tyson Chandler,LAL,C,36,55,15.9,3.1,5.6,0.7,1333140,2909184,-0.015471,train
2019,production,Tyson Chandler,LAL,C,36,55,15.9,3.1,5.6,0.7,1333140,2893654,-0.015319,train
2019,market,Tyus Jones,MIN,PG,22,68,22.9,6.9,2.0,4.8,2444053,3297106,-0.008374,test
2019,production,Tyus Jones,MIN,PG,22,68,22.9,6.9,2.0,4.8,2444053,4556134,-0.020733,test
2019,market,Vince Carter,ATL,PF,42,76,17.5,7.4,2.6,1.1,1512601,3451239,-0.019031,train
2019,production,Vince Carter,ATL,PF,42,76,17.5,7.4,2.6,1.1,1512601,2934291,-0.013956,train
2019,market,Wayne Selden,CHI,SG,24,75,19.2,6.9,2.4,1.5,1544951,1790364,-0.002409,train
2019,production,Wayne Selden,CHI,SG,24,75,19.2,6.9,2.4,1.5,1544951,1914044,-0.003623,train
2019,market,Wes Iwundu,ORL,SF,24,68,18.1,5.0,2.7,1.1,1378242,1872468,-0.004852,train
2019,production,Wes Iwundu,ORL,SF,24,68,18.1,5.0,2.7,1.1,1378242,2051965,-0.006614,train
2019,market,Wesley Matthews,IND,SF-SG,32,69,30.3,12.2,2.5,2.3,512746,13543238,-0.127914,test
2019,production,Wesley Matthews,IND,SF-SG,32,69,30.3,12.2,2.5,2.3,512746,11310638,-0.105998,test
2019,market,Willie Cauley-Stein,SAC,C,25,81,27.3,11.9,8.4,2.4,4696875,6872857,-0.021361,train
2019,production,Willie Cauley-Stein,SAC,C,25,81,27.3,11.9,8.4,2.4,4696875,6452972,-0.017239,train
2019,market,Willy Hernangomez,CHA,C,24,58,14.0,7.3,5.4,1.0,1544951,1940015,-0.003878,train
2019,production,Willy Hernangomez,CHA,C,24,58,14.0,7.3,5.4,1.0,1544951,2440815,-0.008794,train
2019,market,Yogi Ferrell,SAC,PG,25,71,15.0,5.9,1.5,1.9,3000000,4204865,-0.011828,test
2019,production,Yogi Ferrell,SAC,PG,25,71,15.0,5.9,1.5,1.9,3000000,4393664,-0.013681,test
2019,market,Zach Collins,POR,C,21,77,17.6,6.6,4.2,0.9,3628920,3778888,-0.001472,train
2019,production,Zach Collins,POR,C,21,77,17.6,6.6,4.2,0.9,3628920,4237071,-0.00597,train
2019,market,Zach LaVine,CHI,SG,23,63,34.5,23.7,4.7,4.5,19500000,10341929,0.0899,test
2019,production,Zach LaVine,CHI,SG,23,63,34.5,23.7,4.7,4.5,19500000,19283476,0.002126,test
2019,market,Zaza Pachulia,DET,C,34,68,12.9,3.9,3.9,1.3,1512601,2883278,-0.013455,train
2019,production,Zaza Pachulia,DET,C,34,68,12.9,3.9,3.9,1.3,1512601,2143610,-0.006194,train
2020,market,Aaron Gordon,ORL,PF,24,62,32.5,14.4,7.7,3.7,19863636,17884947,0.01813,train
2020,production,Aaron Gordon,ORL,PF,24,62,32.5,14.4,7.7,3.7,19863636,16582608,0.030063,train
2020,market,Aaron Holiday,IND,PG,23,66,24.5,9.5,2.4,3.4,2329200,2391296,-0.000569,train
2020,production,Aaron Holiday,IND,PG,23,66,24.5,9.5,2.4,3.4,2329200,3486041,-0.0106,train
2020,market,Abdel Nader,OKC,SF,26,55,15.8,6.3,1.8,0.7,1618520,2176372,-0.005111,train
2020,production,Abdel Nader,OKC,SF,26,55,15.8,6.3,1.8,0.7,1618520,2355300,-0.006751,train
2020,market,Al Horford,PHI,C,33,67,30.2,11.9,6.8,4.0,28000000,18649336,0.085676,test
2020,production,Al Horford,PHI,C,33,67,30.2,11.9,6.8,4.0,28000000,13700165,0.131023,test
2020,market,Alec Burks,PHI,SF-SG,28,66,26.6,15.0,4.3,2.9,1620564,6930756,-0.048655,train
2020,production,Alec Burks,PHI,SF-SG,28,66,26.6,15.0,4.3,2.9,1620564,4384957,-0.025329,train
2020,market,Alex Caruso,LAL,PG,25,64,18.4,5.5,1.9,1.9,2750000,3264859,-0.004717,test
2020,production,Alex Caruso,LAL,PG,25,64,18.4,5.5,1.9,1.9,2750000,3585278,-0.007653,test
2020,market,Alex Len,SAC,C,26,55,17.6,8.0,5.8,0.9,4160000,4277496,-0.001077,train
2020,production,Alex Len,SAC,C,26,55,17.6,8.0,5.8,0.9,4160000,4040764,0.001093,train
2020,market,Andre Drummond,CLE,C,26,57,33.0,17.7,15.2,2.7,27093019,26602135,0.004498,train
2020,production,Andre Drummond,CLE,C,26,57,33.0,17.7,15.2,2.7,27093019,26647825,0.004079,train
2020,market,Anfernee Simons,POR,SG,20,70,20.7,8.3,2.2,1.4,2149560,3346241,-0.010965,test
2020,production,Anfernee Simons,POR,SG,20,70,20.7,8.3,2.2,1.4,2149560,4268605,-0.019416,test
2020,market,Anthony Davis,LAL,PF,26,62,34.4,26.1,9.3,3.2,27093018,27200726,-0.000987,train
2020,production,Anthony Davis,LAL,PF,26,62,34.4,26.1,9.3,3.2,27093018,26758930,0.003061,train
2020,market,Anthony Tolliver,MEM,PF,34,55,15.9,3.6,2.8,0.8,183115,3298828,-0.028548,train
2020,production,Anthony Tolliver,MEM,PF,34,55,15.9,3.6,2.8,0.8,183115,1248104,-0.009758,train
2020,market,Austin Rivers,HOU,SG,27,68,23.4,8.8,2.6,1.7,2147317,4868014,-0.024929,train
2020,production,Austin Rivers,HOU,SG,27,68,23.4,8.8,2.6,1.7,2147317,3337946,-0.010909,train
2020,market,Bam Adebayo,MIA,PF,22,72,33.6,15.9,10.2,5.1,3454080,5708493,-0.020656,train
2020,production,Bam Adebayo,MIA,PF,22,72,33.6,15.9,10.2,5.1,3454080,9891139,-0.05898,train
2020,market,Ben McLemore,HOU,SF,26,71,22.8,10.1,2.2,0.8,2028594,3326855,-0.011895,train
2020,production,Ben McLemore,HOU,SF,26,71,22.8,10.1,2.2,0.8,2028594,3730873,-0.015597,train
2020,market,Ben Simmons,PHI,PG,23,57,35.4,16.4,7.8,8.0,8113930,9087351,-0.008919,train
2020,production,Ben Simmons,PHI,PG,23,57,35.4,16.4,7.8,8.0,8113930,12784114,-0.042791,train
2020,market,Bobby Portis,NYK,PF,24,66,21.1,10.1,5.1,1.5,15000000,10895886,0.037604,train
2020,production,Bobby Portis,NYK,PF,24,66,21.1,10.1,5.1,1.5,15000000,10711832,0.039291,train
2020,market,Bogdan Bogdanovic,SAC,SG,27,61,29.0,15.1,3.4,3.4,8529386,9800726,-0.011649,train
2020,production,Bogdan Bogdanovic,SAC,SG,27,61,29.0,15.1,3.4,3.4,8529386,8795035,-0.002434,train
2020,market,Bojan Bogdanovic,UTA,SF,30,63,33.1,20.2,4.1,2.1,17000000,19805772,-0.025708,train
2020,production,Bojan Bogdanovic,UTA,SF,30,63,33.1,20.2,4.1,2.1,17000000,18115657,-0.010222,train
2020,market,Brad Wanamaker,BOS,PG,30,71,19.3,6.9,2.0,2.5,1445697,2543869,-0.010062,train
2020,production,Brad Wanamaker,BOS,PG,30,71,19.3,6.9,2.0,2.5,1445697,3312334,-0.017103,train
2020,market,Bradley Beal,WAS,SG,26,57,36.0,30.5,4.2,6.1,27093019,30600093,-0.032134,test
2020,production,Bradley Beal,WAS,SG,26,57,36.0,30.5,4.2,6.1,27093019,26564249,0.004845,test
2020,market,Brandon Clarke,MEM,PF,23,58,22.4,12.1,5.9,1.4,2478840,3724486,-0.011413,train
2020,production,Brandon Clarke,MEM,PF,23,58,22.4,12.1,5.9,1.4,2478840,4122179,-0.015057,train
2020,market,Brandon Ingram,NOP,PF,22,62,33.9,23.8,6.1,4.2,7265485,8484034,-0.011165,train
2020,production,Brandon Ingram,NOP,PF,22,62,33.9,23.8,6.1,4.2,7265485,12715133,-0.049933,train
2020,market,Brook Lopez,MIL,C,31,68,26.7,12.0,4.6,1.5,12093023,14642596,-0.023361,test
2020,production,Brook Lopez,MIL,C,31,68,26.7,12.0,4.6,1.5,12093023,9770941,0.021276,test
2020,market,Bruce Brown,DET,PG,23,58,28.2,8.9,4.7,4.0,1416852,4797610,-0.030976,test
2020,production,Bruce Brown,DET,PG,23,58,28.2,8.9,4.7,4.0,1416852,11458766,-0.092009,test
2020,market,Bruno Fernando,ATL,C,21,56,12.7,4.3,3.5,0.9,1400000,1720988,-0.002941,train
2020,production,Bruno Fernando,ATL,C,21,56,12.7,4.3,3.5,0.9,1400000,1739525,-0.003111,train
2020,market,Bryn Forbes,SAS,SG,26,63,25.1,11.2,2.0,1.7,2875000,4001193,-0.010319,train
2020,production,Bryn Forbes,SAS,SG,26,63,25.1,11.2,2.0,1.7,2875000,4865561,-0.018239,train
2020,market,Buddy Hield,SAC,SG,27,72,30.8,19.2,4.6,3.0,4861208,17442461,-0.115276,test
2020,production,Buddy Hield,SAC,SG,27,72,30.8,19.2,4.6,3.0,4861208,16251409,-0.104363,test
2020,market,CJ McCollum,POR,SG,28,70,36.5,22.2,4.2,4.4,27556959,26121229,0.013155,train
2020,production,CJ McCollum,POR,SG,28,70,36.5,22.2,4.2,4.4,27556959,24584238,0.027238,train
2020,market,Cam Reddish,ATL,SF,20,58,26.7,10.5,3.7,1.5,4245720,5317977,-0.009825,train
2020,production,Cam Reddish,ATL,SF,20,58,26.7,10.5,3.7,1.5,4245720,7048382,-0.02568,train
2020,market,Cameron Johnson,PHX,PF,23,57,22.0,8.8,3.3,1.2,4033440,3664458,0.003381,train
2020,production,Cameron Johnson,PHX,PF,23,57,22.0,8.8,3.3,1.2,4033440,4223041,-0.001737,train
2020,market,Carmelo Anthony,POR,PF,35,58,32.8,15.4,6.3,1.5,1364204,7916802,-0.060038,train
2020,production,Carmelo Anthony,POR,PF,35,58,32.8,15.4,6.3,1.5,1364204,6232441,-0.044605,train
2020,market,Cedi Osman,CLE,SF,24,65,29.4,11.0,3.6,2.4,2907143,4769558,-0.017064,train
2020,production,Cedi Osman,CLE,SF,24,65,29.4,11.0,3.6,2.4,2907143,4915377,-0.018401,train
2020,market,Chris Boucher,TOR,C,27,62,13.2,6.6,4.5,0.4,1588231,3827416,-0.020517,train
2020,production,Chris Boucher,TOR,C,27,62,13.2,6.6,4.5,0.4,1588231,2717420,-0.010346,train
2020,market,Chris Paul,OKC,PG,34,70,31.5,17.6,5.0,6.7,38506482,35889066,0.023982,train
2020,production,Chris Paul,OKC,PG,34,70,31.5,17.6,5.0,6.7,38506482,32280031,0.05705,train
2020,market,Christian Wood,DET,PF,24,62,21.4,13.1,6.3,1.0,1645357,5017484,-0.030897,test
2020,production,Christian Wood,DET,PF,24,62,21.4,13.1,6.3,1.0,1645357,6982827,-0.048905,test
2020,market,Coby White,CHI,PG,19,65,25.8,13.2,3.5,2.7,5307120,5776794,-0.004303,test
2020,production,Coby White,CHI,PG,19,65,25.8,13.2,3.5,2.7,5307120,8619825,-0.030353,test
2020,market,Cody Zeller,CHA,C,27,58,23.1,11.1,7.1,1.5,14471910,13550386,0.008444,train
2020,production,Cody Zeller,CHA,C,27,58,23.1,11.1,7.1,1.5,14471910,11448979,0.027698,train
2020,market,Collin Sexton,CLE,PG,21,65,33.0,20.8,3.1,3.0,4764960,5755140,-0.009073,test
2020,production,Collin Sexton,CLE,PG,21,65,33.0,20.8,3.1,3.0,4764960,15901955,-0.102043,test
2020,market,Cory Joseph,SAC,PG,28,72,24.4,6.4,2.6,3.5,12000000,10433487,0.014353,train
2020,production,Cory Joseph,SAC,PG,28,72,24.4,6.4,2.6,3.5,12000000,8954628,0.027903,train
2020,market,D.J. Augustin,ORL,PG,32,57,24.9,10.5,2.1,4.6,7250000,8946920,-0.015548,train
2020,production,D.J. Augustin,ORL,PG,32,57,24.9,10.5,2.1,4.6,7250000,8515153,-0.011592,train
2020,market,Damian Jones,ATL,C,24,55,16.1,5.6,3.7,0.6,2305057,2748028,-0.004059,train
2020,production,Damian Jones,ATL,C,24,55,16.1,5.6,3.7,0.6,2305057,3794033,-0.013643,train
2020,market,Damian Lillard,POR,PG,29,66,37.5,30.0,4.3,8.0,29802321,31721151,-0.017581,train
2020,production,Damian Lillard,POR,PG,29,66,37.5,30.0,4.3,8.0,29802321,30243510,-0.004042,train
2020,market,Daniel Theis,BOS,C,27,65,24.1,9.2,6.6,1.7,5000000,9944791,-0.045307,test
2020,production,Daniel Theis,BOS,C,27,65,24.1,9.2,6.6,1.7,5000000,7108015,-0.019315,test
2020,market,Danilo Gallinari,OKC,PF,31,62,29.6,18.7,5.2,1.9,22615559,22930948,-0.00289,train
2020,production,Danilo Gallinari,OKC,PF,31,62,29.6,18.7,5.2,1.9,22615559,21859098,0.006931,train
2020,market,Danny Green,LAL,SG,32,68,24.8,8.0,3.3,1.3,14634146,12825047,0.016576,train
2020,production,Danny Green,LAL,SG,32,68,24.8,8.0,3.3,1.3,14634146,12592868,0.018703,train
2020,market,Danuel House Jr.,HOU,SF,26,63,30.4,10.5,4.2,1.3,3540000,5141690,-0.014676,train
2020,production,Danuel House Jr.,HOU,SF,26,63,30.4,10.5,4.2,1.3,3540000,5783727,-0.020558,train
2020,market,Dario Saric,PHX,PF,25,66,24.7,10.7,6.2,1.9,3481986,3409214,0.000667,train
2020,production,Dario Saric,PHX,PF,25,66,24.7,10.7,6.2,1.9,3481986,5591512,-0.019329,train
2020,market,Darius Bazley,OKC,PF,19,61,18.5,5.6,4.0,0.7,2284800,3003874,-0.006589,train
2020,production,Darius Bazley,OKC,PF,19,61,18.5,5.6,4.0,0.7,2284800,3131267,-0.007756,train
2020,market,Darius Garland,CLE,SG,20,59,30.9,12.3,1.9,3.9,6400920,6542137,-0.001294,train
2020,production,Darius Garland,CLE,SG,20,59,30.9,12.3,1.9,3.9,6400920,8517796,-0.019396,train
2020,market,De'Andre Hunter,ATL,SF,22,63,32.0,12.3,4.5,1.8,7068360,6481773,0.005375,train
2020,production,De'Andre Hunter,ATL,SF,22,63,32.0,12.3,4.5,1.8,7068360,7610625,-0.004969,train
2020,market,De'Anthony Melton,MEM,PG,21,60,19.5,7.6,3.7,2.9,1416852,3782992,-0.02168,test
2020,production,De'Anthony Melton,MEM,PG,21,60,19.5,7.6,3.7,2.9,1416852,4454639,-0.027834,test
2020,market,DeAndre Jordan,BKN,C,31,56,22.0,8.3,10.0,1.9,9881598,11149057,-0.011613,test
2020,production,DeAndre Jordan,BKN,C,31,56,22.0,8.3,10.0,1.9,9881598,10341753,-0.004216,test
2020,market,DeMar DeRozan,SAS,SF,30,68,34.1,22.1,5.5,5.6,27739975,29823251,-0.019088,train
2020,production,DeMar DeRozan,SAS,SF,30,68,34.1,22.1,5.5,5.6,27739975,26836014,0.008283,train
2020,market,Dejounte Murray,SAS,PG,23,66,25.6,10.9,5.8,4.1,2321735,2846948,-0.004812,train
2020,production,Dejounte Murray,SAS,PG,23,66,25.6,10.9,5.8,4.1,2321735,4232174,-0.017504,train
2020,market,Delon Wright,DAL,PG,27,73,21.5,6.9,3.8,3.3,9473684,8210457,0.011574,train
2020,production,Delon Wright,DAL,PG,27,73,21.5,6.9,3.8,3.3,9473684,7212247,0.020721,train
2020,market,Dennis Schroder,OKC,PG,26,65,30.8,18.9,3.6,4.0,15500000,17482244,-0.018162,test
2020,production,Dennis Schroder,OKC,PG,26,65,30.8,18.9,3.6,4.0,15500000,12194526,0.030287,test
2020,market,Derrick Jones Jr.,MIA,SF,22,59,23.3,8.5,3.9,1.1,1645357,2228640,-0.005344,train
2020,production,Derrick Jones Jr.,MIA,SF,22,59,23.3,8.5,3.9,1.1,1645357,2468538,-0.007542,train
2020,market,Derrick White,SAS,SG,25,68,24.7,11.3,3.3,3.5,1948080,3116627,-0.010707,train
2020,production,Derrick White,SAS,SG,25,68,24.7,11.3,3.3,3.5,1948080,5189220,-0.029697,train
2020,market,Devin Booker,PHX,SG,23,70,35.9,26.6,4.2,6.5,27285000,22561763,0.043277,train
2020,production,Devin Booker,PHX,SG,23,70,35.9,26.6,4.2,6.5,27285000,28741140,-0.013342,train
2020,market,Devonte' Graham,CHA,PG,24,63,35.1,18.2,3.4,7.5,1416852,9736253,-0.076227,train
2020,production,Devonte' Graham,CHA,PG,24,63,35.1,18.2,3.4,7.5,1416852,10077556,-0.079354,train
2020,market,Dillon Brooks,MEM,SG,24,73,28.9,16.2,3.3,2.1,1618520,3777865,-0.019785,train
2020,production,Dillon Brooks,MEM,SG,24,73,28.9,16.2,3.3,2.1,1618520,6474597,-0.044494,train
2020,market,Domantas Sabonis,IND,PF,23,62,34.8,18.5,12.4,5.0,3529555,11545199,-0.073444,test
2020,production,Domantas Sabonis,IND,PF,23,62,34.8,18.5,12.4,5.0,3529555,22721738,-0.175849,test
2020,market,Donovan Mitchell,UTA,SG,23,69,34.3,24.0,4.4,4.3,3635760,5730272,-0.019191,train
2020,production,Donovan Mitchell,UTA,SG,23,69,34.3,24.0,4.4,4.3,3635760,10048732,-0.058759,train
2020,market,Donte DiVincenzo,MIL,SG,23,66,23.0,9.2,4.8,2.3,2905800,3083967,-0.001632,train
2020,production,Donte DiVincenzo,MIL,SG,23,66,23.0,9.2,4.8,2.3,2905800,3525249,-0.005676,train
2020,market,Dorian Finney-Smith,DAL,PF,26,71,29.9,9.5,5.7,1.6,4000000,8222774,-0.038691,test
2020,production,Dorian Finney-Smith,DAL,PF,26,71,29.9,9.5,5.7,1.6,4000000,8998431,-0.045798,test
2020,market,Doug McDermott,IND,PF,28,69,19.9,10.3,2.5,1.1,7333333,6848165,0.004445,train
2020,production,Doug McDermott,IND,PF,28,69,19.9,10.3,2.5,1.1,7333333,6900078,0.00397,train
2020,market,Duncan Robinson,MIA,SG,25,73,29.7,13.5,3.2,1.4,1416852,5161377,-0.034309,train
2020,production,Duncan Robinson,MIA,SG,25,73,29.7,13.5,3.2,1.4,1416852,6331886,-0.045034,train
2020,market,Dwight Howard,LAL,C,34,69,18.9,7.5,7.3,0.7,1620564,7150406,-0.050667,test
2020,production,Dwight Howard,LAL,C,34,69,18.9,7.5,7.3,0.7,1620564,6557931,-0.045239,test
2020,market,E'Twaun Moore,NOP,SG,30,56,18.2,8.3,2.3,1.4,8664928,7737175,0.008501,train
2020,production,E'Twaun Moore,NOP,SG,30,56,18.2,8.3,2.3,1.4,8664928,6814919,0.016951,train
2020,market,Elie Okobo,PHX,PG,22,55,13.1,4.0,1.6,2.1,1416852,1572686,-0.001428,train
2020,production,Elie Okobo,PHX,PG,22,55,13.1,4.0,1.6,2.1,1416852,1698309,-0.002579,train
2020,market,Eric Bledsoe,MIL,PG,30,61,27.0,14.9,4.6,5.4,15625000,16153437,-0.004842,train
2020,production,Eric Bledsoe,MIL,PG,30,61,27.0,14.9,4.6,5.4,15625000,14512446,0.010194,train
2020,market,Eric Paschall,GSW,PF,23,60,27.6,14.0,4.6,2.1,898310,3151182,-0.020642,train
2020,production,Eric Paschall,GSW,PF,23,60,27.6,14.0,4.6,2.1,898310,3510963,-0.023939,train
2020,market,Ersan Ilyasova,MIL,PF,32,63,15.7,6.6,4.8,0.8,7000000,6445259,0.005083,train
2020,production,Ersan Ilyasova,MIL,PF,32,63,15.7,6.6,4.8,0.8,7000000,6300299,0.006411,train
2020,market,Evan Fournier,ORL,SF,27,66,31.5,18.5,2.6,3.2,17150000,17139210,9.9e-05,train
2020,production,Evan Fournier,ORL,SF,27,66,31.5,18.5,2.6,3.2,17150000,17336678,-0.00171,train
2020,market,Frank Jackson,NOP,PG,21,59,13.5,6.3,1.4,1.0,1618520,1811705,-0.00177,train
2020,production,Frank Jackson,NOP,PG,21,59,13.5,6.3,1.4,1.0,1618520,2142926,-0.004805,train
2020,market,Frank Ntilikina,NYK,PG,21,57,20.8,6.3,2.1,3.0,4855800,4062712,0.007267,train
2020,production,Frank Ntilikina,NYK,PG,21,57,20.8,6.3,2.1,3.0,4855800,4595157,0.002388,train
2020,market,Furkan Korkmaz,PHI,SG,22,72,21.7,9.8,2.3,1.1,1620564,3381148,-0.016131,test
2020,production,Furkan Korkmaz,PHI,SG,22,72,21.7,9.8,2.3,1.1,1620564,5695722,-0.037339,test
2020,market,Garrett Temple,BKN,SG,33,62,27.9,10.3,3.5,2.5,4767000,10476157,-0.05231,test
2020,production,Garrett Temple,BKN,SG,33,62,27.9,10.3,3.5,2.5,4767000,6601295,-0.016807,test
2020,market,Gary Harris,DEN,SG,25,56,31.8,10.4,2.9,2.1,17839286,15815732,0.018541,train
2020,production,Gary Harris,DEN,SG,25,56,31.8,10.4,2.9,2.1,17839286,14055393,0.03467,train
2020,market,Gary Trent Jr.,POR,SF,21,61,21.8,8.9,1.6,1.0,1416852,2542217,-0.010311,train
2020,production,Gary Trent Jr.,POR,SF,21,61,21.8,8.9,1.6,1.0,1416852,3059443,-0.01505,train
2020,market,George Hill,MIL,PG,33,59,21.5,9.4,3.0,3.1,9133907,8681879,0.004142,train
2020,production,George Hill,MIL,PG,33,59,21.5,9.4,3.0,3.1,9133907,7897514,0.011329,train
2020,market,Georges Niang,UTA,PF,26,66,14.0,5.9,1.9,0.7,1645357,2969555,-0.012133,test
2020,production,Georges Niang,UTA,PF,26,66,14.0,5.9,1.9,0.7,1645357,3877709,-0.020454,test
2020,market,Giannis Antetokounmpo,MIL,PF,25,63,30.4,29.5,13.6,5.6,25842697,29127050,-0.030093,test
2020,production,Giannis Antetokounmpo,MIL,PF,25,63,30.4,29.5,13.6,5.6,25842697,32612346,-0.062027,test
2020,market,Glenn Robinson III,PHI,SF,26,62,28.8,11.7,4.4,1.5,1620564,3121874,-0.013756,train
2020,production,Glenn Robinson III,PHI,SF,26,62,28.8,11.7,4.4,1.5,1620564,4195515,-0.023593,train
2020,market,Goran Dragic,MIA,PG,33,59,28.2,16.2,3.2,5.1,19217900,18412020,0.007384,train
2020,production,Goran Dragic,MIA,PG,33,59,28.2,16.2,3.2,5.1,19217900,15275757,0.03612,train
2020,market,Gorgui Dieng,MEM,C,30,63,17.4,7.4,5.6,1.2,16229213,11948586,0.039221,train
2020,production,Gorgui Dieng,MEM,C,30,63,17.4,7.4,5.6,1.2,16229213,11770625,0.040852,train
2020,market,Grant Williams,BOS,PF,21,69,15.1,3.4,2.6,1.0,2379840,2193851,0.001704,test
2020,production,Grant Williams,BOS,PF,21,69,15.1,3.4,2.6,1.0,2379840,3760054,-0.012646,test
2020,market,Hassan Whiteside,POR,C,30,67,30.0,15.5,13.5,1.2,27093017,24057925,0.027809,train
2020,production,Hassan Whiteside,POR,C,30,67,30.0,15.5,13.5,1.2,27093017,24616269,0.022693,train
2020,market,Isaac Bonga,WAS,SF,20,66,18.9,5.0,3.4,1.2,1416842,1986778,-0.005222,train
2020,production,Isaac Bonga,WAS,SF,20,66,18.9,5.0,3.4,1.2,1416842,1983708,-0.005194,train
2020,market,Ish Smith,WAS,PG,31,68,26.3,10.9,3.2,4.9,6000000,7397191,-0.012802,train
2020,production,Ish Smith,WAS,PG,31,68,26.3,10.9,3.2,4.9,6000000,6492835,-0.004516,train
2020,market,Ivica Zubac,LAC,C,22,72,18.4,8.3,7.5,1.1,6481482,5433353,0.009604,train
2020,production,Ivica Zubac,LAC,C,22,72,18.4,8.3,7.5,1.1,6481482,6954771,-0.004337,train
2020,market,Ja Morant,MEM,PG,20,67,31.0,17.8,3.9,7.3,8730240,8245324,0.004443,train
2020,production,Ja Morant,MEM,PG,20,67,31.0,17.8,3.9,7.3,8730240,12122750,-0.031084,train
2020,market,JaMychal Green,LAC,PF,29,63,20.7,6.8,6.2,0.8,4767000,5371970,-0.005543,train
2020,production,JaMychal Green,LAC,PF,29,63,20.7,6.8,6.2,0.8,4767000,5233165,-0.004271,train
2020,market,JaVale McGee,LAL,C,32,68,16.6,6.6,5.7,0.5,4000000,6491605,-0.022829,train
2020,production,JaVale McGee,LAL,C,32,68,16.6,6.6,5.7,0.5,4000000,5968316,-0.018035,train
2020,market,Jae Crowder,MIA,SF-PF,29,65,28.8,10.5,5.9,2.5,7815533,8884141,-0.009791,train
2020,production,Jae Crowder,MIA,SF-PF,29,65,28.8,10.5,5.9,2.5,7815533,7691661,0.001135,train
2020,market,Jakob Poeltl,SAS,C,24,66,17.7,5.6,5.7,1.8,3754886,5127616,-0.012578,test
2020,production,Jakob Poeltl,SAS,C,24,66,17.7,5.6,5.7,1.8,3754886,8140933,-0.040187,test
2020,market,Jalen Brunson,DAL,PG,23,57,17.9,8.2,2.4,3.3,1416852,2171491,-0.006914,test
2020,production,Jalen Brunson,DAL,PG,23,57,17.9,8.2,2.4,3.3,1416852,3554123,-0.019583,test
2020,market,Jamal Murray,DEN,PG,22,59,32.3,18.5,4.0,4.8,4444746,5147917,-0.006443,train
2020,production,Jamal Murray,DEN,PG,22,59,32.3,18.5,4.0,4.8,4444746,9378052,-0.045202,train
2020,market,James Ennis III,ORL,SF-SG,29,69,18.3,6.6,3.6,0.9,1882867,3147029,-0.011583,train
2020,production,James Ennis III,ORL,SF-SG,29,69,18.3,6.6,3.6,0.9,1882867,2377100,-0.004528,train
2020,market,James Harden,HOU,SG,30,68,36.5,34.3,6.6,7.5,38199000,37295663,0.008277,train
2020,production,James Harden,HOU,SG,30,68,36.5,34.3,6.6,7.5,38199000,36009994,0.020057,train
2020,market,Jaren Jackson Jr.,MEM,C,20,57,28.5,17.4,4.6,1.4,6927480,7555978,-0.005759,test
2020,production,Jaren Jackson Jr.,MEM,C,20,57,28.5,17.4,4.6,1.4,6927480,15236936,-0.076136,test
2020,market,Jarrett Allen,BKN,C,21,70,26.5,11.1,9.6,1.6,2376840,4494476,-0.019403,test
2020,production,Jarrett Allen,BKN,C,21,70,26.5,11.1,9.6,1.6,2376840,11564028,-0.084178,test
2020,market,Jarrett Culver,MIN,SG,20,63,23.9,9.2,3.4,1.7,5813640,5356603,0.004188,train
2020,production,Jarrett Culver,MIN,SG,20,63,23.9,9.2,3.4,1.7,5813640,6212357,-0.003653,train
2020,market,Jaxson Hayes,NOP,C,19,64,16.9,7.4,4.0,0.9,4862040,4407916,0.004161,train
2020,production,Jaxson Hayes,NOP,C,19,64,16.9,7.4,4.0,0.9,4862040,4399223,0.004241,train
2020,market,Jaylen Brown,BOS,SG,23,57,33.9,20.3,6.4,2.1,6534829,8365689,-0.016775,train
2020,production,Jaylen Brown,BOS,SG,23,57,33.9,20.3,6.4,2.1,6534829,11895759,-0.04912,train
2020,market,Jayson Tatum,BOS,PF,21,66,34.3,23.4,7.0,3.0,7830000,8673689,-0.00773,train
2020,production,Jayson Tatum,BOS,PF,21,66,34.3,23.4,7.0,3.0,7830000,13241100,-0.049579,train
2020,market,Jeff Teague,ATL,PG,31,59,24.8,10.9,2.4,5.2,19000000,15227041,0.03457,train
2020,production,Jeff Teague,ATL,PG,31,59,24.8,10.9,2.4,5.2,19000000,15224171,0.034596,train
2020,market,Jerami Grant,DEN,PF,25,71,26.6,12.0,3.5,1.2,9346153,8025679,0.012099,train
2020,production,Jerami Grant,DEN,PF,25,71,26.6,12.0,3.5,1.2,9346153,8979236,0.003362,train
2020,market,Jerome Robinson,WAS,SG,22,63,15.5,5.1,2.0,1.4,3567720,3343672,0.002053,train
2020,production,Jerome Robinson,WAS,SG,22,63,15.5,5.1,2.0,1.4,3567720,3560760,6.4e-05,train
2020,market,Jevon Carter,PHX,PG,24,58,16.3,4.9,2.0,1.4,1416852,1914023,-0.004555,train
2020,production,Jevon Carter,PHX,PG,24,58,16.3,4.9,2.0,1.4,1416852,2007564,-0.005412,train
2020,market,Jimmy Butler,MIA,SF,30,58,33.8,19.9,6.7,6.0,32742000,32587264,0.001418,train
2020,production,Jimmy Butler,MIA,SF,30,58,33.8,19.9,6.7,6.0,32742000,32100414,0.005879,train
2020,market,Joe Harris,BKN,SF,28,69,30.8,14.5,4.3,2.1,7666667,10170305,-0.02294,train
2020,production,Joe Harris,BKN,SF,28,69,30.8,14.5,4.3,2.1,7666667,9792695,-0.01948,train
2020,market,Joe Ingles,UTA,PF,32,72,29.7,9.8,3.9,5.2,11954546,12961985,-0.009231,train
2020,production,Joe Ingles,UTA,PF,32,72,29.7,9.8,3.9,5.2,11954546,11160434,0.007276,train
2020,market,Jonas Valanciunas,MEM,C,27,70,26.4,14.9,11.3,1.9,16000000,16437846,-0.004012,test
2020,production,Jonas Valanciunas,MEM,C,27,70,26.4,14.9,11.3,1.9,16000000,14152301,0.01693,test
2020,market,Jordan Clarkson,UTA,SG,27,71,24.0,15.2,2.6,1.9,13437500,11736693,0.015584,train
2020,production,Jordan Clarkson,UTA,SG,27,71,24.0,15.2,2.6,1.9,13437500,13133661,0.002784,train
2020,market,Jordan Poole,GSW,SG,20,57,22.4,8.8,2.1,2.4,1964760,2644879,-0.006232,train
2020,production,Jordan Poole,GSW,SG,20,57,22.4,8.8,2.1,2.4,1964760,3482045,-0.013902,train
2020,market,Josh Hart,NOP,SF,24,65,27.0,10.1,6.5,1.7,1655160,6436132,-0.043806,test
2020,production,Josh Hart,NOP,SF,24,65,27.0,10.1,6.5,1.7,1655160,7819483,-0.056481,test
2020,market,Josh Okogie,MIN,SG,21,62,25.0,8.6,4.3,1.6,2530680,3007850,-0.004372,train
2020,production,Josh Okogie,MIN,SG,21,62,25.0,8.6,4.3,1.6,2530680,4715142,-0.020015,train
2020,market,Josh Richardson,PHI,SG,26,55,30.8,13.7,3.2,2.9,10116576,12189820,-0.018996,train
2020,production,Josh Richardson,PHI,SG,26,55,30.8,13.7,3.2,2.9,10116576,10964288,-0.007767,train
2020,market,Jrue Holiday,NOP,SG,29,61,34.7,19.1,4.8,6.7,26231111,26129734,0.000929,train
2020,production,Jrue Holiday,NOP,SG,29,61,34.7,19.1,4.8,6.7,26231111,24260316,0.018057,train
2020,market,Julius Randle,NYK,PF,25,64,32.5,19.5,9.7,3.1,18000000,20090791,-0.019157,train
2020,production,Julius Randle,NYK,PF,25,64,32.5,19.5,9.7,3.1,18000000,18358560,-0.003285,train
2020,market,Justin Holiday,IND,SF,30,73,25.0,8.3,3.3,1.3,4767000,5440463,-0.006171,train
2020,production,Justin Holiday,IND,SF,30,73,25.0,8.3,3.3,1.3,4767000,5305273,-0.004932,train
2020,market,Justin Jackson,DAL,PF,24,65,16.1,5.5,2.4,0.8,3280920,3945362,-0.006088,train
2020,production,Justin Jackson,DAL,PF,24,65,16.1,5.5,2.4,0.8,3280920,4004899,-0.006633,train
2020,market,Kawhi Leonard,LAC,SF,28,57,32.4,27.1,7.1,4.9,32742000,31900587,0.007709,train
2020,production,Kawhi Leonard,LAC,SF,28,57,32.4,27.1,7.1,4.9,32742000,28953760,0.03471,train
2020,market,Kelly Olynyk,MIA,C,28,67,19.4,8.2,4.6,1.7,12667885,10180438,0.022791,train
2020,production,Kelly Olynyk,MIA,C,28,67,19.4,8.2,4.6,1.7,12667885,9096736,0.032721,train
2020,market,Kelly Oubre Jr.,PHX,SF,24,56,34.5,18.7,6.4,1.5,15625000,17645126,-0.018509,train
2020,production,Kelly Oubre Jr.,PHX,SF,24,56,34.5,18.7,6.4,1.5,15625000,16341792,-0.006568,train
2020,market,Kemba Walker,BOS,PG,29,56,31.1,20.4,3.9,4.8,32742000,28023846,0.04323,train
2020,production,Kemba Walker,BOS,PG,29,56,31.1,20.4,3.9,4.8,32742000,27172808,0.051028,train
2020,market,Kendrick Nunn,MIA,PG,24,67,29.3,15.3,2.7,3.3,1416852,11933422,-0.096359,test
2020,production,Kendrick Nunn,MIA,PG,24,67,29.3,15.3,2.7,3.3,1416852,11605061,-0.09335,test
2020,market,Kent Bazemore,SAC,SF,30,68,24.8,8.8,4.3,1.4,19269662,16581802,0.024628,train
2020,production,Kent Bazemore,SAC,SF,30,68,24.8,8.8,4.3,1.4,19269662,13026481,0.057203,train
2020,market,Kentavious Caldwell-Pope,LAL,SG,26,69,25.5,9.3,2.1,1.6,8089282,6532211,0.014267,train
2020,production,Kentavious Caldwell-Pope,LAL,SG,26,69,25.5,9.3,2.1,1.6,8089282,8055232,0.000312,train
2020,market,Kevin Huerter,ATL,SG,21,56,31.4,12.2,4.1,3.8,2636280,4102345,-0.013433,train
2020,production,Kevin Huerter,ATL,SG,21,56,31.4,12.2,4.1,3.8,2636280,6681315,-0.037063,train
2020,market,Kevin Love,CLE,PF,31,56,31.8,17.6,9.8,3.2,28942830,22996197,0.054486,test
2020,production,Kevin Love,CLE,PF,31,56,31.8,17.6,9.8,3.2,28942830,20375007,0.078503,test
2020,market,Khris Middleton,MIL,SF,28,62,29.9,20.9,6.2,4.3,30603448,26772274,0.035103,train
2020,production,Khris Middleton,MIL,SF,28,62,29.9,20.9,6.2,4.3,30603448,26690510,0.035852,train
2020,market,Kristaps Porzingis,DAL,C,24,57,31.8,20.4,9.5,1.8,27285000,24319794,0.027169,train
2020,production,Kristaps Porzingis,DAL,C,24,57,31.8,20.4,9.5,1.8,27285000,24673418,0.023929,train
2020,market,Kyle Anderson,MEM,SF,26,67,19.9,5.8,4.3,2.4,9073050,4977618,0.037525,test
2020,production,Kyle Anderson,MEM,SF,26,67,19.9,5.8,4.3,2.4,9073050,4796463,0.039184,test
2020,market,Kyle Korver,MIL,SF,38,58,16.6,6.7,2.1,1.2,1620564,3034396,-0.012954,train
2020,production,Kyle Korver,MIL,SF,38,58,16.6,6.7,2.1,1.2,1620564,2749240,-0.010342,train
2020,market,Kyle Kuzma,LAL,PF,24,61,25.0,12.8,4.5,1.3,1974600,3842248,-0.017112,train
2020,production,Kyle Kuzma,LAL,PF,24,61,25.0,12.8,4.5,1.3,1974600,4118701,-0.019645,train
2020,market,Kyle Lowry,TOR,PG,33,58,36.2,19.4,5.0,7.5,34996296,33622080,0.012591,train
2020,production,Kyle Lowry,TOR,PG,33,58,36.2,19.4,5.0,7.5,34996296,30929143,0.037265,train
2020,market,Langston Galloway,DET,SG,28,66,25.8,10.3,2.3,1.5,7333333,8037073,-0.006448,train
2020,production,Langston Galloway,DET,SG,28,66,25.8,10.3,2.3,1.5,7333333,6459149,0.00801,train
2020,market,Larry Nance Jr.,CLE,PF,27,56,26.3,10.1,7.3,2.2,12727273,10086142,0.024199,test
2020,production,Larry Nance Jr.,CLE,PF,27,56,26.3,10.1,7.3,2.2,12727273,7699353,0.046069,test
2020,market,LeBron James,LAL,PG,35,67,34.6,25.3,7.8,10.2,37436858,38819889,-0.012672,train
2020,production,LeBron James,LAL,PG,35,67,34.6,25.3,7.8,10.2,37436858,34960886,0.022686,train
2020,market,Lonnie Walker IV,SAS,SG,21,61,16.2,6.4,2.3,1.1,2689920,2498542,0.001754,train
2020,production,Lonnie Walker IV,SAS,SG,21,61,16.2,6.4,2.3,1.1,2689920,2863480,-0.00159,train
2020,market,Lou Williams,LAC,PG,33,65,28.7,18.2,3.1,5.6,8000000,16069009,-0.073933,test
2020,production,Lou Williams,LAC,PG,33,65,28.7,18.2,3.1,5.6,8000000,12256295,-0.038998,test
2020,market,Luka Doncic,DAL,PG,20,61,33.6,28.8,9.4,8.8,7683360,10004529,-0.021268,train
2020,production,Luka Doncic,DAL,PG,20,61,33.6,28.8,9.4,8.8,7683360,14094671,-0.058744,train
2020,market,Malik Beasley,MIN,SG,23,55,22.0,11.2,2.7,1.4,2731714,3730264,-0.009149,train
2020,production,Malik Beasley,MIN,SG,23,55,22.0,11.2,2.7,1.4,2731714,3681837,-0.008706,train
2020,market,Malik Monk,CHA,SG,21,55,21.3,10.3,2.9,2.1,4028400,4407502,-0.003474,train
2020,production,Malik Monk,CHA,SG,21,55,21.3,10.3,2.9,2.1,4028400,5119096,-0.009994,train
2020,market,Marco Belinelli,SAS,SG,33,57,15.5,6.3,1.7,1.2,5846154,5725684,0.001104,train
2020,production,Marco Belinelli,SAS,SG,33,57,15.5,6.3,1.7,1.2,5846154,5765442,0.00074,train
2020,market,Marcus Smart,BOS,SG,25,60,32.0,12.9,3.8,4.9,12553571,12990964,-0.004008,train
2020,production,Marcus Smart,BOS,SG,25,60,32.0,12.9,3.8,4.9,12553571,13737127,-0.010844,train
2020,market,Markelle Fultz,ORL,PG,21,72,27.7,12.1,3.3,5.1,9745200,4408013,0.048902,test
2020,production,Markelle Fultz,ORL,PG,21,72,27.7,12.1,3.3,5.1,9745200,6716932,0.027747,test
2020,market,Markieff Morris,LAL,PF,30,58,20.5,9.7,3.8,1.3,1750000,3730510,-0.018147,train
2020,production,Markieff Morris,LAL,PF,30,58,20.5,9.7,3.8,1.3,1750000,2247530,-0.004559,train
2020,market,Marquese Chriss,GSW,PF,22,59,20.3,9.3,6.2,1.9,654469,1565244,-0.008345,train
2020,production,Marquese Chriss,GSW,PF,22,59,20.3,9.3,6.2,1.9,654469,2873513,-0.020332,train
2020,market,Marvin Williams,MIL,PF,33,58,19.5,5.9,3.2,1.0,604278,2041230,-0.013166,train
2020,production,Marvin Williams,MIL,PF,33,58,19.5,5.9,3.2,1.0,604278,1939334,-0.012233,train
2020,market,Mason Plumlee,DEN,C,29,61,17.3,7.2,5.2,2.5,14041096,12073848,0.018025,train
2020,production,Mason Plumlee,DEN,C,29,61,17.3,7.2,5.2,2.5,14041096,11394478,0.02425,train
2020,market,Matisse Thybulle,PHI,SG,22,65,19.8,4.7,1.6,1.2,2582160,2808815,-0.002077,train
2020,production,Matisse Thybulle,PHI,SG,22,65,19.8,4.7,1.6,1.2,2582160,3229253,-0.005929,train
2020,market,Matthew Dellavedova,CLE,PG,29,57,14.4,3.1,1.3,3.2,9607500,5934261,0.033656,test
2020,production,Matthew Dellavedova,CLE,PG,29,57,14.4,3.1,1.3,3.2,9607500,4782471,0.04421,test
2020,market,Maurice Harkless,NYK,PF-SF,26,62,23.0,5.8,3.9,1.1,11011234,8783552,0.020411,train
2020,production,Maurice Harkless,NYK,PF-SF,26,62,23.0,5.8,3.9,1.1,11011234,8549688,0.022554,train
2020,market,Maxi Kleber,DAL,PF,28,74,25.5,9.1,5.2,1.2,8000000,9462154,-0.013397,train
2020,production,Maxi Kleber,DAL,PF,28,74,25.5,9.1,5.2,1.2,8000000,8071092,-0.000651,train
2020,market,Michael Porter Jr.,DEN,SF,21,55,16.4,9.3,4.7,0.8,3389400,3461666,-0.000662,train
2020,production,Michael Porter Jr.,DEN,SF,21,55,16.4,9.3,4.7,0.8,3389400,3708993,-0.002928,train
2020,market,Mikal Bridges,PHX,SF,23,73,28.0,9.1,4.0,1.8,4161000,4053113,0.000989,train
2020,production,Mikal Bridges,PHX,SF,23,73,28.0,9.1,4.0,1.8,4161000,5675628,-0.013878,train
2020,market,Mike Scott,PHI,PF,31,68,17.8,6.0,3.6,0.8,4767000,5233262,-0.004272,train
2020,production,Mike Scott,PHI,PF,31,68,17.8,6.0,3.6,0.8,4767000,5141773,-0.003434,train
2020,market,Miles Bridges,CHA,SF,21,65,30.7,13.0,5.6,1.8,3755400,4472603,-0.006571,train
2020,production,Miles Bridges,CHA,SF,21,65,30.7,13.0,5.6,1.8,3755400,7398138,-0.033377,train
2020,market,Mitchell Robinson,NYK,C,21,61,23.1,9.7,7.0,0.6,1599712,4430891,-0.025941,test
2020,production,Mitchell Robinson,NYK,C,21,61,23.1,9.7,7.0,0.6,1599712,7014671,-0.049615,test
2020,market,Monte Morris,DEN,PG,24,73,22.4,9.0,1.9,3.5,1588231,2151854,-0.005164,train
2020,production,Monte Morris,DEN,PG,24,73,22.4,9.0,1.9,3.5,1588231,3128219,-0.01411,train
2020,market,Montrezl Harrell,LAC,C,26,63,27.8,18.6,7.1,1.7,6000000,8407495,-0.022059,train
2020,production,Montrezl Harrell,LAC,C,26,63,27.8,18.6,7.1,1.7,6000000,8514026,-0.023035,train
2020,market,Myles Turner,IND,C,23,62,29.5,12.1,6.6,1.2,18000000,13431421,0.04186,train
2020,production,Myles Turner,IND,C,23,62,29.5,12.1,6.6,1.2,18000000,14479161,0.03226,train
2020,market,Nemanja Bjelica,SAC,PF,31,72,27.9,11.5,6.4,2.8,6825000,9762606,-0.026916,train
2020,production,Nemanja Bjelica,SAC,PF,31,72,27.9,11.5,6.4,2.8,6825000,7939656,-0.010213,train
2020,market,Nerlens Noel,OKC,C,25,61,18.5,7.4,4.9,0.9,1620564,2405095,-0.007188,train
2020,production,Nerlens Noel,OKC,C,25,61,18.5,7.4,4.9,0.9,1620564,2968638,-0.012352,train
2020,market,Nicolo Melli,NOP,C,29,60,17.4,6.6,3.0,1.4,4102564,4625271,-0.004789,train
2020,production,Nicolo Melli,NOP,C,29,60,17.4,6.6,3.0,1.4,4102564,4229816,-0.001166,train
2020,market,Nikola Jokic,DEN,C,24,73,32.0,19.9,9.7,7.0,27504630,24568964,0.026898,test
2020,production,Nikola Jokic,DEN,C,24,73,32.0,19.9,9.7,7.0,27504630,20051425,0.06829,test
2020,market,Nikola Vucevic,ORL,C,29,62,32.2,19.6,10.9,3.6,28000000,27865016,0.001237,train
2020,production,Nikola Vucevic,ORL,C,29,62,32.2,19.6,10.9,3.6,28000000,24717946,0.030072,train
2020,market,OG Anunoby,TOR,SF,22,69,29.9,10.6,5.3,1.6,2281800,5821008,-0.032428,test
2020,production,OG Anunoby,TOR,SF,22,69,29.9,10.6,5.3,1.6,2281800,11609781,-0.085468,test
2020,market,P.J. Tucker,HOU,PF,34,72,34.3,6.9,6.6,1.6,8349039,10223560,-0.017175,train
2020,production,P.J. Tucker,HOU,PF,34,72,34.3,6.9,6.6,1.6,8349039,9024684,-0.006191,train
2020,market,Pascal Siakam,TOR,PF,25,60,35.2,22.9,7.3,3.5,2351839,25026400,-0.207757,test
2020,production,Pascal Siakam,TOR,PF,25,60,35.2,22.9,7.3,3.5,2351839,19925765,-0.161022,test
2020,market,Pat Connaughton,MIL,SG,27,67,18.6,5.4,4.2,1.6,1723050,2667946,-0.008658,train
2020,production,Pat Connaughton,MIL,SG,27,67,18.6,5.4,4.2,1.6,1723050,2304229,-0.005325,train
2020,market,Patrick Patterson,LAC,PF,30,59,13.2,4.9,2.6,0.7,1620564,2672521,-0.009639,train
2020,production,Patrick Patterson,LAC,PF,30,59,13.2,4.9,2.6,0.7,1620564,1961136,-0.003121,train
2020,market,Patty Mills,SAS,PG,31,66,22.5,11.6,1.6,1.8,12428571,11445953,0.009003,train
2020,production,Patty Mills,SAS,PG,31,66,22.5,11.6,1.6,1.8,12428571,10808803,0.014841,train
2020,market,Ricky Rubio,PHX,PG,29,65,31.0,13.0,4.7,8.8,16200000,17241324,-0.009541,train
2020,production,Ricky Rubio,PHX,PG,29,65,31.0,13.0,4.7,8.8,16200000,17557911,-0.012442,train
2020,market,Robert Covington,HOU,PF-C,29,70,30.5,12.4,6.6,1.3,11301219,13220705,-0.017587,train
2020,production,Robert Covington,HOU,PF-C,29,70,30.5,12.4,6.6,1.3,11301219,12154298,-0.007816,train
2020,market,Robin Lopez,MIL,C,31,66,14.5,5.4,2.4,0.7,4767000,4951040,-0.001686,test
2020,production,Robin Lopez,MIL,C,31,66,14.5,5.4,2.4,0.7,4767000,3135195,0.014951,test
2020,market,Rodney McGruder,LAC,SG,28,56,15.6,3.3,2.7,0.6,4807693,5483899,-0.006196,test
2020,production,Rodney McGruder,LAC,SG,28,56,15.6,3.3,2.7,0.6,4807693,3460713,0.012342,test
2020,market,Rondae Hollis-Jefferson,TOR,PF,25,60,18.7,7.0,4.7,1.8,2500000,3200012,-0.006414,train
2020,production,Rondae Hollis-Jefferson,TOR,PF,25,60,18.7,7.0,4.7,1.8,2500000,3298765,-0.007319,train
2020,market,Royce O'Neale,UTA,SF,26,71,28.9,6.3,5.5,2.5,1618520,4569861,-0.027042,train
2020,production,Royce O'Neale,UTA,SF,26,71,28.9,6.3,5.5,2.5,1618520,5606959,-0.036544,train
2020,market,Rudy Gay,SAS,PF,33,67,21.8,10.8,5.4,1.7,14500000,9576542,0.045111,test
2020,production,Rudy Gay,SAS,PF,33,67,21.8,10.8,5.4,1.7,14500000,7332035,0.065677,test
2020,market,Rudy Gobert,UTA,C,27,68,34.3,15.1,13.5,1.5,23241573,24768794,-0.013993,train
2020,production,Rudy Gobert,UTA,C,27,68,34.3,15.1,13.5,1.5,23241573,23560557,-0.002923,train
2020,market,Russell Westbrook,HOU,PG,31,57,35.9,27.2,7.9,7.0,38506482,37383122,0.010293,train
2020,production,Russell Westbrook,HOU,PG,31,57,35.9,27.2,7.9,7.0,38506482,35701885,0.025697,train
2020,market,Ryan Arcidiacono,CHI,PG,25,58,16.0,4.5,1.9,1.7,3000000,2798659,0.001845,train
2020,production,Ryan Arcidiacono,CHI,PG,25,58,16.0,4.5,1.9,1.7,3000000,3319411,-0.002927,train
2020,market,Semi Ojeleye,BOS,PF,25,69,14.7,3.4,2.1,0.5,1618520,1767719,-0.001367,train
2020,production,Semi Ojeleye,BOS,PF,25,69,14.7,3.4,2.1,0.5,1618520,2133767,-0.004721,train
2020,market,Serge Ibaka,TOR,C,30,55,27.0,15.4,8.2,1.4,23271604,17902353,0.049196,test
2020,production,Serge Ibaka,TOR,C,30,55,27.0,15.4,8.2,1.4,23271604,14522597,0.080163,test
2020,market,Seth Curry,DAL,SG,29,64,24.6,12.4,2.3,1.9,7461380,8771555,-0.012005,train
2020,production,Seth Curry,DAL,SG,29,64,24.6,12.4,2.3,1.9,7461380,7458067,3e-05,train
2020,market,Shabazz Napier,WAS,PG,28,56,24.0,10.3,2.8,4.7,1845301,5494933,-0.03344,train
2020,production,Shabazz Napier,WAS,PG,28,56,24.0,10.3,2.8,4.7,1845301,4633352,-0.025546,train
2020,market,Shai Gilgeous-Alexander,OKC,SG,21,70,34.7,19.0,5.9,3.3,3952920,4906566,-0.008738,train
2020,production,Shai Gilgeous-Alexander,OKC,SG,21,70,34.7,19.0,5.9,3.3,3952920,10067350,-0.056024,train
2020,market,Solomon Hill,MIA,PF,28,59,18.4,5.5,2.8,1.8,12758781,9428716,0.030512,train
2020,production,Solomon Hill,MIA,PF,28,59,18.4,5.5,2.8,1.8,12758781,9480704,0.030036,train
2020,market,Spencer Dinwiddie,BKN,PG,26,64,31.2,20.6,3.5,6.8,10605600,12139054,-0.01405,train
2020,production,Spencer Dinwiddie,BKN,PG,26,64,31.2,20.6,3.5,6.8,10605600,12248348,-0.015052,train
2020,market,Steven Adams,OKC,C,26,63,26.7,10.9,9.3,2.3,25842697,11765218,0.128986,test
2020,production,Steven Adams,OKC,C,26,63,26.7,10.9,9.3,2.3,25842697,11051264,0.135527,test
2020,market,T.J. McConnell,IND,PG,27,71,18.7,6.5,2.7,5.0,3500000,4832781,-0.012212,train
2020,production,T.J. McConnell,IND,PG,27,71,18.7,6.5,2.7,5.0,3500000,4274978,-0.007101,train
2020,market,T.J. Warren,IND,SF,26,67,32.9,19.8,4.2,1.5,10810000,14866188,-0.037165,train
2020,production,T.J. Warren,IND,SF,26,67,32.9,19.8,4.2,1.5,10810000,15716698,-0.044958,train
2020,market,Taj Gibson,NYK,C,34,62,16.5,6.1,4.3,0.8,9000000,8432200,0.005202,train
2020,production,Taj Gibson,NYK,C,34,62,16.5,6.1,4.3,0.8,9000000,7391830,0.014735,train
2020,market,Taurean Prince,BKN,PF,25,64,29.0,12.1,6.0,1.8,3481986,6342856,-0.026213,train
2020,production,Taurean Prince,BKN,PF,25,64,29.0,12.1,6.0,1.8,3481986,5853214,-0.021726,train
2020,market,Terence Davis,TOR,SG,22,72,16.8,7.5,3.3,1.6,898310,1783165,-0.008108,train
2020,production,Terence Davis,TOR,SG,22,72,16.8,7.5,3.3,1.6,898310,2521327,-0.014871,train
2020,market,Terrance Ferguson,OKC,SF,21,56,22.4,3.9,1.3,0.9,2475840,3535264,-0.009707,test
2020,production,Terrance Ferguson,OKC,SF,21,56,22.4,3.9,1.3,0.9,2475840,6499048,-0.036863,test
2020,market,Terrence Ross,ORL,SG,28,69,27.4,14.7,3.2,1.2,12500000,12012214,0.004469,train
2020,production,Terrence Ross,ORL,SG,28,69,27.4,14.7,3.2,1.2,12500000,12061826,0.004015,train
2020,market,Terry Rozier,CHA,PG,25,63,34.3,18.0,4.4,4.1,19894737,20127558,-0.002133,test
2020,production,Terry Rozier,CHA,PG,25,63,34.3,18.0,4.4,4.1,19894737,16775057,0.028584,test
2020,market,Thaddeus Young,CHI,PF,31,64,24.9,10.3,4.9,1.8,12900000,11608128,0.011837,train
2020,production,Thaddeus Young,CHI,PF,31,64,24.9,10.3,4.9,1.8,12900000,10890395,0.018413,train
2020,market,Thon Maker,DET,C,22,60,12.9,4.7,2.8,0.7,3569643,3107845,0.004231,train
2020,production,Thon Maker,DET,C,22,60,12.9,4.7,2.8,0.7,3569643,2961218,0.005575,train
2020,market,Tim Hardaway Jr.,DAL,SG,27,71,29.5,15.8,3.3,1.9,20025127,18138599,0.017285,train
2020,production,Tim Hardaway Jr.,DAL,SG,27,71,29.5,15.8,3.3,1.9,20025127,17945562,0.019054,train
2020,market,Tobias Harris,PHI,PF,27,72,34.3,19.6,6.9,3.2,32742000,29188110,0.032563,train
2020,production,Tobias Harris,PHI,PF,27,72,34.3,19.6,6.9,3.2,32742000,26786024,0.054572,train
2020,market,Tomas Satoransky,CHI,SG,28,65,28.9,9.9,3.9,5.4,10000000,10132640,-0.001215,train
2020,production,Tomas Satoransky,CHI,SG,28,65,28.9,9.9,3.9,5.4,10000000,9373574,0.00574,train
2020,market,Tony Bradley,UTA,C,22,58,11.4,4.9,4.6,0.4,1962360,2585453,-0.005709,train
2020,production,Tony Bradley,UTA,C,22,58,11.4,4.9,4.6,0.4,1962360,2895079,-0.008546,train
2020,market,Tony Snell,DET,SF,28,59,27.8,8.0,1.9,2.2,11392857,9882784,0.013836,test
2020,production,Tony Snell,DET,SF,28,59,27.8,8.0,1.9,2.2,11392857,10430406,0.008818,test
2020,market,Torrey Craig,DEN,SF,29,58,18.5,5.4,3.3,0.8,2000000,4145680,-0.01966,test
2020,production,Torrey Craig,DEN,SF,29,58,18.5,5.4,3.3,0.8,2000000,3425151,-0.013058,test
2020,market,Trae Young,ATL,PG,21,60,35.3,29.6,4.3,9.3,6273000,10489431,-0.038633,train
2020,production,Trae Young,ATL,PG,21,60,35.3,29.6,4.3,9.3,6273000,12955453,-0.061228,train
2020,market,Treveon Graham,ATL,SF,26,55,16.9,4.4,2.7,0.8,1645357,2627992,-0.009003,train
2020,production,Treveon Graham,ATL,SF,26,55,16.9,4.4,2.7,0.8,1645357,3763752,-0.01941,train
2020,market,Trey Lyles,SAS,PF,24,63,20.2,6.4,5.7,1.1,5500000,4726206,0.00709,train
2020,production,Trey Lyles,SAS,PF,24,63,20.2,6.4,5.7,1.1,5500000,5092942,0.00373,train
2020,market,Tristan Thompson,CLE,PF,28,57,30.2,12.0,10.1,2.1,18539130,17648204,0.008163,train
2020,production,Tristan Thompson,CLE,PF,28,57,30.2,12.0,10.1,2.1,18539130,16313525,0.020392,train
2020,market,Troy Brown Jr.,WAS,SF,20,69,25.8,10.4,5.6,2.6,3219480,3226563,-6.5e-05,train
2020,production,Troy Brown Jr.,WAS,SF,20,69,25.8,10.4,5.6,2.6,3219480,4453629,-0.011308,train
2020,market,Tyler Herro,MIA,SG,20,55,27.4,13.5,4.1,2.2,3640200,6056349,-0.022138,test
2020,production,Tyler Herro,MIA,SG,20,55,27.4,13.5,4.1,2.2,3640200,10020141,-0.058456,test
2020,market,Tyus Jones,MEM,PG,23,65,19.0,7.4,1.6,4.4,9258000,6489854,0.025363,train
2020,production,Tyus Jones,MEM,PG,23,65,19.0,7.4,1.6,4.4,9258000,8238051,0.009345,train
2020,market,Vince Carter,ATL,PF,43,60,14.6,5.0,2.1,0.8,1620564,3068609,-0.013268,train
2020,production,Vince Carter,ATL,PF,43,60,14.6,5.0,2.1,0.8,1620564,2845847,-0.011227,train
2020,market,Wesley Matthews,MIL,SG,33,67,24.4,7.4,2.5,1.4,2564753,9321938,-0.061913,test
2020,production,Wesley Matthews,MIL,SG,33,67,24.4,7.4,2.5,1.4,2564753,7009995,-0.04073,test
2020,market,Will Barton,DEN,SF,29,58,33.0,15.1,6.3,3.7,12776786,13167345,-0.003579,train
2020,production,Will Barton,DEN,SF,29,58,33.0,15.1,6.3,3.7,12776786,12576155,0.001838,train
2020,market,Zach LaVine,CHI,SF,24,60,34.8,25.5,4.8,4.2,19500000,22941019,-0.031528,train
2020,production,Zach LaVine,CHI,SF,24,60,34.8,25.5,4.8,4.2,19500000,18846029,0.005992,train
2021,market,Aaron Holiday,IND,PG,24,66,17.8,7.2,1.3,1.9,2858611,3373518,-0.004718,train
2021,production,Aaron Holiday,IND,PG,24,66,17.8,7.2,1.3,1.9,2858611,4072520,-0.011122,train
2021,market,Alex Caruso,LAL,PG,26,58,21.0,6.4,2.9,2.8,3351401,3278248,0.00067,test
2021,production,Alex Caruso,LAL,PG,26,58,21.0,6.4,2.9,2.8,3351401,4529105,-0.010791,test
2021,market,Alex Len,WAS,C,27,64,15.3,6.6,4.1,0.8,4838994,5578541,-0.006776,train
2021,production,Alex Len,WAS,C,27,64,15.3,6.6,4.1,0.8,4838994,4544333,0.0027,train
2021,market,Andre Iguodala,MIA,SF,37,63,21.3,4.4,3.5,2.3,18280371,14427389,0.035303,train
2021,production,Andre Iguodala,MIA,SF,37,63,21.3,4.4,3.5,2.3,18280371,12958493,0.048762,train
2021,market,Andrew Wiggins,GSW,PF,25,71,33.3,18.6,4.9,2.4,36002595,31311866,0.042979,train
2021,production,Andrew Wiggins,GSW,PF,25,71,33.3,18.6,4.9,2.4,36002595,31566052,0.04065,train
2021,market,Anfernee Simons,POR,SG,21,64,17.3,7.8,2.2,1.4,2744541,3096841,-0.003228,train
2021,production,Anfernee Simons,POR,SG,21,64,17.3,7.8,2.2,1.4,2744541,4210454,-0.013431,train
2021,market,Anthony Edwards,MIN,SG,19,72,32.1,19.3,4.7,2.9,11891308,10552621,0.012266,train
2021,production,Anthony Edwards,MIN,SG,19,72,32.1,19.3,4.7,2.9,11891308,12219602,-0.003008,train
2021,market,Bam Adebayo,MIA,C,23,64,33.5,18.7,9.0,5.4,6234206,7113247,-0.008054,train
2021,production,Bam Adebayo,MIA,C,23,64,33.5,18.7,9.0,5.4,6234206,12296109,-0.055542,train
2021,market,Ben Simmons,PHI,PG,24,58,32.4,14.3,7.2,6.9,37242235,30828900,0.058762,train
2021,production,Ben Simmons,PHI,PG,24,58,32.4,14.3,7.2,6.9,37242235,28473175,0.080347,train
2021,market,Bismack Biyombo,CHA,C,28,66,20.4,5.0,5.3,1.2,4265420,5844192,-0.014466,train
2021,production,Bismack Biyombo,CHA,C,28,66,20.4,5.0,5.3,1.2,4265420,5734665,-0.013462,train
2021,market,Bobby Portis,MIL,C,25,66,20.8,11.4,7.1,1.1,4415319,5468469,-0.00965,train
2021,production,Bobby Portis,MIL,C,25,66,20.8,11.4,7.1,1.1,4415319,5802363,-0.012709,train
2021,market,Bojan Bogdanovic,UTA,SF,31,72,30.8,17.0,3.9,1.9,21753642,21182732,0.005231,train
2021,production,Bojan Bogdanovic,UTA,SF,31,72,30.8,17.0,3.9,1.9,21753642,19789149,0.018,train
2021,market,Brad Wanamaker,CHA,PG,31,61,17.3,5.5,1.7,2.9,2742055,6087028,-0.030648,test
2021,production,Brad Wanamaker,CHA,PG,31,61,17.3,5.5,1.7,2.9,2742055,4785240,-0.018721,test
2021,market,Bradley Beal,WAS,SG,27,60,35.8,31.3,4.7,4.4,35039541,33798290,0.011373,train
2021,production,Bradley Beal,WAS,SG,27,60,35.8,31.3,4.7,4.4,35039541,32909751,0.019514,train
2021,market,Brandon Clarke,MEM,PF,24,59,24.0,10.3,5.6,1.6,3172156,5120599,-0.017853,test
2021,production,Brandon Clarke,MEM,PF,24,59,24.0,10.3,5.6,1.6,3172156,5976561,-0.025695,test
2021,market,Brandon Ingram,NOP,SF,23,61,34.3,23.8,4.9,4.9,33251996,19785676,0.123386,train
2021,production,Brandon Ingram,NOP,SF,23,61,34.3,23.8,4.9,4.9,33251996,28958032,0.039344,train
2021,market,Brook Lopez,MIL,C,32,70,27.2,12.3,5.0,0.7,15474547,13749033,0.01581,train
2021,production,Brook Lopez,MIL,C,32,70,27.2,12.3,5.0,0.7,15474547,14274526,0.010995,train
2021,market,Bruce Brown,BKN,PG,24,65,22.3,8.8,5.4,1.6,2027733,2662197,-0.005813,train
2021,production,Bruce Brown,BKN,PG,24,65,22.3,8.8,5.4,1.6,2027733,2688987,-0.006059,train
2021,market,Bryn Forbes,MIL,SG,27,70,19.3,10.0,1.6,0.6,2848258,6244537,-0.031119,test
2021,production,Bryn Forbes,MIL,SG,27,70,19.3,10.0,1.6,0.6,2848258,6235905,-0.031039,test
2021,market,Buddy Hield,SAC,SG,28,71,34.3,16.6,4.7,3.6,30384192,25813729,0.041877,train
2021,production,Buddy Hield,SAC,SG,28,71,34.3,16.6,4.7,3.6,30384192,26374636,0.036738,train
2021,market,Cameron Johnson,PHX,PF,24,60,24.0,9.6,3.3,1.4,5161353,4243010,0.008414,test
2021,production,Cameron Johnson,PHX,PF,24,60,24.0,9.6,3.3,1.4,5161353,4622319,0.004939,test
2021,market,Cameron Payne,PHX,PG,26,60,18.0,8.4,2.4,3.6,2409366,3452951,-0.009562,train
2021,production,Cameron Payne,PHX,PG,26,60,18.0,8.4,2.4,3.6,2409366,3717700,-0.011988,train
2021,market,Cedi Osman,CLE,SF,25,59,25.6,10.4,3.4,2.9,10773939,8480449,0.021014,train
2021,production,Cedi Osman,CLE,SF,25,59,25.6,10.4,3.4,2.9,10773939,9781602,0.009092,train
2021,market,Chris Boucher,TOR,C,28,60,24.2,13.6,6.7,1.1,7921494,10717273,-0.025616,train
2021,production,Chris Boucher,TOR,C,28,60,24.2,13.6,6.7,1.1,7921494,9180304,-0.011534,train
2021,market,Chris Paul,PHX,PG,35,70,31.4,16.4,4.5,8.9,50403633,43209222,0.065919,train
2021,production,Chris Paul,PHX,PG,35,70,31.4,16.4,4.5,8.9,50403633,40077450,0.094614,train
2021,market,Clint Capela,ATL,C,26,63,30.1,15.2,14.3,0.8,21936446,18063999,0.035481,test
2021,production,Clint Capela,ATL,C,26,63,30.1,15.2,14.3,0.8,21936446,20321077,0.014801,test
2021,market,Coby White,CHI,PG,20,69,31.2,15.1,4.1,4.8,6791377,6465299,0.002988,train
2021,production,Coby White,CHI,PG,20,69,31.2,15.1,4.1,4.8,6791377,10151710,-0.030789,train
2021,market,Collin Sexton,CLE,SG,22,60,35.3,24.3,3.1,4.4,6083561,6101740,-0.000167,train
2021,production,Collin Sexton,CLE,SG,22,60,35.3,24.3,3.1,4.4,6083561,13014873,-0.063508,train
2021,market,Cory Joseph,DET,PG,29,63,23.0,8.2,2.5,3.4,15355512,12890069,0.02259,train
2021,production,Cory Joseph,DET,PG,29,63,23.0,8.2,2.5,3.4,15355512,11989958,0.030837,train
2021,market,Damian Lillard,POR,PG,30,67,35.8,28.8,4.2,7.5,38543497,36547469,0.018289,train
2021,production,Damian Lillard,POR,PG,30,67,35.8,28.8,4.2,7.5,38543497,35893002,0.024285,train
2021,market,Damion Lee,GSW,SG,28,57,18.9,6.5,3.2,1.3,2148304,3514222,-0.012515,train
2021,production,Damion Lee,GSW,SG,28,57,18.9,6.5,3.2,1.3,2148304,3258735,-0.010174,train
2021,market,Daniel Theis,CHI,C,28,65,24.6,9.6,5.5,1.7,6093457,7859533,-0.016182,train
2021,production,Daniel Theis,CHI,C,28,65,24.6,9.6,5.5,1.7,6093457,6406221,-0.002866,train
2021,market,Danny Green,PHI,SF,33,69,28.0,9.5,3.8,1.7,18726233,16528457,0.020137,train
2021,production,Danny Green,PHI,SF,33,69,28.0,9.5,3.8,1.7,18726233,15759989,0.027178,train
2021,market,Darius Bazley,OKC,PF,20,55,31.2,13.7,7.2,1.8,2923835,5225589,-0.02109,train
2021,production,Darius Bazley,OKC,PF,20,55,31.2,13.7,7.2,1.8,2923835,6203289,-0.030048,train
2021,market,Davis Bertans,WAS,PF,28,57,25.7,11.5,2.9,0.9,18280371,13066154,0.047775,test
2021,production,Davis Bertans,WAS,PF,28,57,25.7,11.5,2.9,0.9,18280371,11808529,0.059299,test
2021,market,De'Aaron Fox,SAC,PG,23,58,35.1,25.2,3.5,7.2,9870946,10295161,-0.003887,train
2021,production,De'Aaron Fox,SAC,PG,23,58,35.1,25.2,3.5,7.2,9870946,14863378,-0.045743,train
2021,market,DeAndre Jordan,BKN,C,32,57,21.9,7.5,7.5,1.6,12644750,11389789,0.011499,train
2021,production,DeAndre Jordan,BKN,C,32,57,21.9,7.5,7.5,1.6,12644750,11257349,0.012712,train
2021,market,DeMar DeRozan,SAS,PF,31,61,33.7,21.6,4.2,6.9,33806470,32200177,0.014718,train
2021,production,DeMar DeRozan,SAS,PF,31,61,33.7,21.6,4.2,6.9,33806470,30152964,0.033475,train
2021,market,Dean Wade,CLE,PF,24,63,19.2,6.0,3.4,1.2,1849950,3203347,-0.012401,test
2021,production,Dean Wade,CLE,PF,24,63,19.2,6.0,3.4,1.2,1849950,4600129,-0.025199,test
2021,market,Dejounte Murray,SAS,PG,24,67,31.9,15.7,7.1,5.4,17410226,17430621,-0.000187,train
2021,production,Dejounte Murray,SAS,PG,24,67,31.9,15.7,7.1,5.4,17410226,15962931,0.013261,train
2021,market,Delon Wright,SAC,SG-PG,28,63,27.7,10.2,4.3,4.4,10968223,10500624,0.004284,train
2021,production,Delon Wright,SAC,SG-PG,28,63,27.7,10.2,4.3,4.4,10968223,9250775,0.015736,train
2021,market,Denzel Valentine,CHI,SG,27,62,16.7,6.5,3.2,1.7,5658140,6494213,-0.007661,test
2021,production,Denzel Valentine,CHI,SG,27,62,16.7,6.5,3.2,1.7,5658140,6247530,-0.0054,test
2021,market,Derrick Favors,UTA,C,29,68,15.3,5.4,5.5,0.6,11282645,9161010,0.01944,train
2021,production,Derrick Favors,UTA,C,29,68,15.3,5.4,5.5,0.6,11282645,8963981,0.021245,train
2021,market,Desmond Bane,MEM,SG,22,68,22.3,9.2,3.1,1.7,2359922,2501069,-0.001293,train
2021,production,Desmond Bane,MEM,SG,22,68,22.3,9.2,3.1,1.7,2359922,3046208,-0.006288,train
2021,market,Devin Booker,PHX,SG,24,67,33.9,25.6,4.2,4.3,35912155,34327113,0.014523,train
2021,production,Devin Booker,PHX,SG,24,67,33.9,25.6,4.2,4.3,35912155,31413305,0.041221,train
2021,market,Devin Vassell,SAS,SF,20,62,17.0,5.5,2.8,0.9,4915518,4498055,0.003825,train
2021,production,Devin Vassell,SAS,SF,20,62,17.0,5.5,2.8,0.9,4915518,4920633,-4.7e-05,train
2021,market,Dillon Brooks,MEM,SF,25,67,29.8,17.2,2.9,2.3,13893082,16083546,-0.02007,train
2021,production,Dillon Brooks,MEM,SF,25,67,29.8,17.2,2.9,2.3,13893082,14835361,-0.008634,train
2021,market,Domantas Sabonis,IND,PF,24,62,36.0,20.3,12.0,6.7,24130090,23904709,0.002065,train
2021,production,Domantas Sabonis,IND,PF,24,62,36.0,20.3,12.0,6.7,24130090,24503763,-0.003424,train
2021,market,Donte DiVincenzo,MIL,SG,24,66,27.5,10.4,5.8,3.1,3709891,4067878,-0.00328,train
2021,production,Donte DiVincenzo,MIL,SG,24,66,27.5,10.4,5.8,3.1,3709891,5791126,-0.019069,train
2021,market,Dorian Finney-Smith,DAL,PF,27,60,32.0,9.8,5.4,1.7,4874765,9576376,-0.043079,test
2021,production,Dorian Finney-Smith,DAL,PF,27,60,32.0,9.8,5.4,1.7,4874765,10977393,-0.055916,test
2021,market,Doug McDermott,IND,PF,29,66,24.5,13.6,3.3,1.3,8937070,10080074,-0.010473,train
2021,production,Doug McDermott,IND,PF,29,66,24.5,13.6,3.3,1.3,8937070,8938556,-1.4e-05,train
2021,market,Draymond Green,GSW,PF,30,63,31.5,7.0,7.1,8.9,27112175,25205340,0.017471,train
2021,production,Draymond Green,GSW,PF,30,63,31.5,7.0,7.1,8.9,27112175,24389544,0.024946,train
2021,market,Duncan Robinson,MIA,SF,26,72,31.4,13.1,3.5,1.8,2027733,4193953,-0.019848,train
2021,production,Duncan Robinson,MIA,SF,26,72,31.4,13.1,3.5,1.8,2027733,5916269,-0.035629,train
2021,market,Dwayne Bacon,ORL,SG,25,72,25.7,10.9,3.1,1.3,2046005,6732682,-0.042942,test
2021,production,Dwayne Bacon,ORL,SG,25,72,25.7,10.9,3.1,1.3,2046005,6988231,-0.045283,test
2021,market,Dwight Howard,PHI,C,35,69,17.3,7.0,8.4,0.9,3125642,5011368,-0.017278,train
2021,production,Dwight Howard,PHI,C,35,69,17.3,7.0,8.4,0.9,3125642,4582394,-0.013348,train
2021,market,Dwight Powell,DAL,C,29,58,16.7,5.9,4.0,1.1,13503253,7045903,0.059166,test
2021,production,Dwight Powell,DAL,C,29,58,16.7,5.9,4.0,1.1,13503253,3776690,0.08912,test
2021,market,Elfrid Payton,NYK,PG,26,63,23.6,10.1,3.4,3.2,5809502,5909206,-0.000914,train
2021,production,Elfrid Payton,NYK,PG,26,63,23.6,10.1,3.4,3.2,5809502,5811232,-1.6e-05,train
2021,market,Eric Bledsoe,NOP,SG,31,71,29.7,12.2,3.4,3.8,20565418,15480554,0.04659,test
2021,production,Eric Bledsoe,NOP,SG,31,71,29.7,12.2,3.4,3.8,20565418,10575566,0.091532,test
2021,market,Facundo Campazzo,DEN,PG,29,65,21.9,6.1,2.1,3.6,3899812,5493377,-0.014601,train
2021,production,Facundo Campazzo,DEN,PG,29,65,21.9,6.1,2.1,3.6,3899812,4597542,-0.006393,train
2021,market,Furkan Korkmaz,PHI,SG,23,55,19.3,9.1,2.1,1.5,2148304,3798653,-0.015121,test
2021,production,Furkan Korkmaz,PHI,SG,23,55,19.3,9.1,2.1,1.5,2148304,5929906,-0.034649,test
2021,market,Garrett Temple,CHI,SG,34,56,27.3,7.6,2.9,2.2,5809502,8100808,-0.020994,train
2021,production,Garrett Temple,CHI,SG,34,56,27.3,7.6,2.9,2.2,5809502,7339177,-0.014016,train
2021,market,Garrison Mathews,WAS,SG,24,64,16.2,5.5,1.4,0.4,838523,3157651,-0.021249,test
2021,production,Garrison Mathews,WAS,SG,24,64,16.2,5.5,1.4,0.4,838523,4822083,-0.0365,test
2021,market,Georges Niang,UTA,PF,27,72,16.0,6.9,2.4,0.8,2173605,3205423,-0.009454,train
2021,production,Georges Niang,UTA,PF,27,72,16.0,6.9,2.4,0.8,2173605,3091524,-0.00841,train
2021,market,Giannis Antetokounmpo,MIL,PF,26,61,33.0,28.1,11.0,5.9,33548245,32248019,0.011913,train
2021,production,Giannis Antetokounmpo,MIL,PF,26,61,33.0,28.1,11.0,5.9,33548245,32844654,0.006447,train
2021,market,Grant Williams,BOS,PF,22,63,18.1,4.7,2.8,1.0,3045217,2792303,0.002317,train
2021,production,Grant Williams,BOS,PF,22,63,18.1,4.7,2.8,1.0,3045217,3407246,-0.003317,train
2021,market,Harrison Barnes,SAC,PF,28,58,36.2,16.1,6.6,3.5,27074338,22649306,0.040545,train
2021,production,Harrison Barnes,SAC,PF,28,58,36.2,16.1,6.6,3.5,27074338,21967668,0.04679,train
2021,market,Immanuel Quickley,NYK,PG,21,64,19.4,11.4,2.1,2.0,2565979,2775208,-0.001917,train
2021,production,Immanuel Quickley,NYK,PG,21,64,19.4,11.4,2.1,2.0,2565979,3771269,-0.011044,train
2021,market,Isaac Okoro,CLE,SG,20,67,32.4,9.6,3.1,1.9,7800746,7203285,0.005474,train
2021,production,Isaac Okoro,CLE,SG,20,67,32.4,9.6,3.1,1.9,7800746,8876020,-0.009852,train
2021,market,Isaiah Roby,OKC,PF,22,61,23.4,8.7,5.6,1.8,1849950,2361081,-0.004683,train
2021,production,Isaiah Roby,OKC,PF,22,61,23.4,8.7,5.6,1.8,1849950,2853096,-0.009191,train
2021,market,Isaiah Stewart,DET,C,19,68,21.4,7.9,6.7,0.9,3803633,3609825,0.001776,train
2021,production,Isaiah Stewart,DET,C,19,68,21.4,7.9,6.7,0.9,3803633,3934402,-0.001198,train
2021,market,Ivica Zubac,LAC,C,23,72,22.3,9.0,7.2,1.3,8530840,3955350,0.041923,test
2021,production,Ivica Zubac,LAC,C,23,72,22.3,9.0,7.2,1.3,8530840,4461634,0.037284,test
2021,market,Ja Morant,MEM,PG,21,63,32.6,19.1,4.0,7.4,11171500,9239984,0.017698,train
2021,production,Ja Morant,MEM,PG,21,63,32.6,19.1,4.0,7.4,11171500,12289913,-0.010248,train
2021,market,JaMychal Green,DEN,PF,30,58,19.3,8.1,4.8,0.9,8774285,7056394,0.01574,test
2021,production,JaMychal Green,DEN,PF,30,58,19.3,8.1,4.8,0.9,8774285,3692481,0.046562,test
2021,market,Jaden McDaniels,MIN,PF,20,63,24.0,6.8,3.7,1.1,2394436,2998578,-0.005535,train
2021,production,Jaden McDaniels,MIN,PF,20,63,24.0,6.8,3.7,1.1,2394436,2928415,-0.004893,train
2021,market,Jae Crowder,PHX,PF,30,60,27.5,10.1,4.7,2.1,11282645,10879161,0.003697,test
2021,production,Jae Crowder,PHX,PF,30,60,27.5,10.1,4.7,2.1,11282645,10571825,0.006513,test
2021,market,Jae'Sean Tate,HOU,SF,25,70,29.2,11.3,5.3,2.5,1761858,3518480,-0.016095,train
2021,production,Jae'Sean Tate,HOU,SF,25,70,29.2,11.3,5.3,2.5,1761858,4456612,-0.024691,train
2021,market,Jakob Poeltl,SAS,C,25,69,26.7,8.6,7.9,1.9,9873657,9551048,0.002956,train
2021,production,Jakob Poeltl,SAS,C,25,69,26.7,8.6,7.9,1.9,9873657,9460340,0.003787,train
2021,market,Jalen Brunson,DAL,PG,24,68,25.0,12.6,3.4,3.5,2027733,3199069,-0.010732,train
2021,production,Jalen Brunson,DAL,PG,24,68,25.0,12.6,3.4,3.5,2027733,4864148,-0.025989,train
2021,market,Jarred Vanderbilt,MIN,PF,21,64,17.8,5.4,5.8,1.2,2027733,2239401,-0.001939,train
2021,production,Jarred Vanderbilt,MIN,PF,21,64,17.8,5.4,5.8,1.2,2027733,3056559,-0.009427,train
2021,market,Jarrett Allen,CLE,C,22,63,29.6,12.8,10.0,1.7,4764964,5516278,-0.006884,test
2021,production,Jarrett Allen,CLE,C,22,63,29.6,12.8,10.0,1.7,4764964,14492275,-0.089127,test
2021,market,Jaxson Hayes,NOP,C,20,60,16.1,7.5,4.3,0.6,6221614,5113290,0.010155,train
2021,production,Jaxson Hayes,NOP,C,20,60,16.1,7.5,4.3,0.6,6221614,5545825,0.006192,train
2021,market,Jaylen Brown,BOS,SG,24,58,34.5,24.7,6.0,3.4,30510084,28190478,0.021253,train
2021,production,Jaylen Brown,BOS,SG,24,58,34.5,24.7,6.0,3.4,30510084,29096787,0.012949,train
2021,market,Jayson Tatum,BOS,SF,22,64,35.8,26.4,7.4,4.3,12061535,10557881,0.013777,train
2021,production,Jayson Tatum,BOS,SF,22,64,35.8,26.4,7.4,4.3,12061535,17633013,-0.051049,train
2021,market,Jeff Green,BKN,C,34,68,27.0,11.0,3.9,1.6,3125642,11950377,-0.080857,test
2021,production,Jeff Green,BKN,C,34,68,27.0,11.0,3.9,1.6,3125642,8324222,-0.047632,test
2021,market,Jeff Teague,MIL,PG,32,55,17.3,6.7,1.6,2.4,4110433,4582252,-0.004323,train
2021,production,Jeff Teague,MIL,PG,32,55,17.3,6.7,1.6,2.4,4110433,4153112,-0.000391,train
2021,market,Jevon Carter,PHX,PG,25,60,12.0,4.1,1.5,1.2,4783363,3948344,0.007651,train
2021,production,Jevon Carter,PHX,PG,25,60,12.0,4.1,1.5,1.2,4783363,3733741,0.009617,train
2021,market,Joe Harris,BKN,SF,29,69,31.0,14.1,3.6,1.9,19586113,16962216,0.024042,train
2021,production,Joe Harris,BKN,SF,29,69,31.0,14.1,3.6,1.9,19586113,15685814,0.035737,train
2021,market,Joe Ingles,UTA,SF,33,67,27.9,12.1,3.6,4.7,12630075,12601127,0.000265,train
2021,production,Joe Ingles,UTA,SF,33,67,27.9,12.1,3.6,4.7,12630075,11549272,0.009903,train
2021,market,John Collins,ATL,PF,23,63,29.3,17.6,7.4,1.2,5042094,8277549,-0.029645,test
2021,production,John Collins,ATL,PF,23,63,29.3,17.6,7.4,1.2,5042094,18806514,-0.126117,test
2021,market,Jonas Valanciunas,MEM,C,28,62,28.3,17.1,12.5,1.8,18280371,18697170,-0.003819,train
2021,production,Jonas Valanciunas,MEM,C,28,62,28.3,17.1,12.5,1.8,18280371,17113241,0.010694,train
2021,market,Jordan Clarkson,UTA,SG,28,68,26.7,18.4,4.0,2.5,14014951,14515107,-0.004583,train
2021,production,Jordan Clarkson,UTA,SG,28,68,26.7,18.4,4.0,2.5,14014951,14277877,-0.002409,train
2021,market,Josh Jackson,DET,SG,23,62,25.2,13.4,4.1,2.3,5809502,5098931,0.006511,train
2021,production,Josh Jackson,DET,SG,23,62,25.2,13.4,4.1,2.3,5809502,6733229,-0.008464,train
2021,market,Josh Okogie,MIN,SG,22,59,20.3,5.4,2.6,1.1,3230799,2822011,0.003746,train
2021,production,Josh Okogie,MIN,SG,22,59,20.3,5.4,2.6,1.1,3230799,3698441,-0.004285,train
2021,market,Josh Richardson,DAL,SG,27,59,30.3,12.1,3.3,2.6,13242242,15359037,-0.019395,test
2021,production,Josh Richardson,DAL,SG,27,59,30.3,12.1,3.3,2.6,13242242,14304270,-0.009731,test
2021,market,Jrue Holiday,MIL,PG,30,59,32.3,17.7,4.5,6.1,32936368,30681531,0.02066,train
2021,production,Jrue Holiday,MIL,PG,30,59,32.3,17.7,4.5,6.1,32936368,28530585,0.040368,train
2021,market,Julius Randle,NYK,PF,26,71,37.6,24.1,10.2,6.0,24184931,24508894,-0.002968,train
2021,production,Julius Randle,NYK,PF,26,71,37.6,24.1,10.2,6.0,24184931,24163504,0.000196,train
2021,market,Justin Holiday,IND,SG,31,72,30.3,10.5,3.6,1.7,6971402,8709179,-0.015922,train
2021,production,Justin Holiday,IND,SG,31,72,30.3,10.5,3.6,1.7,6971402,7082277,-0.001016,train
2021,market,Keldon Johnson,SAS,SF,21,69,28.5,12.8,6.0,1.8,2495928,2872863,-0.003454,train
2021,production,Keldon Johnson,SAS,SF,21,69,28.5,12.8,6.0,1.8,2495928,4624481,-0.019503,train
2021,market,Kelly Olynyk,HOU,C-PF,29,70,28.5,13.5,7.0,2.9,15623197,15203605,0.003845,train
2021,production,Kelly Olynyk,HOU,C-PF,29,70,28.5,13.5,7.0,2.9,15623197,12651632,0.027227,train
2021,market,Kendrick Nunn,MIA,PG,25,56,29.5,14.6,3.2,2.6,2027733,5552797,-0.032299,train
2021,production,Kendrick Nunn,MIA,PG,25,56,29.5,14.6,3.2,2.6,2027733,6618426,-0.042062,train
2021,market,Kenrich Williams,OKC,PF,26,66,21.6,8.0,4.1,2.3,2437382,2731569,-0.002696,train
2021,production,Kenrich Williams,OKC,PF,26,66,21.6,8.0,4.1,2.3,2437382,4678564,-0.020535,train
2021,market,Kent Bazemore,GSW,SF,31,67,19.9,7.2,3.4,1.6,2827417,6394784,-0.032686,test
2021,production,Kent Bazemore,GSW,SF,31,67,19.9,7.2,3.4,1.6,2827417,3422633,-0.005454,test
2021,market,Kentavious Caldwell-Pope,LAL,SG,27,67,28.4,9.7,2.7,1.9,14713286,13489279,0.011215,train
2021,production,Kentavious Caldwell-Pope,LAL,SG,27,67,28.4,9.7,2.7,1.9,14713286,13031959,0.015405,train
2021,market,Kevin Huerter,ATL,SG,22,69,30.8,11.9,3.3,3.5,3365928,3679258,-0.002871,train
2021,production,Kevin Huerter,ATL,SG,22,69,30.8,11.9,3.3,3.5,3365928,7258882,-0.035669,train
2021,market,Kevon Looney,GSW,C,24,61,19.0,4.1,5.3,2.0,5875834,4593405,0.01175,train
2021,production,Kevon Looney,GSW,C,24,61,19.0,4.1,5.3,2.0,5875834,5401164,0.004349,train
2021,market,Khem Birch,TOR,C,28,67,22.8,7.2,5.8,1.3,3670087,6496896,-0.025901,train
2021,production,Khem Birch,TOR,C,28,67,22.8,7.2,5.8,1.3,3670087,3664693,4.9e-05,train
2021,market,Khris Middleton,MIL,SF,29,68,33.4,20.4,6.0,5.4,40279853,35693590,0.042022,train
2021,production,Khris Middleton,MIL,SF,29,68,33.4,20.4,6.0,5.4,40279853,33739624,0.059925,train
2021,market,Kyle Anderson,MEM,PF,27,69,27.3,12.4,5.7,3.6,11583784,13030187,-0.013253,train
2021,production,Kyle Anderson,MEM,PF,27,69,27.3,12.4,5.7,3.6,11583784,12114819,-0.004866,train
2021,market,Kyle Kuzma,LAL,SF,25,68,28.7,12.9,6.1,1.9,4341195,4766874,-0.0039,train
2021,production,Kyle Kuzma,LAL,SF,25,68,28.7,12.9,6.1,1.9,4341195,5385456,-0.009568,train
2021,market,Landry Shamet,BKN,SG,23,61,23.0,9.3,1.8,1.6,2547113,2709275,-0.001486,train
2021,production,Landry Shamet,BKN,SG,23,61,23.0,9.3,1.8,1.6,2547113,3157692,-0.005594,train
2021,market,Lonzo Ball,NOP,PG,23,55,31.8,14.6,4.8,5.7,13410215,10950370,0.022538,train
2021,production,Lonzo Ball,NOP,PG,23,55,31.8,14.6,4.8,5.7,13410215,16380389,-0.027214,train
2021,market,Luka Doncic,DAL,PG,21,66,34.3,27.7,8.0,8.6,9809686,10893759,-0.009933,train
2021,production,Luka Doncic,DAL,PG,21,66,34.3,27.7,8.0,8.6,9809686,19302001,-0.086974,train
2021,market,Luke Kennard,LAC,SG,24,63,19.6,8.3,2.6,1.7,6427166,5633710,0.00727,train
2021,production,Luke Kennard,LAC,SG,24,63,19.6,8.3,2.6,1.7,6427166,5346278,0.009904,train
2021,market,Malcolm Brogdon,IND,PG,28,56,34.5,21.2,5.3,5.9,25226913,26030189,-0.00736,train
2021,production,Malcolm Brogdon,IND,PG,28,56,34.5,21.2,5.3,5.9,25226913,25209053,0.000164,train
2021,market,Marcus Morris,LAC,PF,31,57,26.4,13.4,4.1,1.0,18138663,16073983,0.018918,train
2021,production,Marcus Morris,LAC,PF,31,57,26.4,13.4,4.1,1.0,18138663,15096658,0.027873,train
2021,market,Markieff Morris,LAL,PF,31,61,19.7,6.7,4.4,1.2,2841492,5611986,-0.025385,train
2021,production,Markieff Morris,LAL,PF,31,61,19.7,6.7,4.4,1.2,2841492,3209203,-0.003369,train
2021,market,Mason Plumlee,DET,C,30,56,26.8,10.4,9.3,3.6,9749531,15352337,-0.051336,test
2021,production,Mason Plumlee,DET,C,30,56,26.8,10.4,9.3,3.6,9749531,12304860,-0.023413,test
2021,market,Matisse Thybulle,PHI,SG,23,65,20.0,3.9,1.9,1.0,3304213,3406012,-0.000933,train
2021,production,Matisse Thybulle,PHI,SG,23,65,20.0,3.9,1.9,1.0,3304213,4085230,-0.007156,train
2021,market,Mikal Bridges,PHX,SF,24,72,32.6,13.5,4.3,2.1,5312276,10915051,-0.051336,test
2021,production,Mikal Bridges,PHX,SF,24,72,32.6,13.5,4.3,2.1,5312276,12780118,-0.068424,test
2021,market,Miles Bridges,CHA,PF,22,66,29.3,12.7,6.0,2.2,4794722,4534214,0.002387,test
2021,production,Miles Bridges,CHA,PF,22,66,29.3,12.7,6.0,2.2,4794722,14729871,-0.091031,test
2021,market,Montrezl Harrell,LAL,C,27,69,22.9,13.5,6.2,1.1,11282645,11023685,0.002373,train
2021,production,Montrezl Harrell,LAL,C,27,69,22.9,13.5,6.2,1.1,11282645,11176308,0.000974,train
2021,market,Mychal Mulder,GSW,PG,26,60,12.8,5.6,1.0,0.4,1849950,2453883,-0.005534,train
2021,production,Mychal Mulder,GSW,PG,26,60,12.8,5.6,1.0,0.4,1849950,3407978,-0.014275,train
2021,market,Naz Reid,MIN,C,21,70,19.2,11.2,4.6,1.0,1849950,2624607,-0.007098,train
2021,production,Naz Reid,MIN,C,21,70,19.2,11.2,4.6,1.0,1849950,3226892,-0.012616,train
2021,market,Nerlens Noel,NYK,C,26,64,24.2,5.1,6.4,0.7,6093457,6702370,-0.005579,train
2021,production,Nerlens Noel,NYK,C,26,64,24.2,5.1,6.4,0.7,6093457,6078653,0.000136,train
2021,market,Nicolas Batum,LAC,SF,32,67,27.4,8.1,4.7,2.2,14146851,11650067,0.022877,train
2021,production,Nicolas Batum,LAC,SF,32,67,27.4,8.1,4.7,2.2,14146851,13076511,0.009807,train
2021,market,Nikola Jokic,DEN,C,25,72,34.6,26.4,10.8,8.3,36002595,34529089,0.013501,train
2021,production,Nikola Jokic,DEN,C,25,72,34.6,26.4,10.8,8.3,36002595,34883450,0.010254,train
2021,market,Nikola Vucevic,CHI,C,30,70,33.5,23.4,11.7,3.8,31685977,31654094,0.000292,train
2021,production,Nikola Vucevic,CHI,C,30,70,33.5,23.4,11.7,3.8,31685977,29268162,0.022153,train
2021,market,Norman Powell,POR,SG-SF,27,69,32.0,18.6,3.1,1.9,13242242,15037228,-0.016447,train
2021,production,Norman Powell,POR,SG-SF,27,69,32.0,18.6,3.1,1.9,13242242,13656818,-0.003799,train
2021,market,Obi Toppin,NYK,PF,22,62,11.0,4.1,2.2,0.5,5925326,4292155,0.014964,train
2021,production,Obi Toppin,NYK,PF,22,62,11.0,4.1,2.2,0.5,5925326,4640520,0.011772,train
2021,market,Pascal Siakam,TOR,PF,26,56,35.8,21.4,7.2,4.5,37242235,33032094,0.038576,train
2021,production,Pascal Siakam,TOR,PF,26,56,35.8,21.4,7.2,4.5,37242235,34258547,0.027338,train
2021,market,Pat Connaughton,MIL,SG,28,69,22.8,6.8,4.8,1.2,6018231,6467870,-0.00412,train
2021,production,Pat Connaughton,MIL,SG,28,69,22.8,6.8,4.8,1.2,6018231,5665076,0.003236,train
2021,market,Patrick Williams,CHI,PF,19,71,27.9,9.2,4.6,1.4,8614149,6814465,0.01649,train
2021,production,Patrick Williams,CHI,PF,19,71,27.9,9.2,4.6,1.4,8614149,8666466,-0.000479,train
2021,market,Paul Millsap,DEN,PF,35,56,20.8,9.0,4.7,1.8,12308783,10520768,0.016383,train
2021,production,Paul Millsap,DEN,PF,35,56,20.8,9.0,4.7,1.8,12308783,9978453,0.021352,train
2021,market,Payton Pritchard,BOS,SG,23,66,19.2,7.7,2.4,1.8,2481012,2564945,-0.000769,train
2021,production,Payton Pritchard,BOS,SG,23,66,19.2,7.7,2.4,1.8,2481012,2980914,-0.00458,train
2021,market,Precious Achiuwa,MIA,PF,21,61,12.1,5.0,3.4,0.5,3146856,2727572,0.003842,train
2021,production,Precious Achiuwa,MIA,PF,21,61,12.1,5.0,3.4,0.5,3146856,2916982,0.002106,train
2021,market,RJ Barrett,NYK,SG,20,72,34.9,17.6,5.8,3.0,10031975,7714314,0.021236,test
2021,production,RJ Barrett,NYK,SG,20,72,34.9,17.6,5.8,3.0,10031975,16804396,-0.062053,test
2021,market,Raul Neto,WAS,PG,28,64,21.9,8.7,2.4,2.3,2294633,5144776,-0.026115,train
2021,production,Raul Neto,WAS,PG,28,64,21.9,8.7,2.4,2.3,2294633,3647344,-0.012394,train
2021,market,Reggie Bullock,NYK,SF,29,65,30.0,10.9,3.4,1.5,5118504,7068606,-0.017868,train
2021,production,Reggie Bullock,NYK,SF,29,65,30.0,10.9,3.4,1.5,5118504,7132838,-0.018456,train
2021,market,Reggie Jackson,LAC,SG,30,67,23.0,10.7,2.9,3.1,2841492,5209213,-0.021694,train
2021,production,Reggie Jackson,LAC,SG,30,67,23.0,10.7,2.9,3.1,2841492,3811258,-0.008886,train
2021,market,Richaun Holmes,SAC,C,27,61,29.2,14.2,8.3,1.7,6099977,10328907,-0.038748,train
2021,production,Richaun Holmes,SAC,C,27,61,29.2,14.2,8.3,1.7,6099977,7899026,-0.016484,train
2021,market,Ricky Rubio,MIN,PG,30,68,26.1,8.6,3.3,6.4,20717754,16621527,0.037532,train
2021,production,Ricky Rubio,MIN,PG,30,68,26.1,8.6,3.3,6.4,20717754,15127786,0.051218,train
2021,market,Robert Covington,POR,PF,30,70,32.0,8.5,6.7,1.7,14792897,14513863,0.002557,train
2021,production,Robert Covington,POR,PF,30,70,32.0,8.5,6.7,1.7,14792897,13672468,0.010266,train
2021,market,Robin Lopez,WAS,C,32,71,19.1,9.0,3.8,0.8,8896447,8635229,0.002393,train
2021,production,Robin Lopez,WAS,C,32,71,19.1,9.0,3.8,0.8,8896447,7447208,0.013279,train
2021,market,Rodney Hood,TOR,SF,28,55,17.1,4.5,1.9,1.0,12244741,9404776,0.026021,train
2021,production,Rodney Hood,TOR,SF,28,55,17.1,4.5,1.9,1.0,12244741,9470620,0.025418,train
2021,market,Royce O'Neale,UTA,SF,27,71,31.6,7.0,6.8,2.5,10358877,11085883,-0.006661,train
2021,production,Royce O'Neale,UTA,SF,27,71,31.6,7.0,6.8,2.5,10358877,11814303,-0.013335,train
2021,market,Rudy Gay,SAS,PF,34,63,21.6,11.4,4.8,1.4,17671026,14913578,0.025265,train
2021,production,Rudy Gay,SAS,PF,34,63,21.6,11.4,4.8,1.4,17671026,14071066,0.032985,train
2021,market,Rudy Gobert,UTA,C,28,71,30.8,14.3,13.5,1.3,33544824,29202109,0.03979,train
2021,production,Rudy Gobert,UTA,C,28,71,30.8,14.3,13.5,1.3,33544824,29805030,0.034266,train
2021,market,Rui Hachimura,WAS,PF,22,57,31.5,13.8,5.5,1.4,5719123,6270916,-0.005056,test
2021,production,Rui Hachimura,WAS,PF,22,57,31.5,13.8,5.5,1.4,5719123,12583576,-0.062896,test
2021,market,Russell Westbrook,WAS,PG,32,65,36.4,22.2,11.5,11.7,50403633,46146036,0.03901,train
2021,production,Russell Westbrook,WAS,PG,32,65,36.4,22.2,11.5,11.7,50403633,43725705,0.061187,train
2021,market,Saddiq Bey,DET,SF,21,70,27.3,12.2,4.5,1.4,3278182,3708196,-0.00394,train
2021,production,Saddiq Bey,DET,SF,21,70,27.3,12.2,4.5,1.4,3278182,6141822,-0.026238,train
2021,market,Sekou Doumbouya,DET,PF,20,56,15.5,5.1,2.6,0.8,4203754,3753837,0.004122,train
2021,production,Sekou Doumbouya,DET,PF,20,56,15.5,5.1,2.6,0.8,4203754,4309875,-0.000972,train
2021,market,Semi Ojeleye,BOS,PF,26,56,17.0,4.6,2.6,0.7,2136305,2635846,-0.004577,train
2021,production,Semi Ojeleye,BOS,PF,26,56,17.0,4.6,2.6,0.7,2136305,3118859,-0.009003,train
2021,market,Seth Curry,PHI,SG,30,57,28.7,12.5,2.4,2.7,9547776,11458010,-0.017503,train
2021,production,Seth Curry,PHI,SG,30,57,28.7,12.5,2.4,2.7,9547776,10751211,-0.011027,train
2021,market,Shake Milton,PHI,SG,24,63,23.2,13.0,2.3,3.1,2073716,3964920,-0.017328,train
2021,production,Shake Milton,PHI,SG,24,63,23.2,13.0,2.3,3.1,2073716,4585549,-0.023015,train
2021,market,Solomon Hill,ATL,PF,29,71,21.3,4.5,3.0,1.1,2649822,4475317,-0.016726,train
2021,production,Solomon Hill,ATL,PF,29,71,21.3,4.5,3.0,1.1,2649822,3053778,-0.003701,train
2021,market,Stanley Johnson,TOR,PF,24,61,16.5,4.4,2.5,1.5,4636085,3863403,0.00708,train
2021,production,Stanley Johnson,TOR,PF,24,61,16.5,4.4,2.5,1.5,4636085,4333312,0.002774,train
2021,market,Stephen Curry,GSW,PG,32,63,34.2,32.0,5.5,5.8,52411485,47311849,0.046726,train
2021,production,Stephen Curry,GSW,PG,32,63,34.2,32.0,5.5,5.8,52411485,44812738,0.069624,train
2021,market,Steven Adams,NOP,C,27,58,27.7,7.6,8.9,1.9,36064364,27400177,0.079386,train
2021,production,Steven Adams,NOP,C,27,58,27.7,7.6,8.9,1.9,36064364,25417832,0.097549,train
2021,market,Talen Horton-Tucker,LAL,SG,20,65,20.1,9.0,2.6,2.8,1849950,2405745,-0.005092,train
2021,production,Talen Horton-Tucker,LAL,SG,20,65,20.1,9.0,2.6,2.8,1849950,2528355,-0.006216,train
2021,market,Terance Mann,LAC,SG,24,67,18.9,7.0,3.6,1.6,1849950,2268115,-0.003831,train
2021,production,Terance Mann,LAC,SG,24,67,18.9,7.0,3.6,1.6,1849950,2811430,-0.00881,train
2021,market,Terence Davis,SAC,SG,23,61,17.6,8.7,2.5,1.4,1849950,3298410,-0.013272,test
2021,production,Terence Davis,SAC,SG,23,61,17.6,8.7,2.5,1.4,1849950,4228823,-0.021797,test
2021,market,Terry Rozier,CHA,SG,26,69,34.5,20.4,4.4,4.2,23033268,22704880,0.003009,train
2021,production,Terry Rozier,CHA,SG,26,69,34.5,20.4,4.4,4.2,23033268,21423734,0.014747,train
2021,market,Thaddeus Young,CHI,PF,32,68,24.3,12.1,6.2,4.3,16507175,10847278,0.051859,test
2021,production,Thaddeus Young,CHI,PF,32,68,24.3,12.1,6.2,4.3,16507175,9961076,0.059979,test
2021,market,Thanasis Antetokounmpo,MIL,SF,28,57,9.7,2.9,2.2,0.8,2073716,2853969,-0.007149,train
2021,production,Thanasis Antetokounmpo,MIL,SF,28,57,9.7,2.9,2.2,0.8,2073716,2258265,-0.001691,train
2021,market,Theo Maledon,OKC,PG,19,65,27.4,10.1,3.2,3.5,2437382,3122367,-0.006276,train
2021,production,Theo Maledon,OKC,PG,19,65,27.4,10.1,3.2,3.5,2437382,4020521,-0.014506,train
2021,market,Tobias Harris,PHI,PF,28,62,32.5,19.5,6.8,3.5,41872836,33982484,0.072296,train
2021,production,Tobias Harris,PHI,PF,28,62,32.5,19.5,6.8,3.5,41872836,35151474,0.061585,train
2021,market,Tomas Satoransky,CHI,SG,29,58,22.5,7.7,2.4,4.7,12186914,11059270,0.010332,train
2021,production,Tomas Satoransky,CHI,SG,29,58,22.5,7.7,2.4,4.7,12186914,9381002,0.025709,train
2021,market,Trae Young,ATL,PG,22,63,33.7,25.3,3.9,9.4,8008996,8654265,-0.005912,train
2021,production,Trae Young,ATL,PG,22,63,33.7,25.3,3.9,9.4,8008996,13283400,-0.048327,train
2021,market,Trey Burke,DAL,PG,28,62,14.7,6.6,0.9,1.3,3656074,4367645,-0.00652,test
2021,production,Trey Burke,DAL,PG,28,62,14.7,6.6,0.9,1.3,3656074,3244468,0.003771,test
2021,market,Tyrese Haliburton,SAC,PG,20,58,30.1,13.0,3.0,5.3,4669830,5009206,-0.00311,train
2021,production,Tyrese Haliburton,SAC,PG,20,58,30.1,13.0,3.0,5.3,4669830,8233305,-0.03265,train
2021,market,Tyrese Maxey,PHI,SG,20,61,15.3,8.0,1.7,2.0,3020941,3021155,-2e-06,train
2021,production,Tyrese Maxey,PHI,SG,20,61,15.3,8.0,1.7,2.0,3020941,4062118,-0.00954,train
2021,market,Tyus Jones,MEM,PG,24,70,17.5,6.3,2.0,3.7,10745376,7921711,0.025872,train
2021,production,Tyus Jones,MEM,PG,24,70,17.5,6.3,2.0,3.7,10745376,7698005,0.027922,train
2021,market,Wesley Matthews,LAL,SG,34,58,19.5,4.8,1.6,0.9,4415319,4931296,-0.004728,train
2021,production,Wesley Matthews,LAL,SG,34,58,19.5,4.8,1.6,0.9,4415319,4712085,-0.002719,train
2021,market,Will Barton,DEN,SF,30,56,31.0,12.7,4.0,3.2,16724363,17015234,-0.002665,test
2021,production,Will Barton,DEN,SF,30,56,31.0,12.7,4.0,3.2,16724363,10973701,0.052691,test
2021,market,Zach LaVine,CHI,SG,25,58,35.1,27.4,5.0,4.9,23764483,25103357,-0.012267,train
2021,production,Zach LaVine,CHI,SG,25,58,35.1,27.4,5.0,4.9,23764483,26436469,-0.024482,train
2021,market,Zion Williamson,NOP,PF,20,61,33.2,27.0,7.2,3.7,12486078,13294279,-0.007405,train
2021,production,Zion Williamson,NOP,PF,20,61,33.2,27.0,7.2,3.7,12486078,19534948,-0.064586,train
2022,market,Aaron Gordon,DEN,PF,26,75,31.7,15.0,5.9,2.5,18974611,17253341,0.015312,train
2022,production,Aaron Gordon,DEN,PF,26,75,31.7,15.0,5.9,2.5,18974611,16950808,0.018003,train
2022,market,Aaron Holiday,PHX,PG,25,63,16.2,6.3,1.9,2.4,4602900,3180764,0.012651,test
2022,production,Aaron Holiday,PHX,PG,25,63,16.2,6.3,1.9,2.4,4602900,3667048,0.008325,test
2022,market,Al Horford,BOS,C,35,69,29.1,10.2,7.7,3.4,31221383,13500567,0.157639,test
2022,production,Al Horford,BOS,C,35,69,29.1,10.2,7.7,3.4,31221383,12735364,0.164446,test
2022,market,Alec Burks,NYK,SG,30,81,28.6,11.7,4.9,3.0,11026930,11235607,-0.001856,train
2022,production,Alec Burks,NYK,SG,30,81,28.6,11.7,4.9,3.0,11026930,9975270,0.009355,train
2022,market,Aleksej Pokusevski,OKC,PF,20,61,20.2,7.6,5.2,2.1,3599894,3758424,-0.00141,train
2022,production,Aleksej Pokusevski,OKC,PF,20,61,20.2,7.6,5.2,2.1,3599894,4033661,-0.003859,train
2022,market,Alperen Sengun,HOU,C,19,72,20.7,9.6,5.5,2.6,3717287,3851803,-0.001197,train
2022,production,Alperen Sengun,HOU,C,19,72,20.7,9.6,5.5,2.6,3717287,4287400,-0.005072,train
2022,market,Amir Coffey,LAC,SG,24,69,22.7,9.0,2.9,1.8,663253,3312152,-0.023564,test
2022,production,Amir Coffey,LAC,SG,24,69,22.7,9.0,2.9,1.8,663253,4471750,-0.033879,test
2022,market,Andre Drummond,BKN,C,28,73,19.7,7.9,9.3,1.8,2777011,7937907,-0.04591,train
2022,production,Andre Drummond,BKN,C,28,73,19.7,7.9,9.3,1.8,2777011,7316361,-0.040381,train
2022,market,Andrew Wiggins,GSW,SF,26,73,31.9,17.2,4.5,2.2,36516749,30592804,0.052698,train
2022,production,Andrew Wiggins,GSW,SF,26,73,31.9,17.2,4.5,2.2,36516749,29097683,0.065998,train
2022,market,Anfernee Simons,POR,SG,22,57,29.5,17.3,2.6,3.9,4554642,6075677,-0.013531,train
2022,production,Anfernee Simons,POR,SG,22,57,29.5,17.3,2.6,3.9,4554642,8624430,-0.036204,train
2022,market,Anthony Edwards,MIN,SG,20,72,34.3,21.3,4.8,3.8,11847335,10172678,0.014897,test
2022,production,Anthony Edwards,MIN,SG,20,72,34.3,21.3,4.8,3.8,11847335,17963550,-0.054408,test
2022,market,Austin Reaves,LAL,SG,23,61,23.2,7.3,3.2,1.8,1069919,1791148,-0.006416,train
2022,production,Austin Reaves,LAL,SG,23,61,23.2,7.3,3.2,1.8,1069919,3104254,-0.018097,train
2022,market,Austin Rivers,DEN,SG,29,67,22.1,6.0,1.7,1.3,2777011,4534638,-0.015635,train
2022,production,Austin Rivers,DEN,SG,29,67,22.1,6.0,1.7,1.3,2777011,3571847,-0.007071,train
2022,market,Avery Bradley,LAL,SG,31,62,22.7,6.4,2.2,0.8,3054712,4493271,-0.012797,train
2022,production,Avery Bradley,LAL,SG,31,62,22.7,6.4,2.2,0.8,3054712,3754923,-0.006229,train
2022,market,Ayo Dosunmu,CHI,SG,22,77,27.4,8.8,2.8,3.3,1069919,2163108,-0.009725,train
2022,production,Ayo Dosunmu,CHI,SG,22,77,27.4,8.8,2.8,3.3,1069919,3086921,-0.017943,train
2022,market,Bam Adebayo,MIA,C,24,56,32.6,19.1,10.1,3.4,32497412,29418725,0.027387,train
2022,production,Bam Adebayo,MIA,C,24,56,32.6,19.1,10.1,3.4,32497412,27766396,0.042086,train
2022,market,Ben McLemore,POR,SG,28,64,20.1,10.2,1.6,0.9,2763255,5116786,-0.020936,train
2022,production,Ben McLemore,POR,SG,28,64,20.1,10.2,1.6,0.9,2763255,4023782,-0.011213,train
2022,market,Blake Griffin,BKN,PF,32,56,17.1,6.4,4.1,1.9,37472385,25237751,0.108836,train
2022,production,Blake Griffin,BKN,PF,32,56,17.1,6.4,4.1,1.9,37472385,23318063,0.125912,train
2022,market,Bobby Portis,MIL,C,26,72,28.2,14.6,9.1,1.2,5027336,7518508,-0.022161,train
2022,production,Bobby Portis,MIL,C,26,72,28.2,14.6,9.1,1.2,5027336,8231219,-0.028501,train
2022,market,Bogdan Bogdanovic,ATL,SG,29,63,29.3,15.1,4.0,3.1,20814255,16015219,0.042691,test
2022,production,Bogdan Bogdanovic,ATL,SG,29,63,29.3,15.1,4.0,3.1,20814255,13460313,0.065418,test
2022,market,Bojan Bogdanovic,UTA,PF,32,69,30.9,18.1,4.3,1.7,21623698,22422975,-0.00711,train
2022,production,Bojan Bogdanovic,UTA,PF,32,69,30.9,18.1,4.3,1.7,21623698,20503036,0.009969,train
2022,market,Bones Hyland,DEN,PG,21,69,19.0,10.1,2.7,2.8,2424722,3022909,-0.005321,train
2022,production,Bones Hyland,DEN,PG,21,69,19.0,10.1,2.7,2.8,2424722,3674784,-0.01112,train
2022,market,Brandon Clarke,MEM,PF,25,64,19.5,10.4,5.3,1.3,3153220,3638678,-0.004318,train
2022,production,Brandon Clarke,MEM,PF,25,64,19.5,10.4,5.3,1.3,3153220,5599645,-0.021763,train
2022,market,Brandon Ingram,NOP,SF,24,55,34.0,22.7,5.8,5.6,34075017,30123182,0.035154,train
2022,production,Brandon Ingram,NOP,SF,24,55,34.0,22.7,5.8,5.6,34075017,30797429,0.029156,train
2022,market,Bruce Brown,BKN,SF,25,72,24.6,9.0,4.8,2.1,5476579,5309722,0.001484,train
2022,production,Bruce Brown,BKN,SF,25,72,24.6,9.0,4.8,2.1,5476579,6317808,-0.007483,train
2022,market,Bryn Forbes,DEN,SG,28,75,17.1,8.8,1.2,1.0,5203563,4650346,0.004921,test
2022,production,Bryn Forbes,DEN,SG,28,75,17.1,8.8,1.2,1.0,5203563,5102085,0.000903,test
2022,market,Buddy Hield,IND,SG,29,81,30.9,15.6,4.4,2.8,26680677,21708011,0.044235,train
2022,production,Buddy Hield,IND,SG,29,81,30.9,15.6,4.4,2.8,26680677,20868754,0.051701,train
2022,market,CJ Elleby,POR,SF,21,58,20.2,5.8,3.9,1.5,1755313,2137116,-0.003396,train
2022,production,CJ Elleby,POR,SF,21,58,20.2,5.8,3.9,1.5,1755313,2359410,-0.005374,train
2022,market,CJ McCollum,NOP,SG,30,62,34.6,22.1,4.3,5.1,35689739,30634489,0.04497,test
2022,production,CJ McCollum,NOP,SG,30,62,34.6,22.1,4.3,5.1,35689739,24777821,0.097069,test
2022,market,Cade Cunningham,DET,PG,20,64,32.6,17.4,5.5,5.6,11621431,10226250,0.012411,train
2022,production,Cade Cunningham,DET,PG,20,64,32.6,17.4,5.5,5.6,11621431,13591373,-0.017524,train
2022,market,Caleb Martin,MIA,SF,26,60,22.9,9.2,3.8,1.1,975970,3145385,-0.019298,train
2022,production,Caleb Martin,MIA,SF,26,60,22.9,9.2,3.8,1.1,975970,2118130,-0.01016,train
2022,market,Cam Thomas,BKN,SG,20,67,17.6,8.5,2.4,1.2,2354647,2659731,-0.002714,train
2022,production,Cam Thomas,BKN,SG,20,67,17.6,8.5,2.4,1.2,2354647,3597218,-0.011054,train
2022,market,Cameron Johnson,PHX,PF,25,66,26.2,12.5,4.1,1.5,5130714,5396503,-0.002364,test
2022,production,Cameron Johnson,PHX,PF,25,66,26.2,12.5,4.1,1.5,5130714,8915215,-0.033666,test
2022,market,Cameron Payne,PHX,PG,27,58,22.0,10.8,3.0,4.9,7516258,7461095,0.000491,train
2022,production,Cameron Payne,PHX,PG,27,58,22.0,10.8,3.0,4.9,7516258,7043220,0.004208,train
2022,market,Caris LeVert,CLE,SG,27,58,30.7,17.0,3.7,4.3,20236081,18566055,0.014856,train
2022,production,Caris LeVert,CLE,SG,27,58,30.7,17.0,3.7,4.3,20236081,17147454,0.027475,train
2022,market,Carmelo Anthony,LAL,PF,37,69,26.0,13.3,4.2,1.0,3054712,14040007,-0.097722,test
2022,production,Carmelo Anthony,LAL,PF,37,69,26.0,13.3,4.2,1.0,3054712,10116466,-0.062819,test
2022,market,Cedi Osman,CLE,SF,26,66,22.2,10.7,2.2,2.0,9404960,7393466,0.017894,train
2022,production,Cedi Osman,CLE,SF,26,66,22.2,10.7,2.2,2.0,9404960,8417325,0.008786,train
2022,market,Chimezie Metu,SAC,C,24,60,21.3,8.9,5.6,1.0,2038404,3667618,-0.014493,test
2022,production,Chimezie Metu,SAC,C,24,60,21.3,8.9,5.6,1.0,2038404,4440531,-0.021369,test
2022,market,Chris Boucher,TOR,PF,29,80,21.1,9.4,6.2,0.3,8117559,8753963,-0.005661,train
2022,production,Chris Boucher,TOR,PF,29,80,21.1,9.4,6.2,0.3,8117559,6412871,0.015164,train
2022,market,Chris Duarte,IND,SG,24,55,28.0,13.1,4.1,2.1,4335609,5916663,-0.014065,train
2022,production,Chris Duarte,IND,SG,24,55,28.0,13.1,4.1,2.1,4335609,6804821,-0.021965,train
2022,market,Chris Paul,PHX,PG,36,65,32.9,14.7,4.4,10.8,35615504,27901017,0.068626,test
2022,production,Chris Paul,PHX,PG,36,65,32.9,14.7,4.4,10.8,35615504,22100741,0.120223,test
2022,market,Christian Wood,HOU,C,26,68,30.8,17.9,10.1,2.3,15803416,19995161,-0.037288,train
2022,production,Christian Wood,HOU,C,26,68,30.8,17.9,10.1,2.3,15803416,17970693,-0.019279,train
2022,market,Chuma Okeke,ORL,PF,23,70,25.0,8.6,5.0,1.7,3789443,4094068,-0.00271,train
2022,production,Chuma Okeke,ORL,PF,23,70,25.0,8.6,5.0,1.7,3789443,5937381,-0.019107,train
2022,market,Clint Capela,ATL,C,27,74,27.6,11.1,11.9,1.2,20355703,21370604,-0.009028,train
2022,production,Clint Capela,ATL,C,27,74,27.6,11.1,11.9,1.2,20355703,19001225,0.012049,train
2022,market,Coby White,CHI,PG,21,61,27.5,12.7,3.0,2.9,6750479,5457931,0.011498,train
2022,production,Coby White,CHI,PG,21,61,27.5,12.7,3.0,2.9,6750479,7045815,-0.002627,train
2022,market,Cody Martin,CHA,SF,26,71,26.3,7.7,4.0,2.5,2061329,3301530,-0.011032,train
2022,production,Cody Martin,CHA,SF,26,71,26.3,7.7,4.0,2.5,2061329,3160707,-0.00978,train
2022,market,Cole Anthony,ORL,PG,21,65,31.7,16.3,5.4,5.7,3988705,6129320,-0.019042,train
2022,production,Cole Anthony,ORL,PG,21,65,31.7,16.3,5.4,5.7,3988705,10822817,-0.060794,train
2022,market,Corey Kispert,WAS,SF,22,77,23.4,8.2,2.7,1.1,3912663,3671206,0.002148,train
2022,production,Corey Kispert,WAS,SF,22,77,23.4,8.2,2.7,1.1,3912663,4314850,-0.003578,train
2022,market,Cory Joseph,DET,PG,30,65,24.6,8.0,2.7,3.6,8452900,8712787,-0.002312,train
2022,production,Cory Joseph,DET,PG,30,65,24.6,8.0,2.7,3.6,8452900,8164336,0.002567,train
2022,market,D'Angelo Russell,MIN,PG,25,65,32.0,18.1,3.3,7.1,34706036,28684060,0.05357,train
2022,production,D'Angelo Russell,MIN,PG,25,65,32.0,18.1,3.3,7.1,34706036,27920853,0.060359,train
2022,market,Dalano Banton,TOR,SF,22,64,10.9,3.2,1.9,1.5,1069919,1366217,-0.002636,train
2022,production,Dalano Banton,TOR,SF,22,64,10.9,3.2,1.9,1.5,1069919,1356406,-0.002548,train
2022,market,Damian Jones,SAC,C,26,56,18.2,8.1,4.4,1.2,2286111,3452389,-0.010375,train
2022,production,Damian Jones,SAC,C,26,56,18.2,8.1,4.4,1.2,2286111,3113371,-0.007359,train
2022,market,Damion Lee,GSW,SG,29,63,19.9,7.4,3.2,1.0,2209618,5682160,-0.030891,test
2022,production,Damion Lee,GSW,SG,29,63,19.9,7.4,3.2,1.0,2209618,3637384,-0.012701,test
2022,market,Daniel Gafford,WAS,C,23,72,20.1,9.4,5.7,0.9,2061329,2954019,-0.007941,train
2022,production,Daniel Gafford,WAS,C,23,72,20.1,9.4,5.7,0.9,2061329,3407519,-0.011975,train
2022,market,Danilo Gallinari,ATL,PF,33,66,25.3,11.7,4.7,1.5,23676215,20371194,0.0294,train
2022,production,Danilo Gallinari,ATL,PF,33,66,25.3,11.7,4.7,1.5,23676215,20291491,0.030109,train
2022,market,Danny Green,PHI,SF,34,62,21.8,5.9,2.5,1.0,11563475,10713744,0.007559,train
2022,production,Danny Green,PHI,SF,34,62,21.8,5.9,2.5,1.0,11563475,10224654,0.01191,train
2022,market,Darius Bazley,OKC,PF,21,69,27.9,10.8,6.3,1.4,2905947,3814735,-0.008084,train
2022,production,Darius Bazley,OKC,PF,21,69,27.9,10.8,6.3,1.4,2905947,4804276,-0.016887,train
2022,market,Darius Garland,CLE,PG,22,68,35.7,21.7,3.3,8.6,8141704,8387503,-0.002187,train
2022,production,Darius Garland,CLE,PG,22,68,35.7,21.7,3.3,8.6,8141704,14675861,-0.058126,train
2022,market,Davion Mitchell,SAC,PG,23,75,27.7,11.5,2.2,4.2,5322898,5251178,0.000638,train
2022,production,Davion Mitchell,SAC,PG,23,75,27.7,11.5,2.2,4.2,5322898,6168850,-0.007525,train
2022,market,Davis Bertans,DAL,PF,29,56,14.4,5.6,2.1,0.6,18501560,13489778,0.044583,train
2022,production,Davis Bertans,DAL,PF,29,56,14.4,5.6,2.1,0.6,18501560,13180021,0.047339,train
2022,market,De'Aaron Fox,SAC,PG,24,59,35.3,23.2,3.9,5.6,32497412,31745304,0.006691,train
2022,production,De'Aaron Fox,SAC,PG,24,59,35.3,23.2,3.9,5.6,32497412,26831705,0.0504,train
2022,market,De'Anthony Melton,MEM,SG,23,73,22.7,10.8,4.5,2.7,10182768,7983549,0.019564,train
2022,production,De'Anthony Melton,MEM,SG,23,73,22.7,10.8,4.5,2.7,10182768,8931010,0.011135,train
2022,market,DeMar DeRozan,CHI,PF,32,76,36.1,27.9,5.2,4.9,30065035,32438955,-0.021118,train
2022,production,DeMar DeRozan,CHI,PF,32,76,36.1,27.9,5.2,4.9,30065035,29329871,0.00654,train
2022,market,Dejounte Murray,SAS,PG,25,68,34.8,21.1,8.3,9.2,17841147,20958740,-0.027733,train
2022,production,Dejounte Murray,SAS,PG,25,68,34.8,21.1,8.3,9.2,17841147,21309147,-0.03085,train
2022,market,Delon Wright,ATL,SG,29,77,18.9,4.4,2.9,2.4,9859384,8939299,0.008185,train
2022,production,Delon Wright,ATL,SG,29,77,18.9,4.4,2.9,2.4,9859384,7986395,0.016662,train
2022,market,Derrick White,BOS,SG,27,75,29.3,13.2,3.5,4.9,18129876,14084863,0.035983,test
2022,production,Derrick White,BOS,SG,27,75,29.3,13.2,3.5,4.9,18129876,11173433,0.061882,test
2022,market,Desmond Bane,MEM,SF,23,76,29.8,18.2,4.4,2.7,2351039,4246576,-0.016862,train
2022,production,Desmond Bane,MEM,SF,23,76,29.8,18.2,4.4,2.7,2351039,9645103,-0.064886,train
2022,market,Devin Booker,PHX,SG,25,68,34.5,26.8,5.0,4.8,36599093,33790154,0.024987,train
2022,production,Devin Booker,PHX,SG,25,68,34.5,26.8,5.0,4.8,36599093,32134640,0.039714,train
2022,market,Devin Vassell,SAS,SF,21,71,27.3,12.3,4.3,1.9,4897316,4936352,-0.000347,train
2022,production,Devin Vassell,SAS,SF,21,71,27.3,12.3,4.3,1.9,4897316,5930753,-0.009193,train
2022,market,Dewayne Dedmon,MIA,C,32,67,15.9,6.3,5.8,0.7,6078118,5875716,0.001801,test
2022,production,Dewayne Dedmon,MIA,C,32,67,15.9,6.3,5.8,0.7,6078118,4578909,0.013336,test
2022,market,Domantas Sabonis,SAC,C-PF,25,62,34.5,18.9,12.1,5.2,21392429,22845989,-0.01293,train
2022,production,Domantas Sabonis,SAC,C-PF,25,62,34.5,18.9,12.1,5.2,21392429,21506727,-0.001017,train
2022,market,Donovan Mitchell,UTA,SG,25,67,33.8,25.9,4.2,5.3,32497412,30348002,0.01912,train
2022,production,Donovan Mitchell,UTA,SG,25,67,33.8,25.9,4.2,5.3,32497412,26998831,0.048914,train
2022,market,Dorian Finney-Smith,DAL,PF,28,80,33.1,11.0,4.7,1.9,4625390,6592648,-0.0175,train
2022,production,Dorian Finney-Smith,DAL,PF,28,80,33.1,11.0,4.7,1.9,4625390,7502545,-0.025594,train
2022,market,Drew Eubanks,POR,C,24,71,17.5,7.7,5.4,1.2,2590009,2521573,0.000609,test
2022,production,Drew Eubanks,POR,C,24,71,17.5,7.7,5.4,1.2,2590009,3349145,-0.006753,test
2022,market,Duncan Robinson,MIA,SG,27,79,25.9,10.9,2.6,1.6,18096838,14787985,0.029435,train
2022,production,Duncan Robinson,MIA,SG,27,79,25.9,10.9,2.6,1.6,18096838,14042895,0.036063,train
2022,market,Dwight Howard,LAL,C,36,60,16.2,6.2,5.9,0.6,3054712,5500407,-0.021756,train
2022,production,Dwight Howard,LAL,C,36,60,16.2,6.2,5.9,0.6,3054712,3849259,-0.007068,train
2022,market,Dwight Powell,DAL,C,30,82,21.9,8.7,4.9,1.2,12812475,11970784,0.007487,train
2022,production,Dwight Powell,DAL,C,30,82,21.9,8.7,4.9,1.2,12812475,11425153,0.012341,train
2022,market,Eric Gordon,HOU,SG,33,57,29.3,13.4,2.0,2.7,21067285,18543410,0.022452,train
2022,production,Eric Gordon,HOU,SG,33,57,29.3,13.4,2.0,2.7,21067285,17841050,0.0287,train
2022,market,Eric Paschall,UTA,PF,25,58,12.7,5.8,1.8,0.6,2061329,2247459,-0.001656,train
2022,production,Eric Paschall,UTA,PF,25,58,12.7,5.8,1.8,0.6,2061329,2342443,-0.002501,train
2022,market,Evan Fournier,NYK,SG,29,80,29.5,14.1,2.6,2.1,19823100,14616219,0.046319,test
2022,production,Evan Fournier,NYK,SG,29,80,29.5,14.1,2.6,2.1,19823100,13400150,0.057137,test
2022,market,Evan Mobley,CLE,PF,20,69,33.8,15.0,8.3,2.5,9337691,9193729,0.001281,train
2022,production,Evan Mobley,CLE,PF,20,69,33.8,15.0,8.3,2.5,9337691,10609913,-0.011317,train
2022,market,Facundo Campazzo,DEN,PG,30,65,18.2,5.1,1.8,3.4,3584677,4379488,-0.00707,train
2022,production,Facundo Campazzo,DEN,PG,30,65,18.2,5.1,1.8,3.4,3584677,3811078,-0.002014,train
2022,market,Frank Ntilikina,DAL,PG,23,58,11.8,4.1,1.4,1.2,2069001,2492821,-0.00377,train
2022,production,Frank Ntilikina,DAL,PG,23,58,11.8,4.1,1.4,1.2,2069001,2111818,-0.000381,train
2022,market,Franz Wagner,ORL,SF,20,79,30.7,15.2,4.5,2.9,5790803,5230342,0.004986,test
2022,production,Franz Wagner,ORL,SF,20,79,30.7,15.2,4.5,2.9,5790803,10442109,-0.041377,test
2022,market,Fred VanVleet,TOR,PG,27,65,37.9,20.3,4.4,6.7,22752208,21459325,0.011501,train
2022,production,Fred VanVleet,TOR,PG,27,65,37.9,20.3,4.4,6.7,22752208,23329301,-0.005134,train
2022,market,Furkan Korkmaz,PHI,SG,24,67,21.1,7.6,2.6,1.9,5353461,4785312,0.005054,train
2022,production,Furkan Korkmaz,PHI,SG,24,67,21.1,7.6,2.6,1.9,5353461,4493201,0.007653,train
2022,market,Gabe Vincent,MIA,PG,25,68,23.4,8.7,1.9,3.1,1930149,2768455,-0.007457,train
2022,production,Gabe Vincent,MIA,PG,25,68,23.4,8.7,1.9,3.1,1930149,2965485,-0.00921,train
2022,market,Garrett Temple,NOP,SG,35,59,18.6,5.2,2.4,1.3,5677666,5537258,0.001249,train
2022,production,Garrett Temple,NOP,SG,35,59,18.6,5.2,2.4,1.3,5677666,4826727,0.00757,train
2022,market,Garrison Mathews,HOU,SG,25,65,26.3,10.0,2.9,1.0,2312695,3641833,-0.011824,train
2022,production,Garrison Mathews,HOU,SG,25,65,26.3,10.0,2.9,1.0,2312695,4769247,-0.021853,train
2022,market,Gary Harris,ORL,SG,27,61,28.4,11.1,2.0,1.8,24204831,18751667,0.04851,train
2022,production,Gary Harris,ORL,SG,27,61,28.4,11.1,2.0,1.8,24204831,17792749,0.05704,train
2022,market,Gary Payton II,GSW,PG,29,71,17.6,7.1,3.5,0.9,1930149,6368400,-0.039481,test
2022,production,Gary Payton II,GSW,PG,29,71,17.6,7.1,3.5,0.9,1930149,4197419,-0.020169,test
2022,market,Georges Niang,PHI,PF,28,76,22.8,9.2,2.7,1.3,3815946,4758686,-0.008386,train
2022,production,Georges Niang,PHI,PF,28,76,22.8,9.2,2.7,1.3,3815946,4163501,-0.003092,train
2022,market,Giannis Antetokounmpo,MIL,PF,27,67,32.9,29.9,11.6,5.8,45496378,32937601,0.111719,test
2022,production,Giannis Antetokounmpo,MIL,PF,27,67,32.9,29.9,11.6,5.8,45496378,33081933,0.110435,test
2022,market,Grant Williams,BOS,PF,23,77,24.4,7.8,3.6,1.0,3027086,3422387,-0.003516,train
2022,production,Grant Williams,BOS,PF,23,77,24.4,7.8,3.6,1.0,3027086,4008495,-0.00873,train
2022,market,Grayson Allen,MIL,SG,26,66,27.3,11.1,3.4,1.5,4688636,4897856,-0.001861,train
2022,production,Grayson Allen,MIL,SG,26,66,27.3,11.1,3.4,1.5,4688636,5991703,-0.011592,train
2022,market,Hamidou Diallo,DET,SG,23,58,21.9,11.0,4.8,1.3,6013007,5275639,0.006559,train
2022,production,Hamidou Diallo,DET,SG,23,58,21.9,11.0,4.8,1.3,6013007,6429705,-0.003707,train
2022,market,Harrison Barnes,SAC,PF,29,77,33.6,16.4,5.6,2.4,23455458,23128664,0.002907,train
2022,production,Harrison Barnes,SAC,PF,29,77,33.6,16.4,5.6,2.4,23455458,21585224,0.016637,train
2022,market,Hassan Whiteside,UTA,C,32,65,17.9,8.2,7.6,0.4,2777011,4742370,-0.017483,train
2022,production,Hassan Whiteside,UTA,C,32,65,17.9,8.2,7.6,0.4,2777011,3218258,-0.003925,train
2022,market,Immanuel Quickley,NYK,PG,22,78,23.1,11.3,3.2,3.5,2556268,3343472,-0.007003,train
2022,production,Immanuel Quickley,NYK,PG,22,78,23.1,11.3,3.2,3.5,2556268,4408758,-0.016479,train
2022,market,Isaac Okoro,CLE,SF,21,67,29.6,8.8,3.0,1.8,7771488,5166728,0.023171,test
2022,production,Isaac Okoro,CLE,SF,21,67,29.6,8.8,3.0,1.8,7771488,9201152,-0.012718,test
2022,market,Isaiah Hartenstein,LAC,C,23,68,17.9,8.3,4.9,2.4,1999575,2525639,-0.00468,train
2022,production,Isaiah Hartenstein,LAC,C,23,68,17.9,8.3,4.9,2.4,1999575,4603448,-0.023163,train
2022,market,Isaiah Joe,PHI,SG,22,55,11.1,3.6,1.0,0.6,1755313,1980660,-0.002005,train
2022,production,Isaiah Joe,PHI,SG,22,55,11.1,3.6,1.0,0.6,1755313,1969983,-0.00191,train
2022,market,Isaiah Stewart,DET,C,20,71,25.6,8.3,8.7,1.2,3789443,5582244,-0.015948,test
2022,production,Isaiah Stewart,DET,C,20,71,25.6,8.3,8.7,1.2,3789443,12851989,-0.080618,test
2022,market,Ivica Zubac,LAC,C,24,76,24.4,10.3,8.5,1.6,8694019,7654658,0.009246,test
2022,production,Ivica Zubac,LAC,C,24,76,24.4,10.3,8.5,1.6,8694019,9435022,-0.006592,test
2022,market,Ja Morant,MEM,PG,22,57,33.1,27.4,5.7,6.7,11104821,11700512,-0.005299,test
2022,production,Ja Morant,MEM,PG,22,57,33.1,27.4,5.7,6.7,11104821,27800885,-0.148523,test
2022,market,JaMychal Green,DEN,PF,31,67,16.2,6.4,4.2,0.9,9482049,10017420,-0.004762,test
2022,production,JaMychal Green,DEN,PF,31,67,16.2,6.4,4.2,0.9,9482049,6463438,0.026853,test
2022,market,JaVale McGee,PHX,C,34,74,15.8,9.2,6.7,0.6,5781737,6276968,-0.004405,train
2022,production,JaVale McGee,PHX,C,34,74,15.8,9.2,6.7,0.6,5781737,5066035,0.006367,train
2022,market,Jaden McDaniels,MIN,PF,21,70,25.8,9.2,4.2,1.1,2385868,3205067,-0.007287,train
2022,production,Jaden McDaniels,MIN,PF,21,70,25.8,9.2,4.2,1.1,2385868,3740675,-0.012052,train
2022,market,Jae Crowder,PHX,PF,31,67,28.1,9.4,5.3,1.9,11240738,10929955,0.002765,train
2022,production,Jae Crowder,PHX,PF,31,67,28.1,9.4,5.3,1.9,11240738,10849635,0.003479,train
2022,market,Jae'Sean Tate,HOU,SF,26,78,26.4,11.8,5.4,2.8,1755313,3501248,-0.015531,train
2022,production,Jae'Sean Tate,HOU,SF,26,78,26.4,11.8,5.4,2.8,1755313,5225503,-0.03087,train
2022,market,Jakob Poeltl,SAS,C,26,68,29.0,13.5,9.3,2.8,10118040,10026693,0.000813,train
2022,production,Jakob Poeltl,SAS,C,26,68,29.0,13.5,9.3,2.8,10118040,11963677,-0.016418,train
2022,market,Jalen Brunson,DAL,PG,25,79,31.9,16.3,3.9,4.8,2083804,7924600,-0.051958,train
2022,production,Jalen Brunson,DAL,PG,25,79,31.9,16.3,3.9,4.8,2083804,7429115,-0.04755,train
2022,market,Jalen Green,HOU,SG,19,67,31.9,17.3,3.4,2.6,10397969,8779018,0.014402,train
2022,production,Jalen Green,HOU,SG,19,67,31.9,17.3,3.4,2.6,10397969,12436680,-0.018136,train
2022,market,Jalen McDaniels,CHA,SF,24,55,16.3,6.2,3.1,1.1,2061329,2894264,-0.00741,test
2022,production,Jalen McDaniels,CHA,SF,24,55,16.3,6.2,3.1,1.1,2061329,3711649,-0.014681,test
2022,market,James Harden,PHI,PG-SG,32,65,37.2,22.0,7.7,10.3,51238730,44298435,0.061739,train
2022,production,James Harden,PHI,PG-SG,32,65,37.2,22.0,7.7,10.3,51238730,44364988,0.061147,train
2022,market,James Johnson,BKN,PF,34,62,19.2,5.5,3.5,2.1,3054712,5053421,-0.01778,train
2022,production,James Johnson,BKN,PF,34,62,19.2,5.5,3.5,2.1,3054712,4833902,-0.015827,train
2022,market,Jarred Vanderbilt,MIN,PF,22,74,25.4,6.9,8.4,1.3,4683207,4925592,-0.002156,train
2022,production,Jarred Vanderbilt,MIN,PF,22,74,25.4,6.9,8.4,1.3,4683207,6521770,-0.016355,train
2022,market,Jarrett Allen,CLE,C,23,56,32.3,16.1,10.8,1.6,23126950,17977813,0.045805,train
2022,production,Jarrett Allen,CLE,C,23,56,32.3,16.1,10.8,1.6,23126950,22107545,0.009068,train
2022,market,Javonte Green,CHI,SF,28,65,23.4,7.2,4.2,0.9,1930149,4726803,-0.024878,train
2022,production,Javonte Green,CHI,SF,28,65,23.4,7.2,4.2,0.9,1930149,2920588,-0.008811,train
2022,market,Jaxson Hayes,NOP,C,21,70,20.0,9.3,4.5,0.6,6184470,5050943,0.010084,train
2022,production,Jaxson Hayes,NOP,C,21,70,20.0,9.3,4.5,0.6,6184470,5155319,0.009155,train
2022,market,Jaylen Brown,BOS,SF,25,66,33.6,23.6,6.1,3.5,30942620,28502833,0.021704,train
2022,production,Jaylen Brown,BOS,SF,25,66,33.6,23.6,6.1,3.5,30942620,28713846,0.019826,train
2022,market,Jaylen Nowell,MIN,SG,22,62,15.7,8.5,2.0,2.1,2061329,2434315,-0.003318,train
2022,production,Jaylen Nowell,MIN,SG,22,62,15.7,8.5,2.0,2.1,2061329,3039765,-0.008704,train
2022,market,Jayson Tatum,BOS,SF,23,76,35.9,26.9,8.0,4.4,32497412,24093683,0.074757,train
2022,production,Jayson Tatum,BOS,SF,23,76,35.9,26.9,8.0,4.4,32497412,30165278,0.020746,train
2022,market,Jeff Green,DEN,C,35,75,24.7,10.3,3.1,1.3,5203563,8401314,-0.028446,train
2022,production,Jeff Green,DEN,C,35,75,24.7,10.3,3.1,1.3,5203563,6625012,-0.012645,train
2022,market,Jeremy Lamb,SAC,SF-SG,29,56,16.7,7.3,2.8,1.4,12141649,9569266,0.022883,train
2022,production,Jeremy Lamb,SAC,SF-SG,29,56,16.7,7.3,2.8,1.4,12141649,9396976,0.024416,train
2022,market,Jevon Carter,MIL,PG,26,66,13.7,4.2,1.7,1.5,4749291,3985167,0.006797,train
2022,production,Jevon Carter,MIL,PG,26,66,13.7,4.2,1.7,1.5,4749291,4272870,0.004238,train
2022,market,Jimmy Butler,MIA,SF,32,57,33.9,21.4,5.9,5.5,41647244,39302939,0.020854,train
2022,production,Jimmy Butler,MIA,SF,32,57,33.9,21.4,5.9,5.5,41647244,37320163,0.038492,train
2022,market,Joel Embiid,PHI,C,27,68,33.8,30.6,11.7,4.2,36516749,34308822,0.019641,train
2022,production,Joel Embiid,PHI,C,27,68,33.8,30.6,11.7,4.2,36516749,33802935,0.024141,train
2022,market,John Konchar,MEM,SG,25,72,17.9,4.8,4.6,1.5,2543964,2957918,-0.003682,train
2022,production,John Konchar,MEM,SG,25,72,17.9,4.8,4.6,1.5,2543964,3079600,-0.004765,train
2022,market,Jonas Valanciunas,NOP,C,29,74,30.3,17.8,11.4,2.6,16188865,19015546,-0.025145,train
2022,production,Jonas Valanciunas,NOP,C,29,74,30.3,17.8,11.4,2.6,16188865,17200857,-0.009002,train
2022,market,Jonathan Kuminga,GSW,SF,19,70,16.9,9.3,3.3,0.9,6321011,5779327,0.004819,train
2022,production,Jonathan Kuminga,GSW,SF,19,70,16.9,9.3,3.3,0.9,6321011,5215943,0.00983,train
2022,market,Jordan Clarkson,UTA,SG,29,79,27.1,16.0,3.5,2.5,14361836,13909743,0.004022,train
2022,production,Jordan Clarkson,UTA,SG,29,79,27.1,16.0,3.5,2.5,14361836,12975662,0.012331,train
2022,market,Jordan McLaughlin,MIN,PG,25,62,14.5,3.8,1.5,2.9,2312695,2134139,0.001588,test
2022,production,Jordan McLaughlin,MIN,PG,25,62,14.5,3.8,1.5,2.9,2312695,2696107,-0.003411,test
2022,market,Jordan Nwora,MIL,SF,23,62,19.1,7.9,3.6,1.0,1755313,2353574,-0.005322,train
2022,production,Jordan Nwora,MIL,SF,23,62,19.1,7.9,3.6,1.0,1755313,2644061,-0.007906,train
2022,market,Jordan Poole,GSW,SG,22,76,30.0,18.5,3.4,4.0,2499375,4438596,-0.017251,train
2022,production,Jordan Poole,GSW,SG,22,76,30.0,18.5,3.4,4.0,2499375,6264807,-0.033496,train
2022,market,Josh Christopher,HOU,SG,20,74,18.0,7.9,2.5,2.0,2612466,3011249,-0.003547,train
2022,production,Josh Christopher,HOU,SG,20,74,18.0,7.9,2.5,2.0,2612466,3003926,-0.003482,train
2022,market,Josh Green,DAL,SG,21,67,15.5,4.8,2.4,1.2,3419920,2884197,0.004766,train
2022,production,Josh Green,DAL,SG,21,67,15.5,4.8,2.4,1.2,3419920,3429477,-8.5e-05,train
2022,market,Josh Richardson,SAS,SG,28,65,24.6,10.2,2.8,1.8,13431355,11871549,0.013876,train
2022,production,Josh Richardson,SAS,SG,28,65,24.6,10.2,2.8,1.8,13431355,11134743,0.02043,train
2022,market,Jrue Holiday,MIL,PG,31,67,32.9,18.3,4.5,6.8,36044894,34485962,0.013868,train
2022,production,Jrue Holiday,MIL,PG,31,67,32.9,18.3,4.5,6.8,36044894,30599713,0.048439,train
2022,market,Juan Toscano-Anderson,GSW,SF,28,73,13.6,4.1,2.4,1.7,1967632,4012710,-0.018192,train
2022,production,Juan Toscano-Anderson,GSW,SF,28,73,13.6,4.1,2.4,1.7,1967632,2813847,-0.007528,train
2022,market,Julius Randle,NYK,PF,27,72,35.3,20.1,9.9,5.1,22895681,24762459,-0.016606,test
2022,production,Julius Randle,NYK,PF,27,72,35.3,20.1,9.9,5.1,22895681,23342095,-0.003971,test
2022,market,Justin Holiday,SAC,SF-SG,32,74,27.8,10.1,2.6,1.7,6945508,8047889,-0.009806,train
2022,production,Justin Holiday,SAC,SF-SG,32,74,27.8,10.1,2.6,1.7,6945508,8089696,-0.010178,train
2022,market,Jusuf Nurkic,POR,C,27,56,28.2,15.0,11.1,2.8,13876170,16479901,-0.023162,train
2022,production,Jusuf Nurkic,POR,C,27,56,28.2,15.0,11.1,2.8,13876170,14777931,-0.008022,train
2022,market,Karl-Anthony Towns,MIN,C,26,74,33.5,24.6,9.8,3.6,36599093,31738974,0.043234,train
2022,production,Karl-Anthony Towns,MIN,C,26,74,33.5,24.6,9.8,3.6,36599093,33104552,0.031086,train
2022,market,Keita Bates-Diop,SAS,SF,26,59,16.2,5.7,3.9,0.7,1999575,2642832,-0.005722,train
2022,production,Keita Bates-Diop,SAS,SF,26,59,16.2,5.7,3.9,0.7,1999575,2420993,-0.003749,train
2022,market,Keldon Johnson,SAS,SF,22,75,31.9,17.0,6.1,2.1,2481198,3205775,-0.006446,train
2022,production,Keldon Johnson,SAS,SF,22,75,31.9,17.0,6.1,2.1,2481198,10433490,-0.070741,train
2022,market,Kentavious Caldwell-Pope,WAS,SG,28,77,30.2,13.2,3.4,1.9,15077455,16509513,-0.012739,test
2022,production,Kentavious Caldwell-Pope,WAS,SG,28,77,30.2,13.2,3.4,1.9,15077455,13524947,0.013811,test
2022,market,Kevin Durant,BKN,PF,33,55,37.2,29.9,7.4,6.4,48588451,41202525,0.065703,test
2022,production,Kevin Durant,BKN,PF,33,55,37.2,29.9,7.4,6.4,48588451,35642458,0.115164,test
2022,market,Kevin Huerter,ATL,SG,23,74,29.6,12.1,3.4,2.7,4918358,4827687,0.000807,train
2022,production,Kevin Huerter,ATL,SG,23,74,29.6,12.1,3.4,2.7,4918358,5957785,-0.009246,train
2022,market,Kevin Love,CLE,PF,33,74,22.5,13.6,7.2,2.2,36145407,28865144,0.064763,train
2022,production,Kevin Love,CLE,PF,33,74,22.5,13.6,7.2,2.2,36145407,28713883,0.066109,train
2022,market,Kevon Looney,GSW,C,25,82,21.1,6.0,7.3,2.0,5988228,6337063,-0.003103,train
2022,production,Kevon Looney,GSW,C,25,82,21.1,6.0,7.3,2.0,5988228,8040683,-0.018258,train
2022,market,Khem Birch,TOR,C,29,55,18.0,4.5,4.3,1.0,7342806,8060877,-0.006388,train
2022,production,Khem Birch,TOR,C,29,55,18.0,4.5,4.3,1.0,7342806,7433671,-0.000808,train
2022,market,Khris Middleton,MIL,SF,30,66,32.4,20.1,5.4,5.4,41050337,36186040,0.043271,train
2022,production,Khris Middleton,MIL,SF,30,66,32.4,20.1,5.4,5.4,41050337,34612131,0.057272,train
2022,market,Killian Hayes,DET,PG,20,66,25.0,6.9,3.2,4.2,6443954,5416218,0.009142,train
2022,production,Killian Hayes,DET,PG,20,66,25.0,6.9,3.2,4.2,6443954,6532902,-0.000791,train
2022,market,Kyle Anderson,MEM,PF,28,69,21.5,7.6,5.3,2.7,11490798,9851283,0.014585,test
2022,production,Kyle Anderson,MEM,PF,28,69,21.5,7.6,5.3,2.7,11490798,3590070,0.070282,test
2022,market,Kyle Kuzma,WAS,PF,26,66,33.4,17.1,8.5,3.5,15032517,17578325,-0.022647,train
2022,production,Kyle Kuzma,WAS,PF,26,66,33.4,17.1,8.5,3.5,15032517,17679888,-0.02355,train
2022,market,Kyle Lowry,MIA,PG,35,63,33.9,13.4,4.5,7.5,31203029,28963022,0.019926,train
2022,production,Kyle Lowry,MIA,PG,35,63,33.9,13.4,4.5,7.5,31203029,27127473,0.036255,train
2022,market,LaMelo Ball,CHA,PG,20,75,32.3,20.1,6.7,7.6,9518775,8442890,0.009571,train
2022,production,LaMelo Ball,CHA,PG,20,75,32.3,20.1,6.7,7.6,9518775,14640765,-0.045564,train
2022,market,Lamar Stevens,CLE,PF,24,63,16.1,6.1,2.6,0.7,1755313,1948025,-0.001714,train
2022,production,Lamar Stevens,CLE,PF,24,63,16.1,6.1,2.6,0.7,1755313,2841154,-0.009659,train
2022,market,Landry Shamet,PHX,SG,24,69,20.8,8.3,1.8,1.6,4357512,3219084,0.010127,test
2022,production,Landry Shamet,PHX,SG,24,69,20.8,8.3,1.8,1.6,4357512,4575429,-0.001939,test
2022,market,Lauri Markkanen,CLE,PF,24,61,30.8,14.8,5.7,1.3,18144143,16308397,0.01633,train
2022,production,Lauri Markkanen,CLE,PF,24,61,30.8,14.8,5.7,1.3,18144143,15500456,0.023517,train
2022,market,LeBron James,LAL,SF,37,56,37.2,30.3,8.2,6.2,47619020,44925914,0.023957,train
2022,production,LeBron James,LAL,SF,37,56,37.2,30.3,8.2,6.2,47619020,42950601,0.041529,train
2022,market,Luka Doncic,DAL,PG,22,65,35.4,28.4,9.1,8.7,11765131,12661666,-0.007975,test
2022,production,Luka Doncic,DAL,PG,22,65,35.4,28.4,9.1,8.7,11765131,26042560,-0.127008,test
2022,market,Luke Kennard,LAC,SG,25,70,27.4,11.9,3.3,2.1,15434611,12015898,0.030412,train
2022,production,Luke Kennard,LAC,SG,25,70,27.4,11.9,3.3,2.1,15434611,13885908,0.013777,train
2022,market,Malik Beasley,MIN,SG,25,79,25.0,12.1,2.9,1.5,16757746,13227431,0.031405,train
2022,production,Malik Beasley,MIN,SG,25,79,25.0,12.1,2.9,1.5,16757746,13849144,0.025874,train
2022,market,Malik Monk,LAL,SG,23,76,28.1,13.8,3.4,2.9,2069001,3270384,-0.010687,train
2022,production,Malik Monk,LAL,SG,23,76,28.1,13.8,3.4,2.9,2069001,3593357,-0.01356,train
2022,market,Marcus Smart,BOS,PG,27,71,32.3,12.1,3.8,5.9,16003023,16247663,-0.002176,train
2022,production,Marcus Smart,BOS,PG,27,71,32.3,12.1,3.8,5.9,16003023,16006633,-3.2e-05,train
2022,market,Mason Plumlee,CHA,C,31,73,24.6,6.5,7.7,3.1,10694287,14372463,-0.03272,train
2022,production,Mason Plumlee,CHA,C,31,73,24.6,6.5,7.7,3.1,10694287,12508960,-0.016143,train
2022,market,Matisse Thybulle,PHI,SG,24,66,25.5,5.7,2.3,1.1,3284212,5831408,-0.022659,test
2022,production,Matisse Thybulle,PHI,SG,24,66,25.5,5.7,2.3,1.1,3284212,8391987,-0.045437,test
2022,market,Max Strus,MIA,SF,25,68,23.3,10.6,3.0,1.4,1930149,4310854,-0.021178,train
2022,production,Max Strus,MIA,SF,25,68,23.3,10.6,3.0,1.4,1930149,4916344,-0.026564,train
2022,market,Maxi Kleber,DAL,PF,30,59,24.6,7.0,5.9,1.2,10118040,9633296,0.004312,train
2022,production,Maxi Kleber,DAL,PF,30,59,24.6,7.0,5.9,1.2,10118040,9589860,0.004699,train
2022,market,Mikal Bridges,PHX,SF,25,82,34.8,14.2,4.2,2.3,6426661,8773020,-0.020872,train
2022,production,Mikal Bridges,PHX,SF,25,82,34.8,14.2,4.2,2.3,6426661,7801538,-0.01223,train
2022,market,Mike Conley,UTA,PG,34,72,28.6,13.7,3.0,5.3,24283298,21233460,0.02713,train
2022,production,Mike Conley,UTA,PG,34,72,28.6,13.7,3.0,5.3,24283298,19598573,0.041674,train
2022,market,Miles Bridges,CHA,PF,23,80,35.5,20.2,7.0,3.8,6269130,7748979,-0.013164,train
2022,production,Miles Bridges,CHA,PF,23,80,35.5,20.2,7.0,3.8,6269130,11359702,-0.045284,train
2022,market,Mitchell Robinson,NYK,C,23,72,25.7,8.5,8.6,0.5,2083804,4977141,-0.025738,train
2022,production,Mitchell Robinson,NYK,C,23,72,25.7,8.5,8.6,0.5,2083804,6327201,-0.037748,train
2022,market,Mo Bamba,ORL,C,23,71,25.7,10.6,8.1,1.2,8752097,7611471,0.010147,train
2022,production,Mo Bamba,ORL,C,23,71,25.7,10.6,8.1,1.2,8752097,9879897,-0.010033,train
2022,market,Monte Morris,DEN,PG,26,75,29.9,12.6,3.0,4.4,9770065,9675907,0.000838,test
2022,production,Monte Morris,DEN,PG,26,75,29.9,12.6,3.0,4.4,9770065,10389149,-0.005507,test
2022,market,Montrezl Harrell,CHA,C,28,71,23.1,13.1,6.1,2.0,11240738,11925828,-0.006094,test
2022,production,Montrezl Harrell,CHA,C,28,71,23.1,13.1,6.1,2.0,11240738,9911381,0.011826,test
2022,market,Moritz Wagner,ORL,C,24,63,15.2,9.0,3.7,1.4,1999575,2719971,-0.006408,train
2022,production,Moritz Wagner,ORL,C,24,63,15.2,9.0,3.7,1.4,1999575,2539319,-0.004801,train
2022,market,Naji Marshall,NOP,SF,24,55,13.4,5.7,2.6,1.1,1755313,2073889,-0.002834,train
2022,production,Naji Marshall,NOP,SF,24,55,13.4,5.7,2.6,1.1,1755313,2425857,-0.005965,train
2022,market,Naz Reid,MIN,C,22,77,15.8,8.3,3.9,0.9,2061329,2457358,-0.003523,train
2022,production,Naz Reid,MIN,C,22,77,15.8,8.3,3.9,0.9,2061329,2788164,-0.006466,train
2022,market,Nemanja Bjelica,GSW,C,33,71,16.1,6.1,4.1,2.2,2416128,3916691,-0.013349,train
2022,production,Nemanja Bjelica,GSW,C,33,71,16.1,6.1,4.1,2.2,2416128,3530760,-0.009915,train
2022,market,Nickeil Alexander-Walker,UTA,SG,23,65,22.6,10.6,2.9,2.4,3771404,4521773,-0.006675,train
2022,production,Nickeil Alexander-Walker,UTA,SG,23,65,22.6,10.6,2.9,2.4,3771404,5279550,-0.013416,train
2022,market,Nicolas Batum,LAC,PF,33,59,24.8,8.3,4.3,1.7,13907389,12612679,0.011517,train
2022,production,Nicolas Batum,LAC,PF,33,59,24.8,8.3,4.3,1.7,13907389,12617927,0.011471,train
2022,market,Nikola Jokic,DEN,C,26,74,33.5,27.1,13.8,7.9,35898700,33826114,0.018437,train
2022,production,Nikola Jokic,DEN,C,26,74,33.5,27.1,13.8,7.9,35898700,34841793,0.009402,train
2022,market,Nikola Vucevic,CHI,C,31,73,33.1,17.6,11.0,3.2,27752340,26926333,0.007348,train
2022,production,Nikola Vucevic,CHI,C,31,73,33.1,17.6,11.0,3.2,27752340,24372567,0.030065,train
2022,market,Obi Toppin,NYK,PF,23,72,17.1,9.0,3.7,1.1,5903339,4865495,0.009232,train
2022,production,Obi Toppin,NYK,PF,23,72,17.1,9.0,3.7,1.1,5903339,4452883,0.012903,train
2022,market,Omer Yurtseven,MIA,C,23,56,12.6,5.3,5.3,0.9,1721876,2244031,-0.004645,train
2022,production,Omer Yurtseven,MIA,C,23,56,12.6,5.3,5.3,0.9,1721876,2786903,-0.009474,train
2022,market,Oshae Brissett,IND,SF,23,67,23.3,9.1,5.3,1.1,1967632,2391443,-0.00377,train
2022,production,Oshae Brissett,IND,SF,23,67,23.3,9.1,5.3,1.1,1967632,2429798,-0.004111,train
2022,market,Pascal Siakam,TOR,PF,27,68,37.9,22.8,8.5,5.3,38164020,35072754,0.027499,train
2022,production,Pascal Siakam,TOR,PF,27,68,37.9,22.8,8.5,5.3,38164020,33476821,0.041696,train
2022,market,Pat Connaughton,MIL,SG,29,65,26.0,9.9,4.2,1.3,6167187,7529104,-0.012115,train
2022,production,Pat Connaughton,MIL,SG,29,65,26.0,9.9,4.2,1.3,6167187,6084207,0.000738,train
2022,market,Patrick Beverley,MIN,PG,33,58,25.4,9.2,4.1,4.6,16560038,15313007,0.011093,train
2022,production,Patrick Beverley,MIN,PG,33,58,25.4,9.2,4.1,4.6,16560038,14308910,0.020025,train
2022,market,Payton Pritchard,BOS,SG,24,71,14.1,6.2,1.9,2.0,2471623,2826891,-0.00316,train
2022,production,Payton Pritchard,BOS,SG,24,71,14.1,6.2,1.9,2.0,2471623,2939279,-0.00416,train
2022,market,Precious Achiuwa,TOR,C,22,73,23.6,9.1,6.5,1.1,3135181,3675331,-0.004805,train
2022,production,Precious Achiuwa,TOR,C,22,73,23.6,9.1,6.5,1.1,3135181,3584151,-0.003994,train
2022,market,RJ Barrett,NYK,SF,21,70,34.5,20.0,5.8,3.0,9972248,10402388,-0.003826,train
2022,production,RJ Barrett,NYK,SF,21,70,34.5,20.0,5.8,3.0,9972248,13290611,-0.029519,train
2022,market,Raul Neto,WAS,PG,29,70,19.6,7.5,1.9,3.1,2416128,4213588,-0.01599,train
2022,production,Raul Neto,WAS,PG,29,70,19.6,7.5,1.9,3.1,2416128,2796757,-0.003386,train
2022,market,Reggie Bullock,DAL,SF,30,68,28.0,8.6,3.5,1.2,11026930,10626513,0.003562,train
2022,production,Reggie Bullock,DAL,SF,30,68,28.0,8.6,3.5,1.2,11026930,9154878,0.016653,train
2022,market,Reggie Jackson,LAC,SG,31,75,31.2,16.8,3.6,4.8,12008090,17080362,-0.045121,train
2022,production,Reggie Jackson,LAC,SG,31,75,31.2,16.8,3.6,4.8,12008090,14110269,-0.0187,train
2022,market,Robert Covington,LAC,PF-SF,31,71,27.3,8.5,5.5,1.3,15004153,13375208,0.014491,train
2022,production,Robert Covington,LAC,PF-SF,31,71,27.3,8.5,5.5,1.3,15004153,12110650,0.02574,train
2022,market,Robert Williams,BOS,C,24,61,29.6,10.0,9.6,2.0,4234516,14300586,-0.089545,test
2022,production,Robert Williams,BOS,C,24,61,29.6,10.0,9.6,2.0,4234516,17205170,-0.115383,test
2022,market,Royce O'Neale,UTA,SF,28,77,31.2,7.4,4.8,2.5,10175858,10273850,-0.000872,train
2022,production,Royce O'Neale,UTA,SF,28,77,31.2,7.4,4.8,2.5,10175858,11086692,-0.008102,train
2022,market,Rudy Gay,UTA,PF,35,55,18.9,8.1,4.4,1.0,6810886,6590452,0.001961,train
2022,production,Rudy Gay,UTA,PF,35,55,18.9,8.1,4.4,1.0,6810886,6434303,0.00335,train
2022,market,Rudy Gobert,UTA,C,29,66,32.1,15.6,14.7,1.1,40870904,28128476,0.113353,test
2022,production,Rudy Gobert,UTA,C,29,66,32.1,15.6,14.7,1.1,40870904,26624361,0.126733,test
2022,market,Russell Westbrook,LAL,PG,33,78,34.3,18.5,7.4,7.1,51123449,43513240,0.067698,train
2022,production,Russell Westbrook,LAL,PG,33,78,34.3,18.5,7.4,7.1,51123449,38065527,0.116159,train
2022,market,Saddiq Bey,DET,SF,22,82,33.0,16.1,5.4,2.8,3265895,4734729,-0.013066,train
2022,production,Saddiq Bey,DET,SF,22,82,33.0,16.1,5.4,2.8,3265895,6686199,-0.030426,train
2022,market,Scottie Barnes,TOR,PF,20,74,35.4,15.3,7.5,3.5,8418672,7906808,0.004553,train
2022,production,Scottie Barnes,TOR,PF,20,74,35.4,15.3,7.5,3.5,8418672,10316619,-0.016884,train
2022,market,Seth Curry,BKN,SG,31,64,33.4,15.0,3.1,3.6,9490743,14402883,-0.043697,train
2022,production,Seth Curry,BKN,SG,31,64,33.4,15.0,3.1,3.6,9490743,10608737,-0.009945,train
2022,market,Shai Gilgeous-Alexander,OKC,PG,23,56,34.7,24.5,5.0,5.9,6354744,8003682,-0.014668,train
2022,production,Shai Gilgeous-Alexander,OKC,PG,23,56,34.7,24.5,5.0,5.9,6354744,14689905,-0.074147,train
2022,market,Shake Milton,PHI,PG,25,55,21.4,8.2,2.6,2.5,2135470,4416598,-0.020292,test
2022,production,Shake Milton,PHI,PG,25,55,21.4,8.2,2.6,2.5,2135470,4932243,-0.024879,test
2022,market,Spencer Dinwiddie,DAL,PG,28,67,29.6,13.7,4.2,5.2,22334024,19011104,0.02956,train
2022,production,Spencer Dinwiddie,DAL,PG,28,67,29.6,13.7,4.2,5.2,22334024,18297903,0.035904,train
2022,market,Stephen Curry,GSW,PG,33,64,34.5,25.5,5.2,6.3,52938707,38877114,0.125088,test
2022,production,Stephen Curry,GSW,PG,33,64,34.5,25.5,5.2,6.3,52938707,34010618,0.168378,test
2022,market,Steven Adams,MEM,C,28,76,26.3,6.9,10.0,3.4,19742519,18482819,0.011206,train
2022,production,Steven Adams,MEM,C,28,76,26.3,6.9,10.0,3.4,19742519,17096485,0.023538,train
2022,market,Talen Horton-Tucker,LAL,SG,21,60,25.2,10.0,3.2,2.7,10985301,5595919,0.047942,test
2022,production,Talen Horton-Tucker,LAL,SG,21,60,25.2,10.0,3.2,2.7,10985301,8965755,0.017965,test
2022,market,Taurean Prince,MIN,PF,27,69,17.1,7.3,2.5,1.0,15419171,11564025,0.034294,train
2022,production,Taurean Prince,MIN,PF,27,69,17.1,7.3,2.5,1.0,15419171,11364432,0.03607,train
2022,market,Terance Mann,LAC,SF,25,81,28.6,10.8,5.2,2.6,2061329,3440268,-0.012267,train
2022,production,Terance Mann,LAC,SF,25,81,28.6,10.8,5.2,2.6,2061329,3832507,-0.015756,train
2022,market,Terrence Ross,ORL,SG,30,63,23.0,10.0,2.6,1.8,14454344,12255473,0.01956,train
2022,production,Terrence Ross,ORL,SG,30,63,23.0,10.0,2.6,1.8,14454344,11788343,0.023716,train
2022,market,Terry Rozier,CHA,SG,27,73,33.7,19.3,4.3,4.5,20704706,21739456,-0.009205,test
2022,production,Terry Rozier,CHA,SG,27,73,33.7,19.3,4.3,4.5,20704706,19438828,0.011261,test
2022,market,Tobias Harris,PHI,PF,29,73,34.8,17.2,6.8,3.5,41623828,33296334,0.074079,train
2022,production,Tobias Harris,PHI,PF,29,73,34.8,17.2,6.8,3.5,41623828,30609439,0.097981,train
2022,market,Tomas Satoransky,WAS,SG,30,55,16.5,3.6,2.3,3.3,11563475,9396483,0.019277,train
2022,production,Tomas Satoransky,WAS,SG,30,55,16.5,3.6,2.3,3.3,11563475,8190399,0.030006,train
2022,market,Tony Bradley,CHI,C,24,55,10.0,3.0,3.4,0.5,2069001,2527758,-0.004081,train
2022,production,Tony Bradley,CHI,C,24,55,10.0,3.0,3.4,0.5,2069001,2496980,-0.003807,train
2022,market,Torrey Craig,PHX,SF,31,78,20.5,6.6,4.0,1.2,5640719,5643850,-2.8e-05,train
2022,production,Torrey Craig,PHX,SF,31,78,20.5,6.6,4.0,1.2,5640719,5081221,0.004977,train
2022,market,Trae Young,ATL,PG,23,76,34.9,28.4,3.7,9.7,9628294,14195556,-0.040629,train
2022,production,Trae Young,ATL,PG,23,76,34.9,28.4,3.7,9.7,9628294,16196727,-0.058431,train
2022,market,Tre Jones,SAS,PG,22,69,16.6,6.0,2.2,3.4,1755313,2105220,-0.003113,train
2022,production,Tre Jones,SAS,PG,22,69,16.6,6.0,2.2,3.4,1755313,2785519,-0.009164,train
2022,market,Tre Mann,OKC,PG,20,60,22.8,10.4,2.9,1.5,3354841,3404459,-0.000441,train
2022,production,Tre Mann,OKC,PG,20,60,22.8,10.4,2.9,1.5,3354841,4295698,-0.00837,train
2022,market,Trent Forrest,UTA,PG,23,60,12.8,3.3,1.7,1.8,535632,2004221,-0.013064,test
2022,production,Trent Forrest,UTA,PG,23,60,12.8,3.3,1.7,1.8,535632,2130639,-0.014189,test
2022,market,Trey Lyles,SAC,PF,26,75,20.5,10.5,5.1,1.2,2890868,3162008,-0.002412,train
2022,production,Trey Lyles,SAC,PF,26,75,20.5,10.5,5.1,1.2,2890868,3493886,-0.005364,train
2022,market,Tristan Thompson,CHI,PF,30,57,15.7,6.0,5.1,0.6,11501738,7555906,0.035101,test
2022,production,Tristan Thompson,CHI,PF,30,57,15.7,6.0,5.1,0.6,11501738,5300460,0.055165,test
2022,market,Tyler Herro,MIA,SG,22,66,32.6,20.7,5.0,4.0,4630339,5229329,-0.005328,train
2022,production,Tyler Herro,MIA,SG,22,66,32.6,20.7,5.0,4.0,4630339,7485114,-0.025395,train
2022,market,Tyrese Haliburton,IND,SG-PG,21,77,35.0,15.3,4.0,8.2,4652679,5213588,-0.00499,train
2022,production,Tyrese Haliburton,IND,SG-PG,21,77,35.0,15.3,4.0,8.2,4652679,11259649,-0.058774,train
2022,market,Tyrese Maxey,PHI,PG,21,75,35.3,17.5,3.2,4.3,3009880,6077454,-0.027288,test
2022,production,Tyrese Maxey,PHI,PG,21,75,35.3,17.5,3.2,4.3,3009880,17433445,-0.128308,test
2022,market,Tyus Jones,MEM,PG,25,73,21.2,8.7,2.4,4.4,9685897,8099653,0.014111,train
2022,production,Tyus Jones,MEM,PG,25,73,21.2,8.7,2.4,4.4,9685897,7255243,0.021622,train
2022,market,Will Barton,DEN,SG,31,71,32.1,14.7,4.8,3.9,18067930,19139234,-0.00953,train
2022,production,Will Barton,DEN,SG,31,71,32.1,14.7,4.8,3.9,18067930,15367269,0.024024,train
2022,market,Zach LaVine,CHI,SF,26,67,34.7,24.4,4.6,4.5,22548776,24359276,-0.016106,train
2022,production,Zach LaVine,CHI,SF,26,67,34.7,24.4,4.6,4.5,22548776,22683407,-0.001198,train
2022,market,Ziaire Williams,MEM,SF,20,62,21.7,8.1,2.1,1.0,5056754,4174367,0.007849,train
2022,production,Ziaire Williams,MEM,SF,20,62,21.7,8.1,2.1,1.0,5056754,4560625,0.004413,train
2023,market,AJ Griffin,ATL,SF,19,72,19.5,8.9,2.1,1.0,3749348,4565442,-0.0066,test
2023,production,AJ Griffin,ATL,SF,19,72,19.5,8.9,2.1,1.0,3749348,4149046,-0.003232,test
2023,market,Aaron Gordon,DEN,PF,27,68,30.2,16.3,6.6,3.0,21938322,22723794,-0.006352,train
2023,production,Aaron Gordon,DEN,PF,27,68,30.2,16.3,6.6,3.0,21938322,20455449,0.011992,train
2023,market,Aaron Holiday,ATL,PG,26,63,13.4,3.9,1.2,1.4,2086832,2732562,-0.005222,train
2023,production,Aaron Holiday,ATL,PG,26,63,13.4,3.9,1.2,1.4,2086832,2514495,-0.003459,train
2023,market,Aaron Nesmith,IND,SF,23,73,24.9,10.1,3.8,1.3,4033717,4279203,-0.001985,train
2023,production,Aaron Nesmith,IND,SF,23,73,24.9,10.1,3.8,1.3,4033717,5684998,-0.013354,train
2023,market,Aaron Wiggins,OKC,SG,24,70,18.5,6.8,3.0,1.1,1657779,2024712,-0.002967,train
2023,production,Aaron Wiggins,OKC,SG,24,70,18.5,6.8,3.0,1.1,1657779,2309980,-0.005274,train
2023,market,Al Horford,BOS,C,36,63,30.5,9.8,6.2,3.0,28097632,24184206,0.031648,train
2023,production,Al Horford,BOS,C,36,63,30.5,9.8,6.2,3.0,28097632,23180254,0.039767,train
2023,market,Alex Caruso,CHI,PG,28,67,23.5,5.6,2.9,2.9,9574400,8466146,0.008962,test
2023,production,Alex Caruso,CHI,PG,28,67,23.5,5.6,2.9,2.9,9574400,7928363,0.013312,test
2023,market,Andre Drummond,CHI,C,29,67,12.7,6.0,6.6,0.5,3392921,9190191,-0.046883,test
2023,production,Andre Drummond,CHI,C,29,67,12.7,6.0,6.6,0.5,3392921,6567250,-0.025671,test
2023,market,Andrew Nembhard,IND,SG,23,75,27.6,9.5,2.7,4.5,2379403,2791168,-0.00333,train
2023,production,Andrew Nembhard,IND,SG,23,75,27.6,9.5,2.7,4.5,2379403,3960146,-0.012783,train
2023,market,Anfernee Simons,POR,SG,23,62,35.0,21.1,2.6,4.1,23667143,18687612,0.04027,train
2023,production,Anfernee Simons,POR,SG,23,62,35.0,21.1,2.6,4.1,23667143,22630161,0.008386,train
2023,market,Anthony Davis,LAL,C,29,56,34.0,25.9,12.5,2.6,40270501,39077477,0.009648,train
2023,production,Anthony Davis,LAL,C,29,56,34.0,25.9,12.5,2.6,40270501,33044847,0.058434,train
2023,market,Anthony Edwards,MIN,SG,21,79,36.0,24.6,5.8,4.4,11380495,10430603,0.007682,train
2023,production,Anthony Edwards,MIN,SG,21,79,36.0,24.6,5.8,4.4,11380495,16875928,-0.044442,train
2023,market,Anthony Gill,WAS,PF,30,59,10.6,3.3,1.7,0.6,1946784,2542034,-0.004814,train
2023,production,Anthony Gill,WAS,PF,30,59,10.6,3.3,1.7,0.6,1946784,2545555,-0.004842,train
2023,market,Anthony Lamb,GSW,SF,25,62,19.3,6.7,3.5,1.5,736770,1447610,-0.005749,train
2023,production,Anthony Lamb,GSW,SF,25,62,19.3,6.7,3.5,1.5,736770,2439608,-0.013771,train
2023,market,Austin Reaves,LAL,SG,24,64,28.8,13.0,3.0,3.4,1657779,4281633,-0.021219,train
2023,production,Austin Reaves,LAL,SG,24,64,28.8,13.0,3.0,3.4,1657779,5718354,-0.032838,train
2023,market,Ayo Dosunmu,CHI,SG,23,80,26.2,8.6,2.8,2.6,1657779,2160873,-0.004069,train
2023,production,Ayo Dosunmu,CHI,SG,23,80,26.2,8.6,2.8,2.6,1657779,3048918,-0.01125,train
2023,market,Bam Adebayo,MIA,C,25,75,34.6,20.4,9.2,3.2,32181628,31211717,0.007844,train
2023,production,Bam Adebayo,MIA,C,25,75,34.6,20.4,9.2,3.2,32181628,29714167,0.019954,train
2023,market,Bennedict Mathurin,IND,SF,20,78,28.5,16.7,4.1,1.5,6983905,8087285,-0.008923,train
2023,production,Bennedict Mathurin,IND,SF,20,78,28.5,16.7,4.1,1.5,6983905,7646248,-0.005356,train
2023,market,Bismack Biyombo,PHX,C,30,61,14.3,4.3,4.3,0.9,3081038,4997251,-0.015496,train
2023,production,Bismack Biyombo,PHX,C,30,61,14.3,4.3,4.3,0.9,3081038,3817054,-0.005952,train
2023,market,Bobby Portis,MIL,PF,27,70,26.0,14.1,9.6,1.5,11497073,13749969,-0.018219,train
2023,production,Bobby Portis,MIL,PF,27,70,26.0,14.1,9.6,1.5,11497073,13183512,-0.013638,train
2023,market,Bol Bol,ORL,PF,23,70,21.5,9.1,5.8,1.0,2332633,3157745,-0.006673,train
2023,production,Bol Bol,ORL,PF,23,70,21.5,9.1,5.8,1.0,2332633,2830256,-0.004024,train
2023,market,Bones Hyland,LAC,PG,22,56,19.4,11.8,2.4,3.1,2334245,3620218,-0.0104,train
2023,production,Bones Hyland,LAC,PG,22,56,19.4,11.8,2.4,3.1,2334245,4505310,-0.017557,train
2023,market,Brandon Clarke,MEM,PF,26,56,19.5,10.0,5.5,1.3,4605805,5036781,-0.003485,test
2023,production,Brandon Clarke,MEM,PF,26,56,19.5,10.0,5.5,1.3,4605805,5730561,-0.009096,test
2023,market,Brook Lopez,MIL,C,34,78,30.4,15.9,6.7,1.3,14745399,23731287,-0.072669,test
2023,production,Brook Lopez,MIL,C,34,78,30.4,15.9,6.7,1.3,14745399,21320819,-0.053176,test
2023,market,Bruce Brown,DEN,SG,26,80,28.5,11.5,4.1,3.4,6869606,6352146,0.004185,train
2023,production,Bruce Brown,DEN,SG,26,80,28.5,11.5,4.1,3.4,6869606,7399415,-0.004285,train
2023,market,Buddy Hield,IND,SF,30,80,31.0,16.8,5.0,2.8,22454514,23422874,-0.007831,train
2023,production,Buddy Hield,IND,SF,30,80,31.0,16.8,5.0,2.8,22454514,21355074,0.008891,train
2023,market,CJ McCollum,NOP,SG,31,75,35.3,20.9,4.4,5.7,35342933,33608938,0.014023,train
2023,production,CJ McCollum,NOP,SG,31,75,35.3,20.9,4.4,5.7,35342933,29174227,0.049886,train
2023,market,Caleb Martin,MIA,PF,27,71,29.3,9.6,4.8,1.6,6869606,9726983,-0.023108,train
2023,production,Caleb Martin,MIA,PF,27,71,29.3,9.6,4.8,1.6,6869606,8159483,-0.010431,train
2023,market,Cam Thomas,BKN,SG,21,57,16.6,10.6,1.7,1.4,2267065,2899513,-0.005115,train
2023,production,Cam Thomas,BKN,SG,21,57,16.6,10.6,1.7,1.4,2267065,3910150,-0.013288,train
2023,market,Caris LeVert,CLE,SG,28,74,30.2,12.1,3.8,3.9,19929487,17403748,0.020426,train
2023,production,Caris LeVert,CLE,SG,28,74,30.2,12.1,3.8,3.9,19929487,16822929,0.025123,train
2023,market,Cedi Osman,CLE,SF,27,77,20.1,8.7,2.3,1.5,7873792,7568495,0.002469,train
2023,production,Cedi Osman,CLE,SF,27,77,20.1,8.7,2.3,1.5,7873792,7397901,0.003849,train
2023,market,Chimezie Metu,SAC,C,25,66,10.4,4.9,3.0,0.6,2026061,2468211,-0.003576,test
2023,production,Chimezie Metu,SAC,C,25,66,10.4,4.9,3.0,0.6,2026061,2592025,-0.004577,test
2023,market,Chris Boucher,TOR,PF,30,76,20.0,9.4,5.5,0.4,13455054,8224537,0.042299,test
2023,production,Chris Boucher,TOR,PF,30,76,20.0,9.4,5.5,0.4,13455054,6451630,0.056637,test
2023,market,Chris Paul,PHX,PG,37,59,32.0,13.9,4.3,8.9,30112179,29043194,0.008645,train
2023,production,Chris Paul,PHX,PG,37,59,32.0,13.9,4.3,8.9,30112179,27558182,0.020654,train
2023,market,Christian Braun,DEN,SG,21,76,15.5,4.7,2.4,0.8,2977924,2956844,0.00017,train
2023,production,Christian Braun,DEN,SG,21,76,15.5,4.7,2.4,0.8,2977924,3581477,-0.004881,train
2023,market,Christian Koloko,TOR,C,22,58,13.8,3.1,2.9,0.5,1590432,2029741,-0.003553,train
2023,production,Christian Koloko,TOR,C,22,58,13.8,3.1,2.9,0.5,1590432,2208235,-0.004996,train
2023,market,Christian Wood,DAL,C,27,67,25.9,16.6,7.3,1.8,15180630,15637927,-0.003698,test
2023,production,Christian Wood,DAL,C,27,67,25.9,16.6,7.3,1.8,15180630,15484358,-0.002456,test
2023,market,Clint Capela,ATL,C,28,65,26.6,12.0,11.0,0.9,19304553,18531386,0.006253,train
2023,production,Clint Capela,ATL,C,28,65,26.6,12.0,11.0,0.9,19304553,17335766,0.015922,train
2023,market,Coby White,CHI,SG,22,74,23.4,9.7,2.9,2.8,7860927,6373096,0.012032,train
2023,production,Coby White,CHI,SG,22,74,23.4,9.7,2.9,2.8,7860927,8162780,-0.002441,train
2023,market,Cole Anthony,ORL,PG,22,60,25.9,13.0,4.8,3.9,3831541,4785919,-0.007718,train
2023,production,Cole Anthony,ORL,PG,22,60,25.9,13.0,4.8,3.9,3831541,8505070,-0.037795,train
2023,market,Corey Kispert,WAS,SF,23,74,28.3,11.1,2.8,1.2,3767033,3977225,-0.0017,train
2023,production,Corey Kispert,WAS,SF,23,74,28.3,11.1,2.8,1.2,3767033,5672954,-0.015413,train
2023,market,Cory Joseph,DET,PG,31,62,19.8,6.9,1.7,3.5,5466314,5479404,-0.000106,train
2023,production,Cory Joseph,DET,PG,31,62,19.8,6.9,1.7,3.5,5466314,5299459,0.001349,train
2023,market,D'Angelo Russell,LAL,PG,26,71,32.5,17.8,3.0,6.2,33269452,29422095,0.031114,train
2023,production,D'Angelo Russell,LAL,PG,26,71,32.5,17.8,3.0,6.2,33269452,27097723,0.049911,train
2023,market,Daishen Nix,HOU,PG,20,57,16.0,4.0,1.7,2.3,1657779,2415426,-0.006127,train
2023,production,Daishen Nix,HOU,PG,20,57,16.0,4.0,1.7,2.3,1657779,2632026,-0.007879,train
2023,market,Damian Lillard,POR,PG,32,58,36.3,32.2,4.8,7.3,45054279,45299505,-0.001983,train
2023,production,Damian Lillard,POR,PG,32,58,36.3,32.2,4.8,7.3,45054279,42086353,0.024002,train
2023,market,Damion Lee,PHX,SG,30,74,20.4,8.2,3.0,1.3,2261889,3859777,-0.012922,train
2023,production,Damion Lee,PHX,SG,30,74,20.4,8.2,3.0,1.3,2261889,3427213,-0.009424,train
2023,market,Daniel Gafford,WAS,C,24,78,20.6,9.0,5.6,1.1,2047077,2961431,-0.007394,train
2023,production,Daniel Gafford,WAS,C,24,78,20.6,9.0,5.6,1.1,2047077,4097433,-0.016581,train
2023,market,Darius Garland,CLE,PG,23,69,35.5,21.6,2.7,7.8,9458610,10115374,-0.005311,train
2023,production,Darius Garland,CLE,PG,23,69,35.5,21.6,2.7,7.8,9458610,14356570,-0.03961,train
2023,market,David Roddy,MEM,PF,21,70,18.0,6.7,2.8,0.8,2744703,2835290,-0.000733,test
2023,production,David Roddy,MEM,PF,21,70,18.0,6.7,2.8,0.8,2744703,3579820,-0.006754,test
2023,market,Davion Mitchell,SAC,PG,24,80,18.1,5.6,1.3,2.3,5125008,4714346,0.003321,train
2023,production,Davion Mitchell,SAC,PG,24,80,18.1,5.6,1.3,2.3,5125008,5112416,0.000102,train
2023,market,De'Aaron Fox,SAC,PG,25,73,33.4,25.0,4.2,6.1,32181628,32582783,-0.003244,train
2023,production,De'Aaron Fox,SAC,PG,25,73,33.4,25.0,4.2,6.1,32181628,31281723,0.007278,train
2023,market,De'Andre Hunter,ATL,SF,25,67,31.7,15.4,4.2,1.4,10428866,12962700,-0.020491,train
2023,production,De'Andre Hunter,ATL,SF,25,67,31.7,15.4,4.2,1.4,10428866,11650781,-0.009882,train
2023,market,De'Anthony Melton,PHI,PG,24,77,27.9,10.1,4.1,2.6,8747376,8495072,0.00204,train
2023,production,De'Anthony Melton,PHI,PG,24,77,27.9,10.1,4.1,2.6,8747376,8364938,0.003093,train
2023,market,DeMar DeRozan,CHI,SF,33,74,36.2,24.5,4.6,5.1,28945862,38418671,-0.076607,test
2023,production,DeMar DeRozan,CHI,SF,33,74,36.2,24.5,4.6,5.1,28945862,30224409,-0.01034,test
2023,market,Deandre Ayton,PHX,C,24,67,30.4,18.0,10.0,1.7,32777478,26429922,0.051333,train
2023,production,Deandre Ayton,PHX,C,24,67,30.4,18.0,10.0,1.7,32777478,27241539,0.044769,train
2023,market,Dejounte Murray,ATL,SG,26,74,36.4,20.5,5.3,6.1,18100303,21002316,-0.023469,train
2023,production,Dejounte Murray,ATL,SG,26,74,36.4,20.5,5.3,6.1,18100303,19379678,-0.010346,train
2023,market,Deni Avdija,WAS,SF,22,76,26.6,9.2,6.4,2.8,5212545,4583531,0.005087,train
2023,production,Deni Avdija,WAS,SF,22,76,26.6,9.2,6.4,2.8,5212545,6140877,-0.007507,train
2023,market,Derrick White,BOS,SG,28,82,28.3,12.4,3.6,3.9,18176365,16214076,0.015869,train
2023,production,Derrick White,BOS,SG,28,82,28.3,12.4,3.6,3.9,18176365,16023999,0.017406,train
2023,market,Desmond Bane,MEM,SG,24,58,31.7,21.5,5.0,4.4,2258667,11973201,-0.078562,train
2023,production,Desmond Bane,MEM,SG,24,58,31.7,21.5,5.0,4.4,2258667,9644762,-0.059731,train
2023,market,Dillon Brooks,MEM,SF,27,73,30.3,14.3,3.3,2.6,12087283,14589333,-0.020234,train
2023,production,Dillon Brooks,MEM,SF,27,73,30.3,14.3,3.3,2.6,12087283,11988365,0.0008,train
2023,market,Domantas Sabonis,SAC,C,26,79,34.6,19.1,12.3,7.3,22372076,24281391,-0.015441,train
2023,production,Domantas Sabonis,SAC,C,26,79,34.6,19.1,12.3,7.3,22372076,22921617,-0.004444,train
2023,market,Donovan Mitchell,CLE,SG,26,68,35.8,28.3,4.3,4.4,32777478,32236893,0.004372,train
2023,production,Donovan Mitchell,CLE,SG,26,68,35.8,28.3,4.3,4.4,32777478,31964861,0.006572,train
2023,market,Donte DiVincenzo,GSW,SG,26,72,26.3,9.4,4.5,3.5,4771296,4800454,-0.000236,train
2023,production,Donte DiVincenzo,GSW,SG,26,72,26.3,9.4,4.5,3.5,4771296,6389002,-0.013082,train
2023,market,Dorian Finney-Smith,BKN,PF,29,66,30.4,8.3,4.8,1.5,13719965,13663369,0.000458,train
2023,production,Dorian Finney-Smith,BKN,PF,29,66,30.4,8.3,4.8,1.5,13719965,12262663,0.011785,train
2023,market,Doug McDermott,SAS,SF,31,64,20.5,10.2,2.2,1.4,14578960,11749120,0.022885,train
2023,production,Doug McDermott,SAS,SF,31,64,20.5,10.2,2.2,1.4,14578960,12284422,0.018556,train
2023,market,Draymond Green,GSW,PF,32,73,31.5,8.5,7.2,6.8,27362288,26176721,0.009588,train
2023,production,Draymond Green,GSW,PF,32,73,31.5,8.5,7.2,6.8,27362288,24639256,0.022021,train
2023,market,Drew Eubanks,POR,C,25,78,20.3,6.6,5.4,1.3,2086832,3444655,-0.010981,train
2023,production,Drew Eubanks,POR,C,25,78,20.3,6.6,5.4,1.3,2086832,3115570,-0.008319,train
2023,market,Dwight Powell,DAL,C,31,76,19.2,6.7,4.1,0.9,11748123,11729352,0.000152,train
2023,production,Dwight Powell,DAL,C,31,76,19.2,6.7,4.1,0.9,11748123,9670973,0.016798,train
2023,market,Dyson Daniels,NOP,PG,19,59,17.7,3.8,3.2,2.3,5840702,4753873,0.008789,train
2023,production,Dyson Daniels,NOP,PG,19,59,17.7,3.8,3.2,2.3,5840702,5514463,0.002638,train
2023,market,Eric Gordon,LAC,SG,34,69,28.5,12.4,1.9,2.7,20748097,16590890,0.033619,test
2023,production,Eric Gordon,LAC,SG,34,69,28.5,12.4,1.9,2.7,20748097,9376770,0.09196,test
2023,market,Evan Mobley,CLE,PF,21,79,34.4,16.2,9.0,2.8,8989885,8635469,0.002866,train
2023,production,Evan Mobley,CLE,PF,21,79,34.4,16.2,9.0,2.8,8989885,12075450,-0.024953,train
2023,market,Franz Wagner,ORL,SF,21,80,32.6,18.6,4.1,3.5,5575291,5103409,0.003816,train
2023,production,Franz Wagner,ORL,SF,21,80,32.6,18.6,4.1,3.5,5575291,9125998,-0.028715,train
2023,market,Fred VanVleet,TOR,PG,28,69,36.7,19.3,4.1,7.2,22531120,23748815,-0.009848,train
2023,production,Fred VanVleet,TOR,PG,28,69,36.7,19.3,4.1,7.2,22531120,24474949,-0.01572,train
2023,market,Gabe Vincent,MIA,PG,26,68,25.9,9.4,2.1,2.5,1925140,3074360,-0.009294,train
2023,production,Gabe Vincent,MIA,PG,26,68,25.9,9.4,2.1,2.5,1925140,4989910,-0.024785,train
2023,market,Georges Niang,PHI,PF,29,78,19.4,8.2,2.4,1.0,3673897,5185721,-0.012226,train
2023,production,Georges Niang,PHI,PF,29,78,19.4,8.2,2.4,1.0,3673897,3804920,-0.00106,train
2023,market,Giannis Antetokounmpo,MIL,PF,28,63,32.1,31.1,11.8,5.7,45054279,41323698,0.030169,train
2023,production,Giannis Antetokounmpo,MIL,PF,28,63,32.1,31.1,11.8,5.7,45054279,40268280,0.038704,train
2023,market,Grant Williams,BOS,PF,24,79,25.9,8.1,4.6,1.7,4565898,4688219,-0.000989,train
2023,production,Grant Williams,BOS,PF,24,79,25.9,8.1,4.6,1.7,4565898,5313766,-0.006048,train
2023,market,Grayson Allen,MIL,SG,27,72,27.4,10.4,3.3,2.3,9463070,11444115,-0.016021,train
2023,production,Grayson Allen,MIL,SG,27,72,27.4,10.4,3.3,2.3,9463070,10528432,-0.008616,train
2023,market,Hamidou Diallo,DET,SG,24,56,17.8,9.3,3.5,1.0,5513497,4956853,0.004502,train
2023,production,Hamidou Diallo,DET,SG,24,56,17.8,9.3,3.5,1.0,5513497,6409373,-0.007245,train
2023,market,Harrison Barnes,SAC,PF,30,82,32.5,15.0,4.5,1.6,19458694,18657278,0.006481,train
2023,production,Harrison Barnes,SAC,PF,30,82,32.5,15.0,4.5,1.6,19458694,17481850,0.015987,train
2023,market,Immanuel Quickley,NYK,PG,23,81,28.9,14.9,4.2,3.4,2455881,3450899,-0.008047,train
2023,production,Immanuel Quickley,NYK,PG,23,81,28.9,14.9,4.2,3.4,2455881,4462116,-0.016224,train
2023,market,Isaac Okoro,CLE,SF,22,76,21.7,6.4,2.5,1.1,7465360,2886444,0.03703,test
2023,production,Isaac Okoro,CLE,SF,22,76,21.7,6.4,2.5,1.1,7465360,4740790,0.022034,test
2023,market,Isaiah Hartenstein,NYK,C,24,82,19.8,5.0,6.5,1.2,9388722,8179818,0.009776,train
2023,production,Isaiah Hartenstein,NYK,C,24,82,19.8,5.0,6.5,1.2,9388722,7457737,0.015616,train
2023,market,Isaiah Jackson,IND,C,21,63,16.5,7.2,4.5,0.8,2728926,2750591,-0.000175,train
2023,production,Isaiah Jackson,IND,C,21,63,16.5,7.2,4.5,0.8,2728926,3982068,-0.010134,train
2023,market,Isaiah Joe,OKC,SG,23,73,19.1,9.5,2.4,1.2,1946784,3235196,-0.010419,test
2023,production,Isaiah Joe,OKC,SG,23,73,19.1,9.5,2.4,1.2,1946784,5927114,-0.032189,test
2023,market,Ivica Zubac,LAC,C,25,76,28.6,10.8,9.9,1.0,10733780,11205823,-0.003817,train
2023,production,Ivica Zubac,LAC,C,25,76,28.6,10.8,9.9,1.0,10733780,11238190,-0.004079,train
2023,market,JT Thor,CHA,PF,20,69,14.0,3.8,2.2,0.5,1657779,2600270,-0.007622,test
2023,production,JT Thor,CHA,PF,20,69,14.0,3.8,2.2,0.5,1657779,2858491,-0.00971,test
2023,market,Ja Morant,MEM,PG,23,61,31.9,26.2,5.9,8.1,12850096,13821717,-0.007858,train
2023,production,Ja Morant,MEM,PG,23,61,31.9,26.2,5.9,8.1,12850096,19052622,-0.05016,train
2023,market,JaMychal Green,GSW,PF,32,57,14.0,6.4,3.6,0.9,8694360,7001400,0.013691,train
2023,production,JaMychal Green,GSW,PF,32,57,14.0,6.4,3.6,0.9,8694360,6109632,0.020903,train
2023,market,Jabari Walker,POR,SF,20,56,11.1,3.9,2.3,0.6,1079140,1829636,-0.006069,train
2023,production,Jabari Walker,POR,SF,20,56,11.1,3.9,2.3,0.6,1079140,1836776,-0.006127,train
2023,market,Jaden Ivey,DET,SG,20,74,31.1,16.3,3.9,5.2,7689420,7462427,0.001836,train
2023,production,Jaden Ivey,DET,SG,20,74,31.1,16.3,3.9,5.2,7689420,10069711,-0.019249,train
2023,market,Jaden McDaniels,MIN,SF,22,79,30.6,12.1,3.9,1.9,2291748,3168087,-0.007087,train
2023,production,Jaden McDaniels,MIN,SF,22,79,30.6,12.1,3.9,1.9,2291748,7381500,-0.041161,train
2023,market,Jakob Poeltl,TOR,C,27,72,26.5,12.5,9.1,2.7,9964743,13445938,-0.028152,train
2023,production,Jakob Poeltl,TOR,C,27,72,26.5,12.5,9.1,2.7,9964743,10813543,-0.006864,train
2023,market,Jalen Brunson,NYK,PG,26,68,35.0,24.0,3.5,6.2,29405319,29508067,-0.000831,train
2023,production,Jalen Brunson,NYK,PG,26,68,35.0,24.0,3.5,6.2,29405319,26019986,0.027377,train
2023,market,Jalen Duren,DET,C,19,67,24.9,9.1,8.9,1.1,4372924,4841639,-0.003791,train
2023,production,Jalen Duren,DET,C,19,67,24.9,9.1,8.9,1.1,4372924,6599144,-0.018003,train
2023,market,Jalen Green,HOU,SG,20,76,34.2,22.1,3.7,3.7,10011069,9738647,0.002203,train
2023,production,Jalen Green,HOU,SG,20,76,34.2,22.1,3.7,3.7,10011069,12515191,-0.020251,train
2023,market,Jalen Johnson,ATL,SF,21,70,14.9,5.6,4.0,1.2,2961002,2771876,0.001529,train
2023,production,Jalen Johnson,ATL,SF,21,70,14.9,5.6,4.0,1.2,2961002,3631489,-0.005422,train
2023,market,Jalen McDaniels,PHI,SF,25,80,23.9,9.4,4.3,1.6,2047077,2864777,-0.006613,train
2023,production,Jalen McDaniels,PHI,SF,25,80,23.9,9.4,4.3,1.6,2047077,3369663,-0.010696,train
2023,market,Jalen Smith,IND,PF,22,68,18.8,9.4,5.8,1.0,4951714,4692222,0.002099,train
2023,production,Jalen Smith,IND,PF,22,68,18.8,9.4,5.8,1.0,4951714,4861317,0.000731,train
2023,market,Jalen Williams,OKC,SG,21,75,30.3,14.1,4.5,3.3,4603219,4779975,-0.001429,train
2023,production,Jalen Williams,OKC,SG,21,75,30.3,14.1,4.5,3.3,4603219,7748620,-0.025437,train
2023,market,Jamal Murray,DEN,PG,25,65,32.8,20.0,4.0,6.2,33558751,29400463,0.033628,train
2023,production,Jamal Murray,DEN,PG,25,65,32.8,20.0,4.0,6.2,33558751,28900580,0.037671,train
2023,market,James Harden,PHI,PG,33,58,36.8,21.0,6.1,10.7,34989504,38827752,-0.03104,train
2023,production,James Harden,PHI,PG,33,58,36.8,21.0,6.1,10.7,34989504,34298891,0.005585,train
2023,market,Jarred Vanderbilt,LAL,PF,23,78,24.1,7.9,7.5,2.4,4637699,4462204,0.001419,train
2023,production,Jarred Vanderbilt,LAL,PF,23,78,24.1,7.9,7.5,2.4,4637699,6317780,-0.013587,train
2023,market,Jarrett Allen,CLE,C,24,68,32.6,14.3,9.8,1.7,21205760,19590321,0.013064,test
2023,production,Jarrett Allen,CLE,C,24,68,32.6,14.3,9.8,1.7,21205760,20842779,0.002935,test
2023,market,Jaylen Brown,BOS,SF,26,67,35.9,26.6,6.9,3.5,31571968,31964512,-0.003175,train
2023,production,Jaylen Brown,BOS,SF,26,67,35.9,26.6,6.9,3.5,31571968,32556671,-0.007963,train
2023,market,Jaylen Nowell,MIN,SG,23,65,19.3,10.8,2.6,2.0,2047077,2852736,-0.006515,train
2023,production,Jaylen Nowell,MIN,SG,23,65,19.3,10.8,2.6,2.0,2047077,3396290,-0.010911,train
2023,market,Jayson Tatum,BOS,PF,24,74,36.9,30.1,8.8,4.6,32181628,32113379,0.000552,train
2023,production,Jayson Tatum,BOS,PF,24,74,36.9,30.1,8.8,4.6,32181628,32909094,-0.005883,train
2023,market,Jeff Green,DEN,PF,36,56,19.5,7.8,2.6,1.2,4771296,7545632,-0.022436,test
2023,production,Jeff Green,DEN,PF,36,56,19.5,7.8,2.6,1.2,4771296,4829679,-0.000472,test
2023,market,Jerami Grant,POR,PF,28,63,35.7,20.5,4.5,2.4,22218335,23386023,-0.009443,train
2023,production,Jerami Grant,POR,PF,28,63,35.7,20.5,4.5,2.4,22218335,21330550,0.00718,train
2023,market,Jeremy Sochan,SAS,PF,19,56,26.0,11.0,5.3,2.5,5368789,5555608,-0.001511,train
2023,production,Jeremy Sochan,SAS,PF,19,56,26.0,11.0,5.3,2.5,5368789,8026543,-0.021493,train
2023,market,Jevon Carter,MIL,PG,27,81,22.3,8.0,2.5,2.4,6388234,6590666,-0.001637,train
2023,production,Jevon Carter,MIL,PG,27,81,22.3,8.0,2.5,2.4,6388234,5619728,0.006215,train
2023,market,Jimmy Butler,MIA,SF,33,64,33.4,22.9,5.9,5.3,39923342,39038762,0.007154,train
2023,production,Jimmy Butler,MIA,SF,33,64,33.4,22.9,5.9,5.3,39923342,34647231,0.042668,train
2023,market,Jock Landale,PHX,C,27,69,14.2,6.6,4.1,1.0,1657779,3888932,-0.018043,train
2023,production,Jock Landale,PHX,C,27,69,14.2,6.6,4.1,1.0,1657779,3464654,-0.014612,train
2023,market,Joe Harris,BKN,SG,31,74,20.6,7.6,2.2,1.4,19766797,15784050,0.032209,train
2023,production,Joe Harris,BKN,SG,31,74,20.6,7.6,2.2,1.4,19766797,14279388,0.044377,train
2023,market,Joel Embiid,PHI,C,28,66,34.6,33.1,10.2,4.2,35643458,37920124,-0.018411,train
2023,production,Joel Embiid,PHI,C,28,66,34.6,33.1,10.2,4.2,35643458,37148200,-0.012169,train
2023,market,John Collins,ATL,PF,25,71,30.0,13.1,6.5,1.2,24916768,21556885,0.027171,train
2023,production,John Collins,ATL,PF,25,71,30.0,13.1,6.5,1.2,24916768,20227016,0.037926,train
2023,market,John Konchar,MEM,SG,26,72,20.8,5.1,4.3,1.4,2438662,3146670,-0.005726,train
2023,production,John Konchar,MEM,SG,26,72,20.8,5.1,4.3,1.4,2438662,3442415,-0.008117,train
2023,market,Jonathan Kuminga,GSW,PF,20,67,20.8,9.9,3.4,1.9,6085883,5584460,0.004055,train
2023,production,Jonathan Kuminga,GSW,PF,20,67,20.8,9.9,3.4,1.9,6085883,6046790,0.000316,train
2023,market,Jordan Clarkson,UTA,SG,30,61,32.6,20.8,4.0,4.4,14144242,17881773,-0.030225,train
2023,production,Jordan Clarkson,UTA,SG,30,61,32.6,20.8,4.0,4.4,14144242,14313578,-0.001369,train
2023,market,Jordan Goodwin,WAS,PG,24,62,17.8,6.6,3.3,2.7,1357387,1904069,-0.004421,train
2023,production,Jordan Goodwin,WAS,PG,24,62,17.8,6.6,3.3,2.7,1357387,2520042,-0.009402,train
2023,market,Jordan Nwora,IND,SF,24,62,19.2,8.7,3.7,1.4,2968806,3352565,-0.003103,train
2023,production,Jordan Nwora,IND,SF,24,62,19.2,8.7,3.7,1.4,2968806,3250026,-0.002274,train
2023,market,Jordan Poole,GSW,PG,23,82,30.0,20.4,2.7,4.5,4136606,5741199,-0.012976,train
2023,production,Jordan Poole,GSW,PG,23,82,30.0,20.4,2.7,4.5,4136606,7619803,-0.028169,train
2023,market,Jose Alvarado,NOP,PG,24,61,21.5,9.0,2.3,3.0,1657779,2653695,-0.008054,train
2023,production,Jose Alvarado,NOP,PG,24,61,21.5,9.0,2.3,3.0,1657779,3471759,-0.01467,train
2023,market,Josh Christopher,HOU,SG,21,64,12.3,5.8,1.1,1.1,2515172,2565706,-0.000409,train
2023,production,Josh Christopher,HOU,SG,21,64,12.3,5.8,1.1,1.1,2515172,2597391,-0.000665,train
2023,market,Josh Giddey,OKC,SG,20,76,31.1,16.6,7.9,6.2,6666454,6957597,-0.002354,train
2023,production,Josh Giddey,OKC,SG,20,76,31.1,16.6,7.9,6.2,6666454,10360939,-0.029877,train
2023,market,Josh Green,DAL,SG,22,60,25.7,9.1,3.0,1.7,3285196,3761941,-0.003855,train
2023,production,Josh Green,DAL,SG,22,60,25.7,9.1,3.0,1.7,3285196,5454584,-0.017544,train
2023,market,Josh Hart,NYK,SF-SG,27,76,32.3,9.8,7.8,3.8,13741332,14166024,-0.003434,train
2023,production,Josh Hart,NYK,SF-SG,27,76,32.3,9.8,7.8,3.8,13741332,14427840,-0.005552,train
2023,market,Josh Okogie,PHX,SG,24,72,18.8,7.3,3.5,1.5,2086832,2215067,-0.001037,train
2023,production,Josh Okogie,PHX,SG,24,72,18.8,7.3,3.5,1.5,2086832,3172388,-0.008779,train
2023,market,Josh Richardson,NOP,SG,29,65,23.5,10.1,2.7,2.7,12931372,11983457,0.007666,train
2023,production,Josh Richardson,NOP,SG,29,65,23.5,10.1,2.7,2.7,12931372,10248167,0.021699,train
2023,market,Jrue Holiday,MIL,PG,32,67,32.6,19.3,5.1,7.4,36388575,37465252,-0.008707,train
2023,production,Jrue Holiday,MIL,PG,32,67,32.6,19.3,5.1,7.4,36388575,32328824,0.032831,train
2023,market,Julius Randle,NYK,PF,28,77,35.5,25.1,10.0,4.1,25192443,28037250,-0.023006,train
2023,production,Julius Randle,NYK,PF,28,77,35.5,25.1,10.0,4.1,25192443,26596888,-0.011358,train
2023,market,Keegan Murray,SAC,SF,22,80,29.8,12.2,4.6,1.2,8491252,6761917,0.013985,test
2023,production,Keegan Murray,SAC,SF,22,80,29.8,12.2,4.6,1.2,8491252,9739570,-0.010095,test
2023,market,Keita Bates-Diop,SAS,SF,27,67,21.7,9.7,3.7,1.5,1991984,4451464,-0.01989,train
2023,production,Keita Bates-Diop,SAS,SF,27,67,21.7,9.7,3.7,1.5,1991984,3424951,-0.011588,train
2023,market,Keldon Johnson,SAS,SF,23,63,32.7,22.0,5.0,2.9,4106520,6978178,-0.023223,train
2023,production,Keldon Johnson,SAS,SF,23,63,32.7,22.0,5.0,2.9,4106520,9893850,-0.046802,train
2023,market,Kelly Olynyk,UTA,C,31,68,28.6,12.5,6.2,3.7,13576858,14751498,-0.009499,train
2023,production,Kelly Olynyk,UTA,C,31,68,28.6,12.5,6.2,3.7,13576858,13547308,0.000239,train
2023,market,Kendrick Nunn,WAS,SG-PG,27,70,13.8,7.1,1.6,1.3,5566512,5178838,0.003135,train
2023,production,Kendrick Nunn,WAS,SG-PG,27,70,13.8,7.1,1.6,1.3,5566512,4490692,0.0087,train
2023,market,Kentavious Caldwell-Pope,DEN,SG,29,76,31.3,10.8,2.7,2.4,14849018,14556608,0.002365,train
2023,production,Kentavious Caldwell-Pope,DEN,SG,29,76,31.3,10.8,2.7,2.4,14849018,13806059,0.008434,train
2023,market,Kevin Huerter,SAC,SG,24,75,29.4,15.2,3.3,2.9,15383643,13628087,0.014197,train
2023,production,Kevin Huerter,SAC,SG,24,75,29.4,15.2,3.3,2.9,15383643,14045836,0.010819,train
2023,market,Kevin Knox,POR,PF-SF,23,63,15.1,6.6,2.8,0.5,3180864,3166768,0.000114,test
2023,production,Kevin Knox,POR,PF-SF,23,63,15.1,6.6,2.8,0.5,3180864,4116046,-0.007563,test
2023,market,Kevin Love,MIA,PF,34,62,20.0,8.2,6.4,1.9,32399186,19732821,0.102433,train
2023,production,Kevin Love,MIA,PF,34,62,20.0,8.2,6.4,1.9,32399186,23818891,0.069389,train
2023,market,Kevon Looney,GSW,C,26,82,23.9,7.0,9.3,2.5,8482304,9122379,-0.005176,train
2023,production,Kevon Looney,GSW,C,26,82,23.9,7.0,9.3,2.5,8482304,8906550,-0.003431,train
2023,market,Killian Hayes,DET,PG,21,76,28.3,10.3,2.9,6.2,6189706,5862953,0.002642,train
2023,production,Killian Hayes,DET,PG,21,76,28.3,10.3,2.9,6.2,6189706,7225584,-0.008377,train
2023,market,Klay Thompson,GSW,SG,32,69,33.0,21.9,4.1,2.4,43047777,37493088,0.044921,train
2023,production,Klay Thompson,GSW,SG,32,69,33.0,21.9,4.1,2.4,43047777,35800182,0.058611,train
2023,market,Kyle Anderson,MIN,PF,29,69,28.4,9.4,5.3,4.9,9309846,10985358,-0.01355,train
2023,production,Kyle Anderson,MIN,PF,29,69,28.4,9.4,5.3,4.9,9309846,9536089,-0.00183,train
2023,market,Kyle Kuzma,WAS,PF,27,64,35.0,21.2,7.2,3.7,13783744,18347982,-0.036911,train
2023,production,Kyle Kuzma,WAS,PF,27,64,35.0,21.2,7.2,3.7,13783744,15447191,-0.013452,train
2023,market,Kyle Lowry,MIA,PG,36,55,31.2,11.2,4.1,5.1,30041494,26055679,0.032233,train
2023,production,Kyle Lowry,MIA,PG,36,55,31.2,11.2,4.1,5.1,30041494,24698117,0.043212,train
2023,market,Kyrie Irving,DAL,PG,30,60,37.4,27.1,5.1,5.5,41263288,39593228,0.013506,test
2023,production,Kyrie Irving,DAL,PG,30,60,37.4,27.1,5.1,5.5,41263288,33700165,0.061163,test
2023,market,Lamar Stevens,CLE,PF,25,62,18.1,5.3,3.3,0.5,1890091,3669129,-0.014387,test
2023,production,Lamar Stevens,CLE,PF,25,62,18.1,5.3,3.3,0.5,1890091,3263361,-0.011106,test
2023,market,Lauri Markkanen,UTA,SF,25,66,34.4,25.6,8.6,1.9,17468726,30793586,-0.107758,test
2023,production,Lauri Markkanen,UTA,SF,25,66,34.4,25.6,8.6,1.9,17468726,28946490,-0.092821,test
2023,market,LeBron James,LAL,PF,38,55,35.5,28.9,8.3,6.8,47156296,46961421,0.001576,train
2023,production,LeBron James,LAL,PF,38,55,35.5,28.9,8.3,6.8,47156296,43427312,0.030156,train
2023,market,Luguentz Dort,OKC,SG,23,74,30.7,13.7,4.6,2.1,16198844,7847276,0.067539,test
2023,production,Luguentz Dort,OKC,SG,23,74,30.7,13.7,4.6,2.1,16198844,11569080,0.037441,test
2023,market,Luke Kennard,MEM,SG,26,59,22.3,9.3,2.7,1.5,14574141,12125544,0.019802,train
2023,production,Luke Kennard,MEM,SG,26,59,22.3,9.3,2.7,1.5,14574141,11204573,0.02725,train
2023,market,Luke Kornet,BOS,C,27,69,11.7,3.8,2.9,0.8,2261889,2929849,-0.005402,train
2023,production,Luke Kornet,BOS,C,27,69,11.7,3.8,2.9,0.8,2261889,2768569,-0.004098,train
2023,market,Malaki Branham,SAS,SF,19,66,23.5,10.2,2.7,1.9,3101978,3436104,-0.002702,train
2023,production,Malaki Branham,SAS,SF,19,66,23.5,10.2,2.7,1.9,3101978,3705857,-0.004884,train
2023,market,Malcolm Brogdon,BOS,PG,30,67,26.0,14.9,4.2,3.7,23962508,16504189,0.060316,test
2023,production,Malcolm Brogdon,BOS,PG,30,67,26.0,14.9,4.2,3.7,23962508,11568052,0.100234,test
2023,market,Malik Beasley,LAL,SG,26,81,25.8,12.7,3.5,1.5,16495997,11916833,0.037032,test
2023,production,Malik Beasley,LAL,SG,26,81,25.8,12.7,3.5,1.5,16495997,11288226,0.042115,test
2023,market,Malik Monk,SAC,SG,24,77,22.3,13.5,2.6,3.9,10043280,8421512,0.013115,train
2023,production,Malik Monk,SAC,SG,24,77,22.3,13.5,2.6,3.9,10043280,11692598,-0.013338,train
2023,market,Marcus Morris,LAC,PF,33,65,28.1,11.2,4.0,1.8,17359133,13295612,0.032862,test
2023,production,Marcus Morris,LAC,PF,33,65,28.1,11.2,4.0,1.8,17359133,8226320,0.073857,test
2023,market,Marcus Smart,BOS,PG,28,61,32.1,11.5,3.1,6.3,18244526,18377981,-0.001079,train
2023,production,Marcus Smart,BOS,PG,28,61,32.1,11.5,3.1,6.3,18244526,20014341,-0.014313,train
2023,market,Markelle Fultz,ORL,PG,24,60,29.6,14.0,3.9,5.7,17494752,17571661,-0.000622,test
2023,production,Markelle Fultz,ORL,PG,24,60,29.6,14.0,3.9,5.7,17494752,15574881,0.015526,test
2023,market,Mason Plumlee,LAC,C,32,79,26.0,10.8,8.9,3.1,9627857,15679300,-0.048938,test
2023,production,Mason Plumlee,LAC,C,32,79,26.0,10.8,8.9,3.1,9627857,9880791,-0.002045,test
2023,market,Matisse Thybulle,POR,SG,25,71,16.9,4.1,2.0,0.7,4643558,4215812,0.003459,train
2023,production,Matisse Thybulle,POR,SG,25,71,16.9,4.1,2.0,0.7,4643558,5119861,-0.003852,train
2023,market,Max Strus,MIA,SF,26,80,28.4,11.5,3.2,2.1,1925140,3122296,-0.009681,train
2023,production,Max Strus,MIA,SF,26,80,28.4,11.5,3.2,2.1,1925140,5194702,-0.026441,train
2023,market,Mikal Bridges,BKN,SF,26,83,35.7,20.1,4.4,3.3,21311788,21391863,-0.000648,train
2023,production,Mikal Bridges,BKN,SF,26,83,35.7,20.1,4.4,3.3,21311788,21076080,0.001906,train
2023,market,Mike Conley,MIN,PG,35,67,30.3,11.9,2.7,6.7,24047332,22552888,0.012086,train
2023,production,Mike Conley,MIN,PG,35,67,30.3,11.9,2.7,6.7,24047332,21848074,0.017785,train
2023,market,Mike Muscala,BOS,C,31,63,15.0,6.1,3.2,0.8,3711008,4936216,-0.009908,train
2023,production,Mike Muscala,BOS,C,31,63,15.0,6.1,3.2,0.8,3711008,4167983,-0.003696,train
2023,market,Miles McBride,NYK,PG,22,64,11.9,3.5,0.8,1.1,1657779,1955269,-0.002406,train
2023,production,Miles McBride,NYK,PG,22,64,11.9,3.5,0.8,1.1,1657779,2177082,-0.0042,train
2023,market,Mitchell Robinson,NYK,C,24,59,27.0,7.4,9.4,0.9,18073090,13179881,0.039571,test
2023,production,Mitchell Robinson,NYK,C,24,59,27.0,7.4,9.4,0.9,18073090,19049891,-0.007899,test
2023,market,Monte Morris,WAS,PG,27,62,27.3,10.3,3.4,5.3,9675128,9694866,-0.00016,train
2023,production,Monte Morris,WAS,PG,27,62,27.3,10.3,3.4,5.3,9675128,9531202,0.001164,train
2023,market,Montrezl Harrell,PHI,C,29,57,11.9,5.6,2.8,0.6,2612008,3778474,-0.009433,train
2023,production,Montrezl Harrell,PHI,C,29,57,11.9,5.6,2.8,0.6,2612008,2812184,-0.001619,train
2023,market,Moritz Wagner,ORL,C,25,57,19.5,10.5,4.5,1.5,1991984,3440426,-0.011714,train
2023,production,Moritz Wagner,ORL,C,25,57,19.5,10.5,4.5,1.5,1991984,3297333,-0.010556,train
2023,market,Moses Moody,GSW,SG,20,63,13.0,4.8,1.7,0.8,3965646,3692915,0.002206,train
2023,production,Moses Moody,GSW,SG,20,63,13.0,4.8,1.7,0.8,3965646,3486804,0.003872,train
2023,market,Myles Turner,IND,C,26,62,29.4,18.0,7.5,1.4,37212398,30116725,0.057383,train
2023,production,Myles Turner,IND,C,26,62,29.4,18.0,7.5,1.4,37212398,30277782,0.05608,train
2023,market,Naji Marshall,NOP,SF,25,77,23.3,9.1,3.6,2.5,1890091,4186601,-0.018572,test
2023,production,Naji Marshall,NOP,SF,25,77,23.3,9.1,3.6,2.5,1890091,3739436,-0.014956,test
2023,market,Naz Reid,MIN,C,23,68,18.4,11.5,4.9,1.1,2047077,2685015,-0.005159,train
2023,production,Naz Reid,MIN,C,23,68,18.4,11.5,4.9,1.1,2047077,2963014,-0.007407,train
2023,market,Nick Richards,CHA,C,25,65,18.7,8.2,6.4,0.6,1890091,3488797,-0.012929,train
2023,production,Nick Richards,CHA,C,25,65,18.7,8.2,6.4,0.6,1890091,3258970,-0.01107,train
2023,market,Nickeil Alexander-Walker,MIN,SG,24,59,15.0,6.2,1.7,1.8,5311653,4413310,0.007265,train
2023,production,Nickeil Alexander-Walker,MIN,SG,24,59,15.0,6.2,1.7,1.8,5311653,4797449,0.004158,train
2023,market,Nicolas Batum,LAC,PF,34,78,21.9,6.1,3.8,1.6,20888011,16467565,0.035748,train
2023,production,Nicolas Batum,LAC,PF,34,78,21.9,6.1,3.8,1.6,20888011,15746575,0.041579,train
2023,market,Norman Powell,LAC,SG,29,60,26.1,17.0,2.9,1.8,17768964,15802954,0.015899,train
2023,production,Norman Powell,LAC,SG,29,60,26.1,17.0,2.9,1.8,17768964,15266164,0.02024,train
2023,market,OG Anunoby,TOR,SF,25,67,35.6,16.8,5.0,2.0,18403570,19077131,-0.005447,train
2023,production,OG Anunoby,TOR,SF,25,67,35.6,16.8,5.0,2.0,18403570,19008655,-0.004893,train
2023,market,Obi Toppin,NYK,PF,24,67,15.7,7.4,2.8,1.0,5670717,3698155,0.015952,test
2023,production,Obi Toppin,NYK,PF,24,67,15.7,7.4,2.8,1.0,5670717,3905139,0.014278,test
2023,market,Ochai Agbaji,UTA,SG,22,59,20.5,7.9,2.1,1.1,4154590,3878021,0.002237,train
2023,production,Ochai Agbaji,UTA,SG,22,59,20.5,7.9,2.1,1.1,4154590,3995200,0.001289,train
2023,market,Onyeka Okongwu,ATL,C,22,80,23.1,9.9,7.2,1.0,6780711,4411625,0.019159,test
2023,production,Onyeka Okongwu,ATL,C,22,80,23.1,9.9,7.2,1.0,6780711,6010774,0.006226,test
2023,market,Oshae Brissett,IND,SF,24,65,16.7,6.1,3.4,0.7,1958074,3193311,-0.009989,test
2023,production,Oshae Brissett,IND,SF,24,65,16.7,6.1,3.4,0.7,1958074,4984201,-0.024472,test
2023,market,Paolo Banchero,ORL,PF,20,72,33.8,20.0,6.9,3.7,11721611,11782939,-0.000496,train
2023,production,Paolo Banchero,ORL,PF,20,72,33.8,20.0,6.9,3.7,11721611,16374274,-0.037626,train
2023,market,Pascal Siakam,TOR,C,28,71,37.4,24.2,7.8,5.8,37585801,37176495,0.00331,train
2023,production,Pascal Siakam,TOR,C,28,71,37.4,24.2,7.8,5.8,37585801,35598843,0.016069,train
2023,market,Pat Connaughton,MIL,SG,30,61,23.7,7.6,4.6,1.3,6073746,8083566,-0.016253,train
2023,production,Pat Connaughton,MIL,SG,30,61,23.7,7.6,4.6,1.3,6073746,6784051,-0.005744,train
2023,market,Patrick Beverley,CHI,PG,34,67,27.1,6.2,3.7,2.9,14633685,14182510,0.003649,train
2023,production,Patrick Beverley,CHI,PG,34,67,27.1,6.2,3.7,2.9,14633685,12794993,0.01487,train
2023,market,Patrick Williams,CHI,PF,21,82,28.3,10.2,4.0,1.2,8244163,7187828,0.008543,train
2023,production,Patrick Williams,CHI,PF,21,82,28.3,10.2,4.0,1.2,8244163,9371399,-0.009116,train
2023,market,Paul George,LAC,SG,32,56,34.6,23.8,6.1,5.1,45054279,43661810,0.011261,train
2023,production,Paul George,LAC,SG,32,56,34.6,23.8,6.1,5.1,45054279,40021990,0.040696,train
2023,market,Paul Reed,PHI,C,23,69,10.9,4.2,3.8,0.4,1890091,2234652,-0.002786,train
2023,production,Paul Reed,PHI,C,23,69,10.9,4.2,3.8,0.4,1890091,2264877,-0.003031,train
2023,market,Precious Achiuwa,TOR,C,23,55,20.7,9.2,6.0,0.9,3011387,3291739,-0.002267,train
2023,production,Precious Achiuwa,TOR,C,23,55,20.7,9.2,6.0,0.9,3011387,3699284,-0.005563,train
2023,market,Quentin Grimes,NYK,SG,22,71,29.9,11.3,3.2,2.1,2414275,5314086,-0.023451,test
2023,production,Quentin Grimes,NYK,SG,22,71,29.9,11.3,3.2,2.1,2414275,8951770,-0.052869,test
2023,market,RJ Barrett,NYK,SG,22,73,33.9,19.6,5.0,2.8,11557811,10929864,0.005078,train
2023,production,RJ Barrett,NYK,SG,22,73,33.9,19.6,5.0,2.8,11557811,13959755,-0.019425,train
2023,market,Reggie Bullock,DAL,SF,31,78,30.3,7.2,3.6,1.4,10616451,11746750,-0.009141,test
2023,production,Reggie Bullock,DAL,SF,31,78,30.3,7.2,3.6,1.4,10616451,9829584,0.006363,test
2023,market,Reggie Jackson,DEN,PG,32,68,24.4,10.2,2.1,3.4,12147949,9337411,0.022729,test
2023,production,Reggie Jackson,DEN,PG,32,68,24.4,10.2,2.1,3.4,12147949,7916918,0.034216,test
2023,market,Royce O'Neale,BKN,SF,29,76,31.7,8.8,5.1,3.7,9754649,11101139,-0.010889,train
2023,production,Royce O'Neale,BKN,SF,29,76,31.7,8.8,5.1,3.7,9754649,12018604,-0.018309,train
2023,market,Rudy Gay,UTA,PF,36,56,14.6,5.2,2.9,1.0,6557351,7166095,-0.004923,train
2023,production,Rudy Gay,UTA,PF,36,56,14.6,5.2,2.9,1.0,6557351,6773308,-0.001746,train
2023,market,Rudy Gobert,MIN,C,30,70,30.7,13.4,11.6,1.2,40473752,36518650,0.031985,train
2023,production,Rudy Gobert,MIN,C,30,70,30.7,13.4,11.6,1.2,40473752,34495652,0.048345,train
2023,market,Rui Hachimura,LAL,PF,24,63,23.3,11.2,4.5,0.9,6640783,5931810,0.005733,train
2023,production,Rui Hachimura,LAL,PF,24,63,23.3,11.2,4.5,0.9,6640783,6089862,0.004455,train
2023,market,Russell Westbrook,LAC,PG,34,73,29.1,15.9,5.8,7.5,49918548,13140158,0.297427,test
2023,production,Russell Westbrook,LAC,PG,34,73,29.1,15.9,5.8,7.5,49918548,9795818,0.324473,test
2023,market,Saddiq Bey,ATL,SF,23,77,27.6,13.8,4.7,1.5,3137477,3397477,-0.002103,train
2023,production,Saddiq Bey,ATL,SF,23,77,27.6,13.8,4.7,1.5,3137477,4651072,-0.01224,train
2023,market,Sam Hauser,BOS,PF,25,80,16.1,6.4,2.6,0.9,1736715,2068629,-0.002684,train
2023,production,Sam Hauser,BOS,PF,25,80,16.1,6.4,2.6,0.9,1736715,5037775,-0.026696,train
2023,market,Scottie Barnes,TOR,PF,21,77,34.8,15.3,6.6,4.8,8105477,8964129,-0.006944,train
2023,production,Scottie Barnes,TOR,PF,21,77,34.8,15.3,6.6,4.8,8105477,10559096,-0.019842,train
2023,market,Seth Curry,BKN,SG,32,61,19.9,9.2,1.6,1.6,9008899,5929796,0.024901,test
2023,production,Seth Curry,BKN,SG,32,61,19.9,9.2,1.6,1.6,9008899,4295602,0.038117,test
2023,market,Shaedon Sharpe,POR,SG,19,80,22.2,9.9,3.0,1.2,6375469,5734416,0.005184,train
2023,production,Shaedon Sharpe,POR,SG,19,80,22.2,9.9,3.0,1.2,6375469,5650414,0.005864,train
2023,market,Shai Gilgeous-Alexander,OKC,PG,24,68,35.5,31.4,4.8,5.5,32777478,33477859,-0.005664,train
2023,production,Shai Gilgeous-Alexander,OKC,PG,24,68,35.5,31.4,4.8,5.5,32777478,33015783,-0.001927,train
2023,market,Shake Milton,PHI,SG,26,76,20.6,8.4,2.5,3.2,2118156,4994966,-0.023265,test
2023,production,Shake Milton,PHI,SG,26,76,20.6,8.4,2.5,3.2,2118156,6964685,-0.039194,test
2023,market,Spencer Dinwiddie,BKN,PG,29,79,34.5,17.3,3.4,6.5,20675616,22234313,-0.012605,train
2023,production,Spencer Dinwiddie,BKN,PG,29,79,34.5,17.3,3.4,6.5,20675616,20535493,0.001133,train
2023,market,Stephen Curry,GSW,PG,34,56,34.7,29.4,6.1,6.3,50968059,47126035,0.031071,test
2023,production,Stephen Curry,GSW,PG,34,56,34.7,29.4,6.1,6.3,50968059,40365572,0.085742,test
2023,market,Talen Horton-Tucker,UTA,SG,22,65,20.2,10.7,3.2,3.8,10878554,8105597,0.022425,train
2023,production,Talen Horton-Tucker,UTA,SG,22,65,20.2,10.7,3.2,3.8,10878554,9256980,0.013114,train
2023,market,Tari Eason,HOU,PF,21,82,21.5,9.3,6.0,1.1,3561677,3980791,-0.003389,train
2023,production,Tari Eason,HOU,PF,21,82,21.5,9.3,6.0,1.1,3561677,4191669,-0.005095,train
2023,market,Terance Mann,LAC,SG,26,81,23.1,8.8,3.4,2.3,2047077,3272881,-0.009913,train
2023,production,Terance Mann,LAC,SG,26,81,23.1,8.8,3.4,2.3,2047077,3034652,-0.007987,train
2023,market,Terence Davis,SAC,SG,25,64,13.1,6.7,2.2,1.0,4241152,3719365,0.00422,train
2023,production,Terence Davis,SAC,SG,25,64,13.1,6.7,2.2,1.0,4241152,3963411,0.002246,train
2023,market,Terrence Ross,PHX,SG,31,63,21.1,8.3,2.4,1.5,12193311,10039697,0.017416,train
2023,production,Terrence Ross,PHX,SG,31,63,21.1,8.3,2.4,1.5,12193311,9706459,0.020111,train
2023,market,Terry Rozier,CHA,SG,28,63,35.3,21.1,4.1,5.1,22781683,25475361,-0.021784,test
2023,production,Terry Rozier,CHA,SG,28,63,35.3,21.1,4.1,5.1,22781683,19534216,0.026262,test
2023,market,Thomas Bryant,DEN,C,25,59,18.3,9.8,5.7,0.5,2086832,5476850,-0.027415,test
2023,production,Thomas Bryant,DEN,C,25,59,18.3,9.8,5.7,0.5,2086832,4914344,-0.022866,test
2023,market,Tobias Harris,PHI,PF,30,74,32.9,14.7,5.7,2.5,39901871,31891151,0.064783,train
2023,production,Tobias Harris,PHI,PF,30,74,32.9,14.7,5.7,2.5,39901871,30742927,0.074069,train
2023,market,Torrey Craig,PHX,SF,32,79,24.7,7.4,5.4,1.5,5430743,8287100,-0.023099,train
2023,production,Torrey Craig,PHX,SF,32,79,24.7,7.4,5.4,1.5,5430743,6142825,-0.005759,train
2023,market,Trae Young,ATL,PG,24,73,34.8,26.2,3.0,10.2,39332974,35942097,0.027422,train
2023,production,Trae Young,ATL,PG,24,73,34.8,26.2,3.0,10.2,39332974,30210042,0.073777,train
2023,market,Tre Jones,SAS,PG,23,68,29.2,12.9,3.6,6.6,1890091,3442549,-0.012555,train
2023,production,Tre Jones,SAS,PG,23,68,29.2,12.9,3.6,6.6,1890091,6778363,-0.039532,train
2023,market,Tre Mann,OKC,PG,21,67,17.7,7.7,2.3,1.8,3229849,3279202,-0.000399,train
2023,production,Tre Mann,OKC,PG,21,67,17.7,7.7,2.3,1.8,3229849,3377994,-0.001198,train
2023,market,Trendon Watford,POR,PF,22,62,19.1,7.4,3.8,2.1,1657779,2501656,-0.006824,test
2023,production,Trendon Watford,POR,PF,22,62,19.1,7.4,3.8,2.1,1657779,5124809,-0.028038,test
2023,market,Trey Lyles,SAC,PF,27,74,16.9,7.6,4.1,0.9,2783256,4329879,-0.012508,train
2023,production,Trey Lyles,SAC,PF,27,74,16.9,7.6,4.1,0.9,2783256,3722926,-0.007599,train
2023,market,Tyler Herro,MIA,SG,23,67,34.9,20.1,5.4,4.2,6067090,8742120,-0.021633,train
2023,production,Tyler Herro,MIA,SG,23,67,34.9,20.1,5.4,4.2,6067090,15758667,-0.078376,train
2023,market,Tyrese Haliburton,IND,PG,22,56,33.6,20.7,3.7,10.4,4469241,8167430,-0.029907,test
2023,production,Tyrese Haliburton,IND,PG,22,56,33.6,20.7,3.7,10.4,4469241,27487415,-0.186148,test
2023,market,Tyrese Maxey,PHI,SG,22,60,33.6,20.3,2.9,3.5,2891278,4541344,-0.013344,train
2023,production,Tyrese Maxey,PHI,SG,22,60,33.6,20.3,2.9,3.5,2891278,7616437,-0.038212,train
2023,market,Tyus Jones,MEM,PG,26,80,24.3,10.3,2.5,5.2,15904320,11819502,0.033034,train
2023,production,Tyus Jones,MEM,PG,26,80,24.3,10.3,2.5,5.2,15904320,11601716,0.034795,train
2023,market,Usman Garuba,HOU,PF,20,75,12.9,3.0,4.1,0.9,2620141,3288503,-0.005405,train
2023,production,Usman Garuba,HOU,PF,20,75,12.9,3.0,4.1,0.9,2620141,3579137,-0.007755,train
2023,market,Walker Kessler,UTA,C,21,74,23.0,9.2,8.4,0.9,2858960,5974021,-0.025192,test
2023,production,Walker Kessler,UTA,C,21,74,23.0,9.2,8.4,0.9,2858960,9055428,-0.050111,test
2023,market,Wenyen Gabriel,LAL,PF,25,68,15.1,5.5,4.2,0.5,1991984,2551279,-0.004523,train
2023,production,Wenyen Gabriel,LAL,PF,25,68,15.1,5.5,4.2,0.5,1991984,3222148,-0.009948,train
2023,market,Will Barton,TOR,SG,32,56,17.7,6.8,2.4,2.0,15967631,12520969,0.027873,train
2023,production,Will Barton,TOR,SG,32,56,17.7,6.8,2.4,2.0,15967631,12139638,0.030957,train
2023,market,Yuta Watanabe,BKN,SF,28,58,16.0,5.6,2.4,0.8,2086832,3766123,-0.01358,train
2023,production,Yuta Watanabe,BKN,SF,28,58,16.0,5.6,2.4,0.8,2086832,3217384,-0.009143,train
2023,market,Zach Collins,SAS,C,25,63,22.9,11.6,6.4,2.9,7793116,6134034,0.013417,test
2023,production,Zach Collins,SAS,C,25,63,22.9,11.6,6.4,2.9,7793116,7896422,-0.000835,test
2023,market,Zach LaVine,CHI,SG,27,77,35.9,24.8,4.5,4.2,39332974,35492432,0.031059,train
2023,production,Zach LaVine,CHI,SG,27,77,35.9,24.8,4.5,4.2,39332974,34427243,0.039673,train
2024,market,Aaron Gordon,DEN,PF,28,73,31.5,13.9,6.5,3.5,21898084,22083306,-0.001362,train
2024,production,Aaron Gordon,DEN,PF,28,73,31.5,13.9,6.5,3.5,21898084,20099855,0.01322,train
2024,market,Aaron Holiday,HOU,PG,27,78,16.3,6.6,1.6,1.8,2416341,6369256,-0.029061,test
2024,production,Aaron Holiday,HOU,PG,27,78,16.3,6.6,1.6,1.8,2416341,6053728,-0.026741,test
2024,market,Aaron Nesmith,IND,SF,24,72,27.7,12.2,3.8,1.5,5801673,6045844,-0.001795,train
2024,production,Aaron Nesmith,IND,SF,24,72,27.7,12.2,3.8,1.5,5801673,7761320,-0.014407,train
2024,market,Aaron Wiggins,OKC,SG,25,78,15.7,6.9,2.4,1.1,1890653,4422241,-0.018612,test
2024,production,Aaron Wiggins,OKC,SG,25,78,15.7,6.9,2.4,1.1,1890653,5541028,-0.026837,test
2024,market,Al Horford,BOS,C,37,65,26.8,8.6,6.4,2.6,10297139,13423516,-0.022985,test
2024,production,Al Horford,BOS,C,37,65,26.8,8.6,6.4,2.6,10297139,10454561,-0.001157,test
2024,market,Alec Burks,NYK,SG,32,66,18.4,10.4,2.3,1.3,10801287,10097331,0.005175,train
2024,production,Alec Burks,NYK,SG,32,66,18.4,10.4,2.3,1.3,10801287,9974597,0.006078,train
2024,market,Alex Caruso,CHI,SG,29,71,28.7,10.1,3.8,3.5,9741094,13122605,-0.02486,test
2024,production,Alex Caruso,CHI,SG,29,71,28.7,10.1,3.8,3.5,9741094,10792943,-0.007733,test
2024,market,Alperen Sengun,HOU,C,21,63,32.5,21.1,9.3,5.0,3641356,6056590,-0.017756,train
2024,production,Alperen Sengun,HOU,C,21,63,32.5,21.1,9.3,5.0,3641356,10922628,-0.05353,train
2024,market,Amen Thompson,HOU,SF,21,62,22.4,9.5,6.6,2.6,9071042,7010181,0.015151,train
2024,production,Amen Thompson,HOU,SF,21,62,22.4,9.5,6.6,2.6,9071042,8214682,0.006296,train
2024,market,Amir Coffey,LAC,SF,26,70,20.9,6.6,2.1,1.1,3775618,3740425,0.000259,train
2024,production,Amir Coffey,LAC,SF,26,70,20.9,6.6,2.1,1.1,3775618,4754391,-0.007196,train
2024,market,Andre Drummond,CHI,C,30,79,17.1,8.4,9.0,0.5,3459838,6074584,-0.019223,train
2024,production,Andre Drummond,CHI,C,30,79,17.1,8.4,9.0,0.5,3459838,5537322,-0.015273,train
2024,market,Andrew Nembhard,IND,PG,24,68,25.0,9.2,2.1,4.1,2195252,4906963,-0.019936,test
2024,production,Andrew Nembhard,IND,PG,24,68,25.0,9.2,2.1,4.1,2195252,9790002,-0.055835,test
2024,market,Andrew Wiggins,GSW,SF,28,71,27.0,13.2,4.5,1.7,25053308,18466562,0.048424,test
2024,production,Andrew Wiggins,GSW,SF,28,71,27.0,13.2,4.5,1.7,25053308,8100890,0.124631,test
2024,market,Anthony Black,ORL,PG,20,69,16.9,4.6,2.0,1.3,7460771,5885867,0.011578,train
2024,production,Anthony Black,ORL,PG,20,69,16.9,4.6,2.0,1.3,7460771,6090675,0.010073,train
2024,market,Anthony Davis,LAL,C,30,76,35.5,24.7,12.6,3.5,41806469,40528423,0.009396,train
2024,production,Anthony Davis,LAL,C,30,76,35.5,24.7,12.6,3.5,41806469,35134335,0.049052,train
2024,market,Anthony Edwards,MIN,SG,22,79,35.1,25.9,5.4,5.1,13936990,12260982,0.012322,train
2024,production,Anthony Edwards,MIN,SG,22,79,35.1,25.9,5.4,5.1,13936990,18774788,-0.035567,train
2024,market,Ausar Thompson,DET,SF,21,63,25.1,8.8,6.4,1.9,8214460,7207583,0.007402,train
2024,production,Ausar Thompson,DET,SF,21,63,25.1,8.8,6.4,1.9,8214460,8851548,-0.004684,train
2024,market,Austin Reaves,LAL,SG,25,82,32.1,15.9,4.3,5.5,12372167,12169238,0.001492,train
2024,production,Austin Reaves,LAL,SG,25,82,32.1,15.9,4.3,5.5,12372167,12853451,-0.003538,train
2024,market,Ayo Dosunmu,CHI,SG,24,76,29.1,12.2,2.8,3.2,6674072,6738263,-0.000472,train
2024,production,Ayo Dosunmu,CHI,SG,24,76,29.1,12.2,2.8,3.2,6674072,7619656,-0.006952,train
2024,market,Bam Adebayo,MIA,C,26,71,34.0,19.3,10.4,3.9,33568737,34049851,-0.003537,train
2024,production,Bam Adebayo,MIA,C,26,71,34.0,19.3,10.4,3.9,33568737,30599231,0.021831,train
2024,market,Ben Sheppard,IND,SG,22,57,14.3,4.4,1.6,0.9,2612561,2638981,-0.000194,train
2024,production,Ben Sheppard,IND,SG,22,57,14.3,4.4,1.6,0.9,2612561,3284729,-0.004942,train
2024,market,Bennedict Mathurin,IND,SF,21,59,26.1,14.5,4.0,2.0,7121584,6266294,0.006288,train
2024,production,Bennedict Mathurin,IND,SF,21,59,26.1,14.5,4.0,2.0,7121584,7960899,-0.00617,train
2024,market,Bilal Coulibaly,WAS,SF,19,63,27.2,8.4,4.1,1.7,6810791,6537755,0.002007,train
2024,production,Bilal Coulibaly,WAS,SF,19,63,27.2,8.4,4.1,1.7,6810791,7475712,-0.004888,train
2024,market,Blake Wesley,SAS,SG,20,61,14.4,4.4,1.5,2.7,2579062,2852924,-0.002013,train
2024,production,Blake Wesley,SAS,SG,20,61,14.4,4.4,1.5,2.7,2579062,2937552,-0.002636,train
2024,market,Bobby Portis,MIL,PF,28,82,24.5,13.8,7.4,1.3,12058792,13397694,-0.009843,train
2024,production,Bobby Portis,MIL,PF,28,82,24.5,13.8,7.4,1.3,12058792,11906101,0.001123,train
2024,market,Brandin Podziemski,GSW,SG,20,74,26.6,9.2,5.8,3.7,3452017,4072777,-0.004564,train
2024,production,Brandin Podziemski,GSW,SG,20,74,26.6,9.2,5.8,3.7,3452017,4692134,-0.009117,train
2024,market,Brandon Ingram,NOP,SF,26,64,32.9,20.8,5.1,5.7,34838724,32448423,0.017573,train
2024,production,Brandon Ingram,NOP,SF,26,64,32.9,20.8,5.1,5.7,34838724,31354952,0.025612,train
2024,market,Brandon Miller,CHA,SF,21,74,32.2,17.3,4.3,2.4,11203662,8973332,0.016397,train
2024,production,Brandon Miller,CHA,SF,21,74,32.2,17.3,4.3,2.4,11203662,15138866,-0.028931,train
2024,market,Brook Lopez,MIL,C,35,79,30.5,12.5,5.2,1.6,25742849,22980712,0.020307,train
2024,production,Brook Lopez,MIL,C,35,79,30.5,12.5,5.2,1.6,25742849,20778663,0.036496,train
2024,market,Bruce Brown,TOR,PG-SG,27,67,27.9,10.8,4.2,2.9,22653707,18639082,0.029515,train
2024,production,Bruce Brown,TOR,PG-SG,27,67,27.9,10.8,4.2,2.9,22653707,17559574,0.037451,train
2024,market,Bryce McGowens,CHA,SG,21,59,14.9,5.1,1.7,0.9,1770967,1974135,-0.001494,train
2024,production,Bryce McGowens,CHA,SG,21,59,14.9,5.1,1.7,0.9,1770967,2257987,-0.00358,train
2024,market,Buddy Hield,PHI,SF-SG,31,84,25.7,12.1,3.2,2.8,19895988,16917235,0.021899,train
2024,production,Buddy Hield,PHI,SF-SG,31,84,25.7,12.1,3.2,2.8,19895988,15975642,0.028822,train
2024,market,CJ McCollum,NOP,PG,32,66,32.7,20.0,4.3,4.6,36866302,36877506,-8.2e-05,train
2024,production,CJ McCollum,NOP,PG,32,66,32.7,20.0,4.3,4.6,36866302,33535678,0.024486,train
2024,market,Cade Cunningham,DET,PG,22,62,33.5,22.7,4.3,7.5,11383858,9491882,0.013909,train
2024,production,Cade Cunningham,DET,PG,22,62,33.5,22.7,4.3,7.5,11383858,16517483,-0.037741,train
2024,market,Caleb Houstan,ORL,SF,21,59,13.8,4.3,1.4,0.5,2059427,2556964,-0.003658,train
2024,production,Caleb Houstan,ORL,SF,21,59,13.8,4.3,1.4,0.5,2059427,2783295,-0.005322,train
2024,market,Caleb Martin,MIA,SF,28,64,27.4,10.0,4.4,2.2,7005092,9037923,-0.014945,train
2024,production,Caleb Martin,MIA,SF,28,64,27.4,10.0,4.4,2.2,7005092,7166516,-0.001187,train
2024,market,Cam Thomas,BKN,SG,22,66,31.4,22.5,3.2,2.9,2306724,4415241,-0.015501,train
2024,production,Cam Thomas,BKN,SG,22,66,31.4,22.5,3.2,2.9,2306724,7698607,-0.03964,train
2024,market,Cameron Johnson,BKN,PF,27,58,27.6,13.4,4.3,2.4,26442383,20866385,0.040994,train
2024,production,Cameron Johnson,BKN,PF,27,58,27.6,13.4,4.3,2.4,26442383,19539292,0.05075,train
2024,market,Cameron Payne,PHI,PG,29,78,16.7,7.4,1.5,2.6,9670523,8444116,0.009016,train
2024,production,Cameron Payne,PHI,PG,29,78,16.7,7.4,1.5,2.6,9670523,7353106,0.017037,train
2024,market,Caris LeVert,CLE,SG,29,68,28.8,14.0,4.1,5.1,15841754,15434825,0.002992,train
2024,production,Caris LeVert,CLE,SG,29,68,28.8,14.0,4.1,5.1,15841754,13050390,0.020522,train
2024,market,Cason Wallace,OKC,SG,20,82,20.6,6.8,2.3,1.5,5448579,5154716,0.00216,train
2024,production,Cason Wallace,OKC,SG,20,82,20.6,6.8,2.3,1.5,5448579,5213916,0.001725,train
2024,market,Cedi Osman,SAS,SF,28,72,17.6,6.8,2.5,1.7,6918485,7047966,-0.000952,test
2024,production,Cedi Osman,SAS,SF,28,72,17.6,6.8,2.5,1.7,6918485,6237599,0.005006,test
2024,market,Chet Holmgren,OKC,C,21,82,29.4,16.5,7.9,2.4,10694609,8068763,0.019305,test
2024,production,Chet Holmgren,OKC,C,21,82,29.4,16.5,7.9,2.4,10694609,19199461,-0.062526,test
2024,market,Chris Duarte,SAC,SF,26,59,12.2,3.9,1.8,0.7,4246952,3565733,0.005008,train
2024,production,Chris Duarte,SAC,SF,26,59,12.2,3.9,1.8,0.7,4246952,3508944,0.005426,train
2024,market,Chris Paul,GSW,PG,38,58,26.4,9.2,3.9,6.8,31715190,25483321,0.045815,train
2024,production,Chris Paul,GSW,PG,38,58,26.4,9.2,3.9,6.8,31715190,23820770,0.058038,train
2024,market,Christian Braun,DEN,SG,22,82,20.2,7.3,3.7,1.6,3036750,3240674,-0.001499,train
2024,production,Christian Braun,DEN,SG,22,82,20.2,7.3,3.7,1.6,3036750,3821251,-0.005767,train
2024,market,Clint Capela,ATL,C,29,73,25.8,11.5,10.6,1.2,21228583,21536115,-0.002261,train
2024,production,Clint Capela,ATL,C,29,73,25.8,11.5,10.6,1.2,21228583,19628492,0.011764,train
2024,market,Coby White,CHI,PG,23,79,36.5,19.1,4.5,5.1,11441266,10365359,0.00791,train
2024,production,Coby White,CHI,PG,23,79,36.5,19.1,4.5,5.1,11441266,14727972,-0.024163,train
2024,market,Cole Anthony,ORL,PG,23,81,22.4,11.6,3.8,2.9,5704379,5997183,-0.002153,train
2024,production,Cole Anthony,ORL,PG,23,81,22.4,11.6,3.8,2.9,5704379,7069161,-0.010034,train
2024,market,Collin Sexton,UTA,SG,25,78,26.6,18.7,2.6,4.9,18045737,13940834,0.030178,test
2024,production,Collin Sexton,UTA,SG,25,78,26.6,18.7,2.6,4.9,18045737,13623668,0.03251,test
2024,market,Corey Kispert,WAS,SF,24,80,25.8,13.4,2.8,2.0,3832636,5289439,-0.01071,test
2024,production,Corey Kispert,WAS,SF,24,80,25.8,13.4,2.8,2.0,3832636,6071929,-0.016463,test
2024,market,D'Angelo Russell,LAL,PG,27,76,32.7,18.0,3.1,6.3,17821973,21646118,-0.028114,train
2024,production,D'Angelo Russell,LAL,PG,27,76,32.7,18.0,3.1,6.3,17821973,20600539,-0.020427,train
2024,market,Dalen Terry,CHI,SG,21,59,11.5,3.1,1.9,1.4,3450324,2926947,0.003848,test
2024,production,Dalen Terry,CHI,SG,21,59,11.5,3.1,1.9,1.4,3450324,2793530,0.004829,test
2024,market,Damian Lillard,MIL,PG,33,73,35.3,24.3,4.4,7.0,46996232,45541259,0.010697,train
2024,production,Damian Lillard,MIL,PG,33,73,35.3,24.3,4.4,7.0,46996232,40841619,0.045248,train
2024,market,Daniel Gafford,DAL,C-PF,25,74,24.5,11.0,7.6,1.6,12770512,12341818,0.003152,train
2024,production,Daniel Gafford,DAL,C-PF,25,74,24.5,11.0,7.6,1.6,12770512,12800660,-0.000222,train
2024,market,Daniel Theis,LAC,C,31,60,16.9,6.3,4.1,1.0,9379032,8160305,0.00896,train
2024,production,Daniel Theis,LAC,C,31,60,16.9,6.3,4.1,1.0,9379032,8438794,0.006912,train
2024,market,Dante Exum,DAL,PG,28,55,19.8,7.8,2.7,2.9,3089141,7801693,-0.034646,test
2024,production,Dante Exum,DAL,PG,28,55,19.8,7.8,2.7,2.9,3089141,7754959,-0.034302,test
2024,market,Darius Garland,CLE,PG,24,57,33.4,18.0,2.7,6.5,35015681,31351948,0.026935,train
2024,production,Darius Garland,CLE,PG,24,57,33.4,18.0,2.7,6.5,35015681,30746731,0.031384,train
2024,market,David Roddy,PHX,PF,22,65,18.1,6.5,3.2,1.2,2799009,3131399,-0.002444,train
2024,production,David Roddy,PHX,PF,22,65,18.1,6.5,3.2,1.2,2799009,3078238,-0.002053,train
2024,market,Davion Mitchell,SAC,PG,25,72,15.3,5.3,1.3,1.9,5214100,4560837,0.004803,train
2024,production,Davion Mitchell,SAC,PG,25,72,15.3,5.3,1.3,1.9,5214100,5990305,-0.005707,train
2024,market,Day'Ron Sharpe,BKN,C,22,61,15.1,6.8,6.4,1.4,2275709,3514960,-0.009111,test
2024,production,Day'Ron Sharpe,BKN,C,22,61,15.1,6.8,6.4,1.4,2275709,8598719,-0.046486,test
2024,market,De'Aaron Fox,SAC,PG,26,74,35.9,26.6,4.6,5.6,33568737,34666724,-0.008072,train
2024,production,De'Aaron Fox,SAC,PG,26,74,35.9,26.6,4.6,5.6,33568737,33985772,-0.003066,train
2024,market,De'Andre Hunter,ATL,SF,26,57,29.5,15.6,3.9,1.5,20686218,18578058,0.015499,train
2024,production,De'Andre Hunter,ATL,SF,26,57,29.5,15.6,3.9,1.5,20686218,19529571,0.008503,train
2024,market,DeMar DeRozan,CHI,SF,34,79,37.8,24.0,4.3,5.3,29449819,32770744,-0.024415,train
2024,production,DeMar DeRozan,CHI,SF,34,79,37.8,24.0,4.3,5.3,29449819,30077729,-0.004616,train
2024,market,Deandre Ayton,POR,C,25,55,32.4,16.7,11.1,1.6,33423936,28312566,0.037578,train
2024,production,Deandre Ayton,POR,C,25,55,32.4,16.7,11.1,1.6,33423936,30374504,0.022419,train
2024,market,Dejounte Murray,ATL,SG,27,78,35.7,22.5,5.3,6.4,18755210,22099516,-0.024587,train
2024,production,Dejounte Murray,ATL,SG,27,78,35.7,22.5,5.3,6.4,18755210,20986405,-0.016403,train
2024,market,Deni Avdija,WAS,SF,23,75,30.1,14.7,7.2,3.8,6449292,7356415,-0.006669,train
2024,production,Deni Avdija,WAS,SF,23,75,30.1,14.7,7.2,3.8,6449292,11391003,-0.036331,train
2024,market,Derrick White,BOS,SG,29,73,32.6,15.2,4.2,5.2,19417463,21566210,-0.015797,train
2024,production,Derrick White,BOS,SG,29,73,32.6,15.2,4.2,5.2,19417463,21783568,-0.017395,train
2024,market,Devin Booker,PHX,PG,27,68,36.0,27.1,4.5,6.9,37086384,37427575,-0.002508,train
2024,production,Devin Booker,PHX,PG,27,68,36.0,27.1,4.5,6.9,37086384,37137907,-0.000379,train
2024,market,Devin Vassell,SAS,SG,23,68,33.1,19.5,3.8,4.1,6062851,6115699,-0.000389,train
2024,production,Devin Vassell,SAS,SG,23,68,33.1,19.5,3.8,4.1,6062851,12791407,-0.049467,train
2024,market,Dillon Brooks,HOU,SF,28,72,30.9,12.7,3.4,1.7,23300028,20991573,0.016971,train
2024,production,Dillon Brooks,HOU,SF,28,72,30.9,12.7,3.4,1.7,23300028,18915764,0.032232,train
2024,market,Domantas Sabonis,SAC,C,27,82,35.7,19.4,13.7,8.2,30170619,30031070,0.001026,train
2024,production,Domantas Sabonis,SAC,C,27,82,35.7,19.4,13.7,8.2,30170619,28932051,0.009106,train
2024,market,Donovan Mitchell,CLE,SG,27,55,35.3,26.6,5.1,6.1,34147405,35022034,-0.00643,train
2024,production,Donovan Mitchell,CLE,SG,27,55,35.3,26.6,5.1,6.1,34147405,33031515,0.008204,train
2024,market,Donte DiVincenzo,NYK,SG,27,81,29.1,15.5,3.7,2.7,11223882,12666153,-0.010603,train
2024,production,Donte DiVincenzo,NYK,SG,27,81,29.1,15.5,3.7,2.7,11223882,12321747,-0.008071,train
2024,market,Dorian Finney-Smith,BKN,PF,30,68,28.4,8.5,4.7,1.6,14345983,14608367,-0.001929,train
2024,production,Dorian Finney-Smith,BKN,PF,30,68,28.4,8.5,4.7,1.6,14345983,12734489,0.011847,train
2024,market,Doug McDermott,IND,SF,32,64,14.1,5.5,0.9,1.1,14415995,10716959,0.027195,train
2024,production,Doug McDermott,IND,SF,32,64,14.1,5.5,0.9,1.1,14415995,11027149,0.024914,train
2024,market,Draymond Green,GSW,PF,33,55,27.1,8.6,7.2,6.0,22984687,17879902,0.037529,test
2024,production,Draymond Green,GSW,PF,33,55,27.1,8.6,7.2,6.0,22984687,16195334,0.049914,test
2024,market,Drew Eubanks,PHX,C,26,75,15.6,5.1,4.3,0.8,2416341,5023327,-0.019166,test
2024,production,Drew Eubanks,PHX,C,26,75,15.6,5.1,4.3,0.8,2416341,6413707,-0.029388,test
2024,market,Duncan Robinson,MIA,SF,29,68,28.0,12.9,2.5,2.8,18693427,16863405,0.013454,train
2024,production,Duncan Robinson,MIA,SF,29,68,28.0,12.9,2.5,2.8,18693427,16458744,0.016429,train
2024,market,Duop Reath,POR,C,27,68,17.9,9.1,3.7,1.0,2009198,4171733,-0.015899,train
2024,production,Duop Reath,POR,C,27,68,17.9,9.1,3.7,1.0,2009198,3224558,-0.008935,train
2024,market,Dwight Powell,DAL,C,32,63,13.3,3.3,3.4,1.3,4118855,4484296,-0.002687,train
2024,production,Dwight Powell,DAL,C,32,63,13.3,3.3,3.4,1.3,4118855,3956751,0.001192,train
2024,market,Dyson Daniels,NOP,PG,20,61,22.3,5.8,3.9,2.7,5955989,5099670,0.006295,train
2024,production,Dyson Daniels,NOP,PG,20,61,22.3,5.8,3.9,2.7,5955989,6046027,-0.000662,train
2024,market,Eric Gordon,PHX,SG,35,68,27.8,11.0,1.8,2.0,3291427,7532056,-0.031176,train
2024,production,Eric Gordon,PHX,SG,35,68,27.8,11.0,1.8,2.0,3291427,4618502,-0.009756,train
2024,market,Franz Wagner,ORL,SF,22,72,32.5,19.7,5.3,3.7,5672405,6086868,-0.003047,train
2024,production,Franz Wagner,ORL,SF,22,72,32.5,19.7,5.3,3.7,5672405,11781652,-0.044914,train
2024,market,Fred VanVleet,HOU,PG,29,73,36.8,17.4,3.8,8.1,42018817,31547894,0.07698,test
2024,production,Fred VanVleet,HOU,PG,29,73,36.8,17.4,3.8,8.1,42018817,27690267,0.105341,test
2024,market,Garrison Mathews,ATL,SG,27,66,15.0,4.9,1.4,0.6,2059427,5853568,-0.027894,test
2024,production,Garrison Mathews,ATL,SG,27,66,15.0,4.9,1.4,0.6,2059427,5845937,-0.027838,test
2024,market,Georges Niang,CLE,PF,30,82,22.3,9.4,3.4,1.2,9061482,8965829,0.000703,train
2024,production,Georges Niang,CLE,PF,30,82,22.3,9.4,3.4,1.2,9061482,7874410,0.008727,train
2024,market,Giannis Antetokounmpo,MIL,PF,29,73,35.2,30.4,11.5,6.5,46996232,46871082,0.00092,train
2024,production,Giannis Antetokounmpo,MIL,PF,29,73,35.2,30.4,11.5,6.5,46996232,44021867,0.021867,train
2024,market,Goga Bitadze,ORL,C,24,62,15.4,5.0,4.6,1.3,2127991,2488150,-0.002648,train
2024,production,Goga Bitadze,ORL,C,24,62,15.4,5.0,4.6,1.3,2127991,2696415,-0.004179,train
2024,market,Gradey Dick,TOR,SG,20,60,21.1,8.5,2.2,1.1,4671511,4633971,0.000276,train
2024,production,Gradey Dick,TOR,SG,20,60,21.1,8.5,2.2,1.1,4671511,5110766,-0.003229,train
2024,market,Grant Williams,CHA,PF,25,76,28.0,10.3,4.2,2.3,12773601,10698550,0.015255,train
2024,production,Grant Williams,CHA,PF,25,76,28.0,10.3,4.2,2.3,12773601,10238787,0.018635,train
2024,market,Grayson Allen,PHX,SG,28,75,33.5,13.5,3.9,3.0,9190197,13068542,-0.028513,train
2024,production,Grayson Allen,PHX,SG,28,75,33.5,13.5,3.9,3.0,9190197,14306538,-0.037614,train
2024,market,Harrison Barnes,SAC,PF,31,82,29.0,12.2,3.0,1.2,17505137,16655187,0.006249,train
2024,production,Harrison Barnes,SAC,PF,31,82,29.0,12.2,3.0,1.2,17505137,15603828,0.013978,train
2024,market,Haywood Highsmith,MIA,PF,27,66,20.7,6.1,3.2,1.1,1958657,4214442,-0.016584,train
2024,production,Haywood Highsmith,MIA,PF,27,66,20.7,6.1,3.2,1.1,1958657,3896361,-0.014246,train
2024,market,Immanuel Quickley,TOR,PG-SG,24,68,29.2,17.0,3.8,4.9,4295501,7854767,-0.026167,train
2024,production,Immanuel Quickley,TOR,PG-SG,24,68,29.2,17.0,3.8,4.9,4295501,9055182,-0.034992,train
2024,market,Isaac Okoro,CLE,SF,23,69,27.3,9.4,3.0,1.9,9185866,7406911,0.013079,train
2024,production,Isaac Okoro,CLE,SF,23,69,27.3,9.4,3.0,1.9,9185866,8932773,0.001861,train
2024,market,Isaiah Hartenstein,NYK,C,25,75,25.3,7.8,8.3,2.5,9519830,9063380,0.003356,train
2024,production,Isaiah Hartenstein,NYK,C,25,75,25.3,7.8,8.3,2.5,9519830,10005955,-0.003574,train
2024,market,Isaiah Jackson,IND,C,22,59,13.1,6.5,4.0,0.8,2776397,2834998,-0.000431,train
2024,production,Isaiah Jackson,IND,C,22,59,13.1,6.5,4.0,0.8,2776397,3278914,-0.003694,train
2024,market,Isaiah Joe,OKC,SG,24,78,18.5,8.2,2.3,1.3,2056583,3623284,-0.011518,test
2024,production,Isaiah Joe,OKC,SG,24,78,18.5,8.2,2.3,1.3,2056583,5426313,-0.024774,test
2024,market,Ivica Zubac,LAC,C,26,68,26.4,11.7,9.2,1.4,11258205,13063008,-0.013269,train
2024,production,Ivica Zubac,LAC,C,26,68,26.4,11.7,9.2,1.4,11258205,13527421,-0.016683,train
2024,market,JT Thor,CHA,PF,21,63,12.4,3.2,2.3,0.5,1890653,2261515,-0.002727,train
2024,production,JT Thor,CHA,PF,21,63,12.4,3.2,2.3,0.5,1890653,2950759,-0.007794,train
2024,market,Jabari Walker,POR,SF,21,72,23.6,8.9,7.1,1.0,1770967,2478859,-0.005204,train
2024,production,Jabari Walker,POR,SF,21,72,23.6,8.9,7.1,1.0,1770967,2885571,-0.008194,train
2024,market,Jaden Hardy,DAL,SG,21,73,13.5,7.3,1.8,1.5,1770967,2367641,-0.004387,train
2024,production,Jaden Hardy,DAL,SG,21,73,13.5,7.3,1.8,1.5,1770967,2985757,-0.008931,train
2024,market,Jaden Ivey,DET,SG,21,77,28.8,15.4,3.4,3.8,7840736,8134001,-0.002156,train
2024,production,Jaden Ivey,DET,SG,21,77,28.8,15.4,3.4,3.8,7840736,8913956,-0.00789,train
2024,market,Jaden McDaniels,MIN,SF,23,72,29.2,10.5,3.1,1.4,4017325,6540614,-0.018551,test
2024,production,Jaden McDaniels,MIN,SF,23,72,29.2,10.5,3.1,1.4,4017325,10998417,-0.051324,test
2024,market,Jae'Sean Tate,HOU,SF,28,65,15.9,4.1,3.0,1.0,7207997,6989791,0.001604,train
2024,production,Jae'Sean Tate,HOU,SF,28,65,15.9,4.1,3.0,1.0,7207997,5978673,0.009038,train
2024,market,Jalen Brunson,NYK,PG,27,77,35.4,28.7,3.6,6.7,27129530,29880681,-0.020226,train
2024,production,Jalen Brunson,NYK,PG,27,77,35.4,28.7,3.6,6.7,27129530,29438440,-0.016975,train
2024,market,Jalen Duren,DET,C,20,61,29.1,13.8,11.6,2.4,4459361,5537092,-0.007923,train
2024,production,Jalen Duren,DET,C,20,61,29.1,13.8,11.6,2.4,4459361,9961699,-0.040452,train
2024,market,Jalen Green,HOU,SG,21,82,31.7,19.6,5.2,3.5,10185395,9857041,0.002414,train
2024,production,Jalen Green,HOU,SG,21,82,31.7,19.6,5.2,3.5,10185395,12971508,-0.020483,train
2024,market,Jalen Johnson,ATL,SF,22,56,33.7,16.0,8.7,3.6,3012284,8114281,-0.037509,test
2024,production,Jalen Johnson,ATL,SF,22,56,33.7,16.0,8.7,3.6,3012284,17851021,-0.109092,test
2024,market,Jalen Smith,IND,C,23,61,17.2,9.9,5.5,1.0,5193643,4810167,0.002819,train
2024,production,Jalen Smith,IND,C,23,61,17.2,9.9,5.5,1.0,5193643,4987333,0.001517,train
2024,market,Jalen Suggs,ORL,SG,22,75,27.0,12.6,3.1,2.7,7467568,7073371,0.002898,train
2024,production,Jalen Suggs,ORL,SG,22,75,27.0,12.6,3.1,2.7,7467568,9251222,-0.013113,train
2024,market,Jalen Williams,OKC,PF,22,71,31.3,19.1,4.0,4.5,4694136,5274027,-0.004263,train
2024,production,Jalen Williams,OKC,PF,22,71,31.3,19.1,4.0,4.5,4694136,13643590,-0.065795,train
2024,market,Jamal Murray,DEN,PG,26,59,31.5,21.2,4.1,6.5,34838724,31720916,0.022922,train
2024,production,Jamal Murray,DEN,PG,26,59,31.5,21.2,4.1,6.5,34838724,30999305,0.028227,train
2024,market,James Harden,LAC,PG,34,72,34.3,16.6,5.1,8.5,36740807,39624359,-0.021199,train
2024,production,James Harden,LAC,PG,34,72,34.3,16.6,5.1,8.5,36740807,35265617,0.010845,train
2024,market,James Wiseman,DET,C,22,63,17.3,7.1,5.3,0.9,12479556,3642655,0.064967,test
2024,production,James Wiseman,DET,C,22,63,17.3,7.1,5.3,0.9,12479556,4742953,0.056878,test
2024,market,Jarrett Allen,CLE,C,25,77,31.7,16.5,10.5,2.7,20594279,23855129,-0.023973,train
2024,production,Jarrett Allen,CLE,C,25,77,31.7,16.5,10.5,2.7,20594279,20988417,-0.002898,train
2024,market,Jaxson Hayes,LAL,C,23,70,12.5,4.3,3.0,0.5,2229330,2640099,-0.00302,train
2024,production,Jaxson Hayes,LAL,C,23,70,12.5,4.3,3.0,0.5,2229330,2540131,-0.002285,train
2024,market,Jaylen Brown,BOS,SF,27,70,33.5,23.0,5.5,3.6,32776163,33994396,-0.008956,train
2024,production,Jaylen Brown,BOS,SF,27,70,33.5,23.0,5.5,3.6,32776163,33013936,-0.001748,train
2024,market,Jaylin Williams,OKC,C,21,69,13.0,4.0,3.4,1.6,2059427,2421092,-0.002659,train
2024,production,Jaylin Williams,OKC,C,21,69,13.0,4.0,3.4,1.6,2059427,2588638,-0.003891,train
2024,market,Jayson Tatum,BOS,PF,25,74,35.7,26.9,8.1,4.9,33568737,34361426,-0.005828,train
2024,production,Jayson Tatum,BOS,PF,25,74,35.7,26.9,8.1,4.9,33568737,34006090,-0.003215,train
2024,market,Jeff Green,HOU,PF,37,78,16.8,6.5,2.3,0.9,8237711,7496783,0.005447,train
2024,production,Jeff Green,HOU,PF,37,78,16.8,6.5,2.3,0.9,8237711,7524806,0.005241,train
2024,market,Jeremy Sochan,SAS,PF,20,74,29.6,11.6,6.4,3.4,5474947,6368765,-0.006571,train
2024,production,Jeremy Sochan,SAS,PF,20,74,29.6,11.6,6.4,3.4,5474947,7894449,-0.017788,train
2024,market,Jevon Carter,CHI,PG,28,72,13.9,5.0,0.8,1.3,6374419,6691829,-0.002334,train
2024,production,Jevon Carter,CHI,PG,28,72,13.9,5.0,0.8,1.3,6374419,5963163,0.003023,train
2024,market,Jimmy Butler,MIA,PF,34,60,34.0,20.8,5.3,5.0,46526554,38449616,0.05938,test
2024,production,Jimmy Butler,MIA,PF,34,60,34.0,20.8,5.3,5.0,46526554,31248424,0.112322,test
2024,market,Jock Landale,HOU,C,28,56,13.6,4.9,3.1,1.2,8237711,7122001,0.008202,train
2024,production,Jock Landale,HOU,C,28,56,13.6,4.9,3.1,1.2,8237711,6486050,0.012878,train
2024,market,Joe Ingles,ORL,SF,36,68,17.2,4.4,2.1,3.0,11326853,8172414,0.023191,train
2024,production,Joe Ingles,ORL,SF,36,68,17.2,4.4,2.1,3.0,11326853,8857397,0.018155,train
2024,market,John Collins,UTA,PF,26,68,28.0,15.1,8.5,1.1,26092952,21487170,0.033861,train
2024,production,John Collins,UTA,PF,26,68,28.0,15.1,8.5,1.1,26092952,23444513,0.019471,train
2024,market,John Konchar,MEM,SF,27,55,21.3,4.3,4.7,2.0,2471313,5107536,-0.019381,train
2024,production,John Konchar,MEM,SF,27,55,21.3,4.3,4.7,2.0,2471313,7417049,-0.03636,train
2024,market,Jonathan Isaac,ORL,PF,26,58,15.8,6.8,4.5,0.5,17917023,13100322,0.035411,train
2024,production,Jonathan Isaac,ORL,PF,26,58,15.8,6.8,4.5,0.5,17917023,13117009,0.035289,train
2024,market,Jonathan Kuminga,GSW,PF,21,74,26.3,16.1,4.8,2.2,6191505,6750351,-0.004109,train
2024,production,Jonathan Kuminga,GSW,PF,21,74,26.3,16.1,4.8,2.2,6191505,7675354,-0.010909,train
2024,market,Jordan Clarkson,UTA,SG,31,55,30.6,17.1,3.4,5.0,24185539,22298996,0.013869,test
2024,production,Jordan Clarkson,UTA,SG,31,55,30.6,17.1,3.4,5.0,24185539,17760676,0.047234,test
2024,market,Jordan Goodwin,MEM,PG,25,57,18.5,6.5,4.4,2.7,2273654,3800871,-0.011228,train
2024,production,Jordan Goodwin,MEM,PG,25,57,18.5,6.5,4.4,2.7,2273654,3915767,-0.012072,train
2024,market,Jordan Hawkins,NOP,SG,21,67,17.3,7.8,2.2,1.0,4438269,3890403,0.004028,test
2024,production,Jordan Hawkins,NOP,SG,21,67,17.3,7.8,2.2,1.0,4438269,6684962,-0.016517,test
2024,market,Jordan McLaughlin,MIN,PG,27,56,11.2,3.5,1.3,2.0,2491907,3815467,-0.009731,train
2024,production,Jordan McLaughlin,MIN,PG,27,56,11.2,3.5,1.3,2.0,2491907,3259151,-0.005641,train
2024,market,Jordan Poole,WAS,SG,24,78,30.1,17.4,2.7,4.4,28786021,25415703,0.024778,train
2024,production,Jordan Poole,WAS,SG,24,78,30.1,17.4,2.7,4.4,28786021,24777891,0.029467,train
2024,market,Jose Alvarado,NOP,PG,25,56,18.4,7.1,2.3,2.1,1890653,2699267,-0.005945,train
2024,production,Jose Alvarado,NOP,PG,25,56,18.4,7.1,2.3,2.1,1890653,4336607,-0.017982,train
2024,market,Josh Giddey,OKC,SG,21,80,25.1,12.3,6.4,4.8,6782767,6757714,0.000184,train
2024,production,Josh Giddey,OKC,SG,21,80,25.1,12.3,6.4,4.8,6782767,10061866,-0.024107,train
2024,market,Josh Green,DAL,SG,23,57,26.4,8.2,3.2,2.3,4906936,4568698,0.002487,train
2024,production,Josh Green,DAL,SG,23,57,26.4,8.2,3.2,2.3,4906936,7467494,-0.018825,train
2024,market,Josh Hart,NYK,SF,28,81,33.4,9.4,8.3,4.1,13345093,14103718,-0.005577,train
2024,production,Josh Hart,NYK,SF,28,81,33.4,9.4,8.3,4.1,13345093,13852713,-0.003732,train
2024,market,Josh Okogie,PHX,SG,25,60,16.0,4.6,2.6,1.1,2899609,3137331,-0.001748,train
2024,production,Josh Okogie,PHX,SG,25,60,16.0,4.6,2.6,1.1,2899609,3383808,-0.00356,train
2024,market,Jrue Holiday,BOS,PG,33,69,32.8,12.5,5.4,4.8,38738196,33748720,0.036682,train
2024,production,Jrue Holiday,BOS,PG,33,69,32.8,12.5,5.4,4.8,38738196,33208734,0.040652,train
2024,market,Julian Champagnie,SAS,SF,22,74,19.8,6.8,2.8,1.4,3089141,3385262,-0.002177,train
2024,production,Julian Champagnie,SAS,SF,22,74,19.8,6.8,2.8,1.4,3089141,4275044,-0.008719,train
2024,market,Justin Holiday,DEN,SG,34,58,14.9,4.0,1.2,1.2,3291427,4844156,-0.011415,test
2024,production,Justin Holiday,DEN,SG,34,58,14.9,4.0,1.2,1.2,3291427,4050849,-0.005583,test
2024,market,KJ Martin,PHI,SF,23,60,12.4,3.7,2.2,0.9,1988049,2412480,-0.00312,test
2024,production,KJ Martin,PHI,SF,23,60,12.4,3.7,2.2,0.9,1988049,2783346,-0.005847,test
2024,market,Karl-Anthony Towns,MIN,PF,28,62,32.7,21.8,8.3,3.0,37086384,34288813,0.020567,test
2024,production,Karl-Anthony Towns,MIN,PF,28,62,32.7,21.8,8.3,3.0,37086384,28185462,0.065438,test
2024,market,Kawhi Leonard,LAC,SF,32,68,34.3,23.7,6.1,3.6,46996232,45345737,0.012134,train
2024,production,Kawhi Leonard,LAC,SF,32,68,34.3,23.7,6.1,3.6,46996232,42839578,0.030559,train
2024,market,Keegan Murray,SAC,SF,23,77,33.6,15.2,5.5,1.7,8658864,8974630,-0.002321,test
2024,production,Keegan Murray,SAC,SF,23,77,33.6,15.2,5.5,1.7,8658864,14766554,-0.044903,test
2024,market,Keldon Johnson,SAS,SF,24,69,29.5,15.7,5.5,2.8,20594279,16904376,0.027127,train
2024,production,Keldon Johnson,SAS,SF,24,69,29.5,15.7,5.5,2.8,20594279,18773931,0.013383,train
2024,market,Kelly Olynyk,TOR,C,32,78,22.6,9.8,5.3,4.4,12557487,13064892,-0.00373,train
2024,production,Kelly Olynyk,TOR,C,32,78,22.6,9.8,5.3,4.4,12557487,10601424,0.014381,train
2024,market,Kenrich Williams,OKC,PF,29,69,14.9,4.7,3.0,1.3,6358483,6517682,-0.00117,train
2024,production,Kenrich Williams,OKC,PF,29,69,14.9,4.7,3.0,1.3,6358483,5862494,0.003646,train
2024,market,Kentavious Caldwell-Pope,DEN,SG,30,76,31.6,10.1,2.4,2.4,15141880,18743048,-0.026475,test
2024,production,Kentavious Caldwell-Pope,DEN,SG,30,76,31.6,10.1,2.4,2.4,15141880,17130006,-0.014616,test
2024,market,Keon Ellis,SAC,SG,24,57,17.2,5.4,2.2,1.5,703737,1731618,-0.007557,train
2024,production,Keon Ellis,SAC,SG,24,57,17.2,5.4,2.2,1.5,703737,3162057,-0.018073,train
2024,market,Kevin Durant,PHX,PF,35,75,37.2,27.1,6.6,5.0,49065286,46591640,0.018186,train
2024,production,Kevin Durant,PHX,PF,35,75,37.2,27.1,6.6,5.0,49065286,45367410,0.027186,train
2024,market,Kevin Huerter,SAC,SG,25,64,24.4,10.2,3.5,2.6,16135250,6048553,0.074155,test
2024,production,Kevin Huerter,SAC,SG,25,64,24.4,10.2,3.5,2.6,16135250,8278086,0.057764,test
2024,market,Kevin Love,MIA,PF,35,55,16.8,8.8,6.1,2.1,3949713,6410838,-0.018094,train
2024,production,Kevin Love,MIA,PF,35,55,16.8,8.8,6.1,2.1,3949713,8068953,-0.030284,train
2024,market,Kevon Looney,GSW,C,27,74,16.1,4.5,5.7,1.8,7722854,8328608,-0.004453,train
2024,production,Kevon Looney,GSW,C,27,74,16.1,4.5,5.7,1.8,7722854,7090661,0.004648,train
2024,market,Keyonte George,UTA,PG,20,75,27.0,13.0,2.8,4.4,4005356,5092161,-0.00799,train
2024,production,Keyonte George,UTA,PG,20,75,27.0,13.0,2.8,4.4,4005356,5312752,-0.009612,train
2024,market,Khris Middleton,MIL,SF,32,55,27.0,15.1,4.7,5.3,30192230,27099772,0.022735,train
2024,production,Khris Middleton,MIL,SF,32,55,27.0,15.1,4.7,5.3,30192230,26985335,0.023576,train
2024,market,Klay Thompson,GSW,SF,33,77,29.7,17.9,3.3,2.3,44503661,38129438,0.046862,train
2024,production,Klay Thompson,GSW,SF,33,77,29.7,17.9,3.3,2.3,44503661,35290739,0.067732,train
2024,market,Kris Dunn,UTA,PG,29,66,18.9,5.4,2.9,3.8,2663338,5320389,-0.019534,train
2024,production,Kris Dunn,UTA,PG,29,66,18.9,5.4,2.9,3.8,2663338,3700227,-0.007623,train
2024,market,Kris Murray,POR,SF,23,62,21.7,6.1,3.6,1.3,2932114,3228363,-0.002178,train
2024,production,Kris Murray,POR,SF,23,62,21.7,6.1,3.6,1.3,2932114,4089158,-0.008506,train
2024,market,Kyle Anderson,MIN,PF,30,79,22.6,6.4,3.5,4.2,9493460,10921782,-0.010501,train
2024,production,Kyle Anderson,MIN,PF,30,79,22.6,6.4,3.5,4.2,9493460,8831666,0.004865,train
2024,market,Kyle Kuzma,WAS,PF,28,70,32.6,22.2,6.6,4.2,26327914,28627491,-0.016906,train
2024,production,Kyle Kuzma,WAS,PF,28,70,32.6,22.2,6.6,4.2,26327914,25159788,0.008588,train
2024,market,Kyle Lowry,PHI,PG,37,60,28.2,8.1,3.2,4.2,30564525,13647040,0.124374,test
2024,production,Kyle Lowry,PHI,PG,37,60,28.2,8.1,3.2,4.2,30564525,13838172,0.122969,test
2024,market,Kyrie Irving,DAL,SG,31,58,35.0,25.6,5.0,5.2,39167268,42855379,-0.027114,train
2024,production,Kyrie Irving,DAL,SG,31,58,35.0,25.6,5.0,5.2,39167268,37249233,0.014101,train
2024,market,Lauri Markkanen,UTA,PF,26,55,33.1,23.2,8.2,2.0,17772862,19693207,-0.014118,train
2024,production,Lauri Markkanen,UTA,PF,26,55,33.1,23.2,8.2,2.0,17772862,20913309,-0.023088,train
2024,market,LeBron James,LAL,PF,39,71,35.3,25.7,7.3,8.3,49021953,48673588,0.002561,train
2024,production,LeBron James,LAL,PF,39,71,35.3,25.7,7.3,8.3,49021953,44931981,0.030069,train
2024,market,Luguentz Dort,OKC,SF,24,79,28.4,10.9,3.6,1.4,15731741,13047134,0.019737,train
2024,production,Luguentz Dort,OKC,SF,24,79,28.4,10.9,3.6,1.4,15731741,14606354,0.008274,train
2024,market,Luke Kornet,BOS,C,28,63,15.6,5.3,4.1,1.1,2485012,7507075,-0.036921,test
2024,production,Luke Kornet,BOS,C,28,63,15.6,5.3,4.1,1.1,2485012,8541381,-0.044525,test
2024,market,Malachi Flynn,DET,PG,25,69,12.7,5.5,1.7,1.9,3988106,3736929,0.001847,train
2024,production,Malachi Flynn,DET,PG,25,69,12.7,5.5,1.7,1.9,3988106,3846075,0.001044,train
2024,market,Malaki Branham,SAS,PG,20,75,21.3,9.2,2.0,2.1,3163157,3448454,-0.002097,train
2024,production,Malaki Branham,SAS,PG,20,75,21.3,9.2,2.0,2.1,3163157,4186741,-0.007525,train
2024,market,Malik Beasley,MIL,SG,27,79,29.6,11.3,3.7,1.4,2790369,5115346,-0.017093,train
2024,production,Malik Beasley,MIL,SG,27,79,29.6,11.3,3.7,1.4,2790369,6906610,-0.030262,train
2024,market,Malik Monk,SAC,SG,25,72,26.0,15.4,2.9,5.1,10241360,10276531,-0.000259,train
2024,production,Malik Monk,SAC,SG,25,72,26.0,15.4,2.9,5.1,10241360,11560141,-0.009695,train
2024,market,Marcus Sasser,DET,PG,23,71,19.0,8.3,1.8,3.3,2701998,3784373,-0.007957,test
2024,production,Marcus Sasser,DET,PG,23,71,19.0,8.3,1.8,3.3,2701998,4482675,-0.013091,test
2024,market,Matisse Thybulle,POR,SF,26,65,22.9,5.4,2.1,1.4,10811996,8237759,0.018925,train
2024,production,Matisse Thybulle,POR,SF,26,65,22.9,5.4,2.1,1.4,10811996,9197657,0.011868,train
2024,market,Max Christie,LAL,SG,20,67,14.1,4.2,2.1,0.9,1770967,2241117,-0.003456,train
2024,production,Max Christie,LAL,SG,20,67,14.1,4.2,2.1,0.9,1770967,2084690,-0.002306,train
2024,market,Max Strus,CLE,SF,27,70,32.0,12.2,4.8,4.0,14918170,15495691,-0.004246,train
2024,production,Max Strus,CLE,SF,27,70,32.0,12.2,4.8,4.0,14918170,14735314,0.001344,train
2024,market,Mikal Bridges,BKN,SF,27,82,34.8,19.6,4.5,3.6,22344793,22512329,-0.001232,train
2024,production,Mikal Bridges,BKN,SF,27,82,34.8,19.6,4.5,3.6,22344793,20525023,0.013379,train
2024,market,Mike Conley,MIN,PG,36,76,28.9,11.4,2.9,5.9,25083832,21320096,0.02767,train
2024,production,Mike Conley,MIN,PG,36,76,28.9,11.4,2.9,5.9,25083832,20776500,0.031667,train
2024,market,Miles Bridges,CHA,SF,25,69,37.4,21.0,7.3,3.3,8156673,16474070,-0.061148,train
2024,production,Miles Bridges,CHA,SF,25,69,37.4,21.0,7.3,3.3,8156673,14903023,-0.049598,train
2024,market,Miles McBride,NYK,PG,23,68,19.5,8.3,1.5,1.7,1890653,2595645,-0.005183,train
2024,production,Miles McBride,NYK,PG,23,68,19.5,8.3,1.5,1.7,1890653,3932720,-0.015013,train
2024,market,Mo Bamba,PHI,C,25,57,13.0,4.4,4.2,0.7,2416341,2948176,-0.00391,train
2024,production,Mo Bamba,PHI,C,25,57,13.0,4.4,4.2,0.7,2416341,2694539,-0.002045,train
2024,market,Moritz Wagner,ORL,C,26,80,17.7,10.9,4.3,1.2,8237711,5973435,0.016647,test
2024,production,Moritz Wagner,ORL,C,26,80,17.7,10.9,4.3,1.2,8237711,6669517,0.011529,test
2024,market,Moses Moody,GSW,SG,21,66,17.5,8.1,3.0,0.9,4034913,3819051,0.001587,train
2024,production,Moses Moody,GSW,SG,21,66,17.5,8.1,3.0,0.9,4034913,4390209,-0.002612,train
2024,market,Myles Turner,IND,C,27,77,27.0,17.1,6.9,1.3,21598250,21196461,0.002954,train
2024,production,Myles Turner,IND,C,27,77,27.0,17.1,6.9,1.3,21598250,19961585,0.012032,train
2024,market,Naji Marshall,NOP,SF,26,66,19.0,7.1,3.6,1.9,1988049,3009524,-0.00751,train
2024,production,Naji Marshall,NOP,SF,26,66,19.0,7.1,3.6,1.9,1988049,3859215,-0.013756,train
2024,market,Naz Reid,MIN,C,24,81,24.2,13.5,5.2,1.3,13335207,10877857,0.018066,train
2024,production,Naz Reid,MIN,C,24,81,24.2,13.5,5.2,1.3,13335207,12827523,0.003732,train
2024,market,Nickeil Alexander-Walker,MIN,SG,25,82,23.4,8.0,2.0,2.5,4826784,4717869,0.000801,train
2024,production,Nickeil Alexander-Walker,MIN,SG,25,82,23.4,8.0,2.0,2.5,4826784,4795116,0.000233,train
2024,market,Nicolas Batum,PHI,PF,35,60,25.5,5.3,4.1,2.1,12058792,12170979,-0.000825,train
2024,production,Nicolas Batum,PHI,PF,35,60,25.5,5.3,4.1,2.1,12058792,12502391,-0.003261,train
2024,market,Norman Powell,LAC,SG,30,76,26.2,13.9,2.6,1.1,18534851,16987128,0.011379,train
2024,production,Norman Powell,LAC,SG,30,76,26.2,13.9,2.6,1.1,18534851,16010239,0.01856,train
2024,market,Obi Toppin,IND,PF,25,82,21.1,10.3,3.9,1.6,7005156,4264010,0.020152,test
2024,production,Obi Toppin,IND,PF,25,82,21.1,10.3,3.9,1.6,7005156,5939071,0.007838,test
2024,market,Ochai Agbaji,TOR,SG,23,78,21.0,5.8,2.8,1.1,4236449,3870253,0.002692,train
2024,production,Ochai Agbaji,TOR,SG,23,78,21.0,5.8,2.8,1.1,4236449,4330018,-0.000688,train
2024,market,Onyeka Okongwu,ATL,C,23,55,25.5,10.2,6.8,1.3,8350015,7234417,0.008202,train
2024,production,Onyeka Okongwu,ATL,C,23,55,25.5,10.2,6.8,1.3,8350015,8877994,-0.003882,train
2024,market,Oshae Brissett,BOS,SF,25,55,11.5,3.7,2.9,0.8,2229330,2422734,-0.001422,train
2024,production,Oshae Brissett,BOS,SF,25,55,11.5,3.7,2.9,0.8,2229330,2432794,-0.001496,train
2024,market,Paolo Banchero,ORL,PF,21,80,35.0,22.6,6.9,5.4,11953002,11639848,0.002302,train
2024,production,Paolo Banchero,ORL,PF,21,80,35.0,22.6,6.9,5.4,11953002,18998487,-0.051797,train
2024,market,Pascal Siakam,IND,PF,29,80,33.2,21.7,7.1,4.3,39019371,37090976,0.014177,train
2024,production,Pascal Siakam,IND,PF,29,80,33.2,21.7,7.1,4.3,39019371,34919761,0.03014,train
2024,market,Pat Connaughton,MIL,SF,31,76,22.1,5.6,3.1,2.1,9703889,9810328,-0.000783,test
2024,production,Pat Connaughton,MIL,SF,31,76,22.1,5.6,3.1,2.1,9703889,8419761,0.009441,test
2024,market,Patrick Beverley,MIL,PG,35,73,20.0,6.2,3.3,2.9,3291427,4437504,-0.008426,train
2024,production,Patrick Beverley,MIL,PG,35,73,20.0,6.2,3.3,2.9,3291427,4362535,-0.007875,train
2024,market,Paul George,LAC,PF,33,74,33.8,22.6,5.2,3.5,46996232,39287953,0.05667,test
2024,production,Paul George,LAC,PF,33,74,33.8,22.6,5.2,3.5,46996232,30091011,0.124284,test
2024,market,Paul Reed,PHI,C,24,82,19.4,7.3,6.0,1.3,7952480,6135256,0.01336,train
2024,production,Paul Reed,PHI,C,24,82,19.4,7.3,6.0,1.3,7952480,7139989,0.005973,train
2024,market,Payton Pritchard,BOS,PG,26,82,22.3,9.6,3.2,3.4,4157240,4667630,-0.003752,train
2024,production,Payton Pritchard,BOS,PG,26,82,22.3,9.6,3.2,3.4,4157240,5651938,-0.010989,train
2024,market,Peyton Watson,DEN,SF,21,80,18.6,6.7,3.2,1.1,2371966,3140905,-0.005653,train
2024,production,Peyton Watson,DEN,SF,21,80,18.6,6.7,3.2,1.1,2371966,2935300,-0.004142,train
2024,market,Precious Achiuwa,NYK,PF-C,24,74,21.9,7.6,6.6,1.3,4509659,4904114,-0.0029,train
2024,production,Precious Achiuwa,NYK,PF-C,24,74,21.9,7.6,6.6,1.3,4509659,5386149,-0.006444,train
2024,market,RJ Barrett,TOR,SG,23,58,31.7,20.2,5.4,3.3,24593615,17418598,0.052749,train
2024,production,RJ Barrett,TOR,SG,23,58,31.7,20.2,5.4,3.3,24593615,23773484,0.006029,train
2024,market,Reggie Jackson,DEN,PG,33,82,22.2,10.2,1.9,3.8,5148569,6508424,-0.009997,train
2024,production,Reggie Jackson,DEN,PG,33,82,22.2,10.2,1.9,3.8,5148569,5384562,-0.001735,train
2024,market,Royce O'Neale,PHX,SF,30,79,24.7,7.7,4.8,2.8,9782282,10066216,-0.002087,train
2024,production,Royce O'Neale,PHX,SF,30,79,24.7,7.7,4.8,2.8,9782282,9064205,0.005279,train
2024,market,Rudy Gobert,MIN,C,31,76,34.1,14.0,12.9,1.3,42218272,35407748,0.05007,test
2024,production,Rudy Gobert,MIN,C,31,76,34.1,14.0,12.9,1.3,42218272,31935355,0.075598,test
2024,market,Rui Hachimura,LAL,PF,25,68,26.9,13.6,4.3,1.2,16208460,13401968,0.020633,train
2024,production,Rui Hachimura,LAL,PF,25,68,26.9,13.6,4.3,1.2,16208460,12272570,0.028936,train
2024,market,Russell Westbrook,LAC,PG,35,68,22.5,11.1,5.0,4.5,3949713,8474762,-0.033267,train
2024,production,Russell Westbrook,LAC,PG,35,68,22.5,11.1,5.0,4.5,3949713,6627881,-0.019689,train
2024,market,Saddiq Bey,ATL,SF,24,63,32.7,13.7,6.5,1.5,4692389,9596069,-0.036051,train
2024,production,Saddiq Bey,ATL,SF,24,63,32.7,13.7,6.5,1.5,4692389,7784142,-0.02273,train
2024,market,Sam Hauser,BOS,SF,26,79,22.0,9.0,3.5,1.0,1985181,3800853,-0.013348,train
2024,production,Sam Hauser,BOS,SF,26,79,22.0,9.0,3.5,1.0,1985181,4643234,-0.019541,train
2024,market,Sam Merrill,CLE,SG,27,61,17.5,8.0,2.0,1.8,2056583,4129250,-0.015238,train
2024,production,Sam Merrill,CLE,SG,27,61,17.5,8.0,2.0,1.8,2056583,3615237,-0.011459,train
2024,market,Scoot Henderson,POR,PG,19,62,28.5,14.0,3.1,5.4,10061236,8878691,0.008694,train
2024,production,Scoot Henderson,POR,PG,19,62,28.5,14.0,3.1,5.4,10061236,10372646,-0.002289,train
2024,market,Scottie Barnes,TOR,SG,22,60,34.9,19.9,8.2,6.1,8246649,7978108,0.001974,train
2024,production,Scottie Barnes,TOR,SG,22,60,34.9,19.9,8.2,6.1,8246649,13620335,-0.039506,train
2024,market,Shai Gilgeous-Alexander,OKC,PG,25,75,34.0,30.1,5.5,6.2,34378905,34764154,-0.002832,train
2024,production,Shai Gilgeous-Alexander,OKC,PG,25,75,34.0,30.1,5.5,6.2,34378905,35174623,-0.00585,train
2024,market,Simone Fontecchio,DET,SF,28,66,24.9,10.5,3.7,1.5,3135347,5246004,-0.015517,train
2024,production,Simone Fontecchio,DET,SF,28,66,24.9,10.5,3.7,1.5,3135347,4620393,-0.010918,train
2024,market,Spencer Dinwiddie,LAL,PG,30,76,28.3,10.5,2.7,4.7,21018311,11154238,0.072519,test
2024,production,Spencer Dinwiddie,LAL,PG,30,76,28.3,10.5,2.7,4.7,21018311,6426980,0.107273,test
2024,market,Stephen Curry,GSW,PG,35,74,32.7,26.4,4.5,5.1,53458234,49786456,0.026994,train
2024,production,Stephen Curry,GSW,PG,35,74,32.7,26.4,4.5,5.1,53458234,47935153,0.040605,train
2024,market,Taurean Prince,LAL,PF,29,78,27.0,8.9,2.9,1.5,4650188,6383399,-0.012742,train
2024,production,Taurean Prince,LAL,PF,29,78,27.0,8.9,2.9,1.5,4650188,5371407,-0.005302,train
2024,market,Terance Mann,LAC,SG,27,75,25.0,8.8,3.4,1.6,10891205,10865946,0.000186,train
2024,production,Terance Mann,LAC,SG,27,75,25.0,8.8,3.4,1.6,10891205,10567008,0.002383,train
2024,market,Terry Rozier,MIA,PG-SG,29,61,33.4,19.8,4.0,5.6,23894740,28061413,-0.030633,train
2024,production,Terry Rozier,MIA,PG-SG,29,61,33.4,19.8,4.0,5.6,23894740,23571120,0.002379,train
2024,market,Tobias Harris,PHI,PF,31,70,33.8,17.2,6.5,3.1,40437022,32065728,0.061544,test
2024,production,Tobias Harris,PHI,PF,31,70,33.8,17.2,6.5,3.1,40437022,26711832,0.100905,test
2024,market,Toumani Camara,POR,PF,23,70,24.8,7.5,4.9,1.2,1152829,2242729,-0.008013,train
2024,production,Toumani Camara,POR,PF,23,70,24.8,7.5,4.9,1.2,1152829,3716296,-0.018846,train
2024,market,Trayce Jackson-Davis,GSW,PF,23,68,16.6,7.9,5.0,1.2,1152829,3023158,-0.01375,test
2024,production,Trayce Jackson-Davis,GSW,PF,23,68,16.6,7.9,5.0,1.2,1152829,5555345,-0.032366,test
2024,market,Tre Jones,SAS,PG,24,77,27.8,10.0,3.8,6.2,10189877,7862321,0.017112,train
2024,production,Tre Jones,SAS,PG,24,77,27.8,10.0,3.8,6.2,10189877,9295598,0.006575,train
2024,market,Trendon Watford,BKN,PF,23,63,13.6,6.9,3.1,1.3,2079719,2245084,-0.001216,train
2024,production,Trendon Watford,BKN,PF,23,63,13.6,6.9,3.1,1.3,2079719,3071564,-0.007292,train
2024,market,Trey Lyles,SAC,PF,28,58,20.0,7.2,4.4,1.2,8237711,7414756,0.00605,train
2024,production,Trey Lyles,SAC,PF,28,58,20.0,7.2,4.4,1.2,8237711,7724789,0.003771,train
2024,market,Tyrese Haliburton,IND,PG,23,69,32.2,20.1,3.9,10.9,5981026,6705300,-0.005325,train
2024,production,Tyrese Haliburton,IND,PG,23,69,32.2,20.1,3.9,10.9,5981026,16826379,-0.079733,train
2024,market,Tyrese Maxey,PHI,PG,23,70,37.5,25.9,3.7,6.2,4472995,10956616,-0.047666,train
2024,production,Tyrese Maxey,PHI,PG,23,70,37.5,25.9,3.7,6.2,4472995,12585128,-0.059639,train
2024,market,Tyus Jones,WAS,PG,27,66,29.3,12.0,2.7,7.3,14415995,16172095,-0.012911,train
2024,production,Tyus Jones,WAS,PG,27,66,29.3,12.0,2.7,7.3,14415995,16087167,-0.012286,train
2024,market,Victor Wembanyama,SAS,C,20,71,29.7,21.4,10.6,3.9,12521972,12769883,-0.001823,train
2024,production,Victor Wembanyama,SAS,C,20,71,29.7,21.4,10.6,3.9,12521972,17044858,-0.033251,train
2024,market,Walker Kessler,UTA,C,22,64,23.3,8.1,7.5,0.9,2915285,3533294,-0.004543,train
2024,production,Walker Kessler,UTA,C,22,64,23.3,8.1,7.5,0.9,2915285,4417297,-0.011043,train
2024,market,Zach Collins,SAS,C,26,69,22.1,11.2,5.4,2.8,7928797,7755997,0.00127,train
2024,production,Zach Collins,SAS,C,26,69,22.1,11.2,5.4,2.8,7928797,7633402,0.002172,train
2024,market,Zeke Nnaji,DEN,PF,23,58,9.9,3.2,2.2,0.6,4434237,4218936,0.001583,train
2024,production,Zeke Nnaji,DEN,PF,23,58,9.9,3.2,2.2,0.6,4434237,4108194,0.002397,train
2024,market,Zion Williamson,NOP,PF,23,70,31.5,22.9,5.8,5.0,35015681,26499329,0.062611,train
2024,production,Zion Williamson,NOP,PF,23,70,31.5,22.9,5.8,5.0,35015681,32165116,0.020957,train
2025,market,A.J. Green,MIL,SG,25,73,22.7,7.4,2.4,1.5,2120693,3320720,-0.008536,train
2025,production,A.J. Green,MIL,SG,25,73,22.7,7.4,2.4,1.5,2120693,4555025,-0.017315,train
2025,market,Aaron Holiday,HOU,PG,28,62,12.8,5.5,1.3,1.3,4668000,4985948,-0.002262,train
2025,production,Aaron Holiday,HOU,PG,28,62,12.8,5.5,1.3,1.3,4668000,4117062,0.003919,train
2025,market,Aaron Wiggins,OKC,SG,26,76,22.9,12.0,3.9,1.8,10514017,8837178,0.011927,train
2025,production,Aaron Wiggins,OKC,SG,26,76,22.9,12.0,3.9,1.8,10514017,9750373,0.005432,train
2025,market,Adem Bona,PHI,C,21,58,15.6,5.8,4.2,0.5,1157153,3413570,-0.01605,test
2025,production,Adem Bona,PHI,C,21,58,15.6,5.8,4.2,0.5,1157153,6552426,-0.038376,test
2025,market,Al Horford,BOS,C,38,60,27.7,9.0,6.2,2.1,9500000,12332063,-0.020144,train
2025,production,Al Horford,BOS,C,38,60,27.7,9.0,6.2,2.1,9500000,11309961,-0.012874,train
2025,market,Alex Sarr,WAS,C,19,67,27.1,13.0,6.5,2.4,11245680,9466415,0.012656,train
2025,production,Alex Sarr,WAS,C,19,67,27.1,13.0,6.5,2.4,11245680,11653831,-0.002903,train
2025,market,Alperen Sengun,HOU,C,22,76,31.5,19.1,10.3,4.9,5424654,6539293,-0.007928,train
2025,production,Alperen Sengun,HOU,C,22,76,31.5,19.1,10.3,4.9,5424654,16196875,-0.076623,train
2025,market,Amen Thompson,HOU,SF,22,69,32.2,14.1,8.2,3.8,9249960,9630048,-0.002704,train
2025,production,Amen Thompson,HOU,SF,22,69,32.2,14.1,8.2,3.8,9249960,14015415,-0.033897,train
2025,market,Amir Coffey,LAC,SG,27,72,24.3,9.7,2.2,1.1,3938271,9035036,-0.036253,test
2025,production,Amir Coffey,LAC,SG,27,72,24.3,9.7,2.2,1.1,3938271,6470780,-0.018014,test
2025,market,Andre Jackson Jr.,MIL,SG,23,67,14.6,3.4,2.7,1.2,1891857,2370013,-0.003401,train
2025,production,Andre Jackson Jr.,MIL,SG,23,67,14.6,3.4,2.7,1.2,1891857,2947991,-0.007512,train
2025,market,Andrew Nembhard,IND,SG,25,65,28.9,10.0,3.3,5.0,2019699,4703304,-0.019088,train
2025,production,Andrew Nembhard,IND,SG,25,65,28.9,10.0,3.3,5.0,2019699,5514016,-0.024855,train
2025,market,Andrew Wiggins,MIA,SF,29,60,30.7,18.0,4.5,2.6,26276786,26060151,0.001541,train
2025,production,Andrew Wiggins,MIA,SF,29,60,30.7,18.0,4.5,2.6,26276786,24746459,0.010885,train
2025,market,Anfernee Simons,POR,SG,25,70,32.7,19.3,2.7,4.8,25892857,24262529,0.011596,test
2025,production,Anfernee Simons,POR,SG,25,70,32.7,19.3,2.7,4.8,25892857,23468585,0.017244,test
2025,market,Anthony Black,ORL,PG,21,78,24.2,9.4,2.9,3.1,7607760,6671899,0.006657,train
2025,production,Anthony Black,ORL,PG,21,78,24.2,9.4,2.9,3.1,7607760,7777685,-0.001209,train
2025,market,Anthony Edwards,MIN,SG,23,79,36.3,27.6,5.7,4.5,42176400,36059499,0.043509,train
2025,production,Anthony Edwards,MIN,SG,23,79,36.3,27.6,5.7,4.5,42176400,37329325,0.034477,train
2025,market,Ausar Thompson,DET,SF,22,59,22.5,10.1,5.1,2.3,8376000,7618614,0.005387,train
2025,production,Ausar Thompson,DET,SF,22,59,22.5,10.1,5.1,2.3,8376000,8812897,-0.003108,train
2025,market,Austin Reaves,LAL,SG,26,73,34.9,20.2,4.5,5.8,12976362,15978516,-0.021354,train
2025,production,Austin Reaves,LAL,SG,26,73,34.9,20.2,4.5,5.8,12976362,21195803,-0.058465,train
2025,market,Bam Adebayo,MIA,C,27,78,34.3,18.1,9.6,4.3,34848340,32635993,0.015736,train
2025,production,Bam Adebayo,MIA,C,27,78,34.3,18.1,9.6,4.3,34848340,29202175,0.040161,train
2025,market,Ben Sheppard,IND,SG,23,63,19.5,5.3,2.8,1.3,2663880,3179921,-0.003671,train
2025,production,Ben Sheppard,IND,SG,23,63,19.5,5.3,2.8,1.3,2663880,3551576,-0.006314,train
2025,market,Bennedict Mathurin,IND,SF,22,72,29.8,16.1,5.3,1.9,7245720,6632940,0.004359,train
2025,production,Bennedict Mathurin,IND,SF,22,72,29.8,16.1,5.3,1.9,7245720,11762666,-0.032129,train
2025,market,Bilal Coulibaly,WAS,SF,20,59,33.0,12.3,5.0,3.4,6945240,7651156,-0.005021,train
2025,production,Bilal Coulibaly,WAS,SF,20,59,33.0,12.3,5.0,3.4,6945240,9420549,-0.017607,train
2025,market,Blake Wesley,SAS,SG,21,58,11.8,3.7,1.1,2.0,2624280,2692748,-0.000487,train
2025,production,Blake Wesley,SAS,SG,21,58,11.8,3.7,1.1,2.0,2624280,2666334,-0.000299,train
2025,market,Brandin Podziemski,GSW,SG,21,64,26.8,11.7,5.1,3.4,3519960,4251522,-0.005204,test
2025,production,Brandin Podziemski,GSW,SG,21,64,26.8,11.7,5.1,3.4,3519960,9028463,-0.039182,test
2025,market,Brandon Clarke,MEM,PF,28,64,18.9,8.3,5.1,1.0,12500000,11197698,0.009263,train
2025,production,Brandon Clarke,MEM,PF,28,64,18.9,8.3,5.1,1.0,12500000,9090049,0.024255,train
2025,market,Brice Sensabaugh,UTA,SF,21,71,20.2,10.9,3.0,1.5,2571480,3166106,-0.00423,train
2025,production,Brice Sensabaugh,UTA,SF,21,71,20.2,10.9,3.0,1.5,2571480,4444075,-0.01332,train
2025,market,Brook Lopez,MIL,C,36,80,31.8,13.0,5.0,1.8,23000000,22969402,0.000218,test
2025,production,Brook Lopez,MIL,C,36,80,31.8,13.0,5.0,1.8,23000000,16402886,0.046925,test
2025,market,Bub Carrington,WAS,PG,19,82,30.0,9.8,4.2,4.4,4454880,5392190,-0.006667,train
2025,production,Bub Carrington,WAS,PG,19,82,30.0,9.8,4.2,4.4,4454880,7763323,-0.023533,train
2025,market,Buddy Hield,GSW,SG,32,82,22.7,11.1,3.2,1.6,8780488,14736648,-0.042366,test
2025,production,Buddy Hield,GSW,SG,32,82,22.7,11.1,3.2,1.6,8780488,8471364,0.002199,test
2025,market,CJ McCollum,NOP,PG,33,56,32.7,21.1,3.8,4.1,33333333,34316556,-0.006994,test
2025,production,CJ McCollum,NOP,PG,33,56,32.7,21.1,3.8,4.1,33333333,22934252,0.073968,test
2025,market,Cade Cunningham,DET,PG,23,70,35.0,26.1,6.1,9.1,13940809,13074323,0.006163,train
2025,production,Cade Cunningham,DET,PG,23,70,35.0,26.1,6.1,9.1,13940809,21660943,-0.054913,train
2025,market,Caleb Houstan,ORL,SF,22,58,13.6,4.1,1.3,0.6,2019699,2355133,-0.002386,train
2025,production,Caleb Houstan,ORL,SF,22,58,13.6,4.1,1.3,0.6,2019699,2328258,-0.002195,train
2025,market,Cameron Johnson,BKN,PF,28,57,31.6,18.8,4.3,3.4,22500000,24721403,-0.015801,train
2025,production,Cameron Johnson,BKN,PF,28,57,31.6,18.8,4.3,3.4,22500000,22219727,0.001994,train
2025,market,Cameron Payne,NYK,PG,30,72,15.1,6.9,1.4,2.8,2087519,5951108,-0.027482,test
2025,production,Cameron Payne,NYK,PG,30,72,15.1,6.9,1.4,2.8,2087519,5668545,-0.025472,test
2025,market,Caris LeVert,ATL,SG,30,64,24.9,12.1,3.2,3.4,16615384,15289545,0.009431,train
2025,production,Caris LeVert,ATL,SG,30,64,24.9,12.1,3.2,3.4,16615384,13736839,0.020475,train
2025,market,Cason Wallace,OKC,SG,21,68,27.6,8.4,3.4,2.5,5555880,5638942,-0.000591,train
2025,production,Cason Wallace,OKC,SG,21,68,27.6,8.4,3.4,2.5,5555880,7016992,-0.010393,train
2025,market,Chris Paul,SAS,PG,39,82,28.0,8.8,3.6,7.4,10460000,16932084,-0.046036,test
2025,production,Chris Paul,SAS,PG,39,82,28.0,8.8,3.6,7.4,10460000,15232300,-0.033945,test
2025,market,Christian Braun,DEN,SG,23,79,33.9,15.4,5.2,2.6,3089640,5466730,-0.016908,train
2025,production,Christian Braun,DEN,SG,23,79,33.9,15.4,5.2,2.6,3089640,6145540,-0.021737,train
2025,market,Clint Capela,ATL,C,30,55,21.4,8.9,8.5,1.1,22265280,18416141,0.027379,train
2025,production,Clint Capela,ATL,C,30,55,21.4,8.9,8.5,1.1,22265280,18441473,0.027199,train
2025,market,Coby White,CHI,SG,24,74,33.1,20.4,3.7,4.5,12000000,16575358,-0.032544,train
2025,production,Coby White,CHI,SG,24,74,33.1,20.4,3.7,4.5,12000000,15589670,-0.025533,train
2025,market,Cole Anthony,ORL,PG,24,67,18.4,9.4,3.0,2.9,12900000,10643629,0.01605,train
2025,production,Cole Anthony,ORL,PG,24,67,18.4,9.4,3.0,2.9,12900000,10085167,0.020022,train
2025,market,Collin Sexton,UTA,SG,26,63,27.9,18.4,2.7,4.2,18350000,17731899,0.004397,train
2025,production,Collin Sexton,UTA,SG,26,63,27.9,18.4,2.7,4.2,18350000,19460973,-0.007902,train
2025,market,Corey Kispert,WAS,SF,25,61,26.3,11.6,3.0,1.7,5705887,6328724,-0.00443,train
2025,production,Corey Kispert,WAS,SF,25,61,26.3,11.6,3.0,1.7,5705887,8805274,-0.022046,train
2025,market,D'Angelo Russell,BKN,PG,28,58,25.5,12.6,2.8,5.1,18692307,18427303,0.001885,train
2025,production,D'Angelo Russell,BKN,PG,28,58,25.5,12.6,2.8,5.1,18692307,17810774,0.00627,train
2025,market,Dalano Banton,POR,PG,25,67,16.7,8.3,2.0,2.4,2196970,3868556,-0.01189,train
2025,production,Dalano Banton,POR,PG,25,67,16.7,8.3,2.0,2.4,2196970,3597143,-0.009959,train
2025,market,Dalen Terry,CHI,SG,22,73,13.5,4.5,1.7,1.3,3510480,3090143,0.00299,train
2025,production,Dalen Terry,CHI,SG,22,73,13.5,4.5,1.7,1.3,3510480,3285147,0.001603,train
2025,market,Dalton Knecht,LAL,SF,23,78,19.2,9.1,2.8,0.8,3819120,4267086,-0.003186,test
2025,production,Dalton Knecht,LAL,SF,23,78,19.2,9.1,2.8,0.8,3819120,6826134,-0.021389,test
2025,market,Damian Lillard,MIL,PG,34,58,36.1,24.9,4.7,7.1,48787676,48332536,0.003237,train
2025,production,Damian Lillard,MIL,PG,34,58,36.1,24.9,4.7,7.1,48787676,45078013,0.026387,train
2025,market,Daniel Gafford,DAL,C,26,57,21.5,12.3,6.8,1.4,13394160,11538227,0.013201,train
2025,production,Daniel Gafford,DAL,C,26,57,21.5,12.3,6.8,1.4,13394160,11279459,0.015042,train
2025,market,Darius Garland,CLE,PG,25,75,30.7,20.6,2.9,6.7,36725670,30572977,0.043764,train
2025,production,Darius Garland,CLE,PG,25,75,30.7,20.6,2.9,6.7,36725670,31586038,0.036558,train
2025,market,Davion Mitchell,MIA,PG,26,74,27.4,7.9,2.3,4.9,6451077,5925730,0.003737,train
2025,production,Davion Mitchell,MIA,PG,26,74,27.4,7.9,2.3,4.9,6451077,6028109,0.003009,train
2025,market,De'Aaron Fox,SAS,PG,27,62,36.1,23.5,4.8,6.3,34848340,36693122,-0.013122,test
2025,production,De'Aaron Fox,SAS,PG,27,62,36.1,23.5,4.8,6.3,34848340,24900902,0.070756,test
2025,market,De'Andre Hunter,CLE,SF,27,64,27.2,17.0,4.0,1.4,21696429,15205679,0.046169,test
2025,production,De'Andre Hunter,CLE,SF,27,64,27.2,17.0,4.0,1.4,21696429,14403603,0.051874,test
2025,market,DeAndre Jordan,DEN,C,36,56,12.3,3.7,5.1,0.9,2087519,3811259,-0.012261,train
2025,production,DeAndre Jordan,DEN,C,36,56,12.3,3.7,5.1,0.9,2087519,2682293,-0.004231,train
2025,market,DeMar DeRozan,SAC,SF,35,77,35.9,22.2,3.9,4.4,23400000,28918168,-0.039251,train
2025,production,DeMar DeRozan,SAC,SF,35,77,35.9,22.2,3.9,4.4,23400000,24022794,-0.00443,train
2025,market,Dean Wade,CLE,PF,28,59,21.2,5.4,4.2,1.3,6166667,9501535,-0.023721,test
2025,production,Dean Wade,CLE,PF,28,59,21.2,5.4,4.2,1.3,6166667,10759464,-0.032668,test
2025,market,Deni Avdija,POR,SF,24,72,30.0,16.9,7.3,3.9,15625000,19118721,-0.024851,train
2025,production,Deni Avdija,POR,SF,24,72,30.0,16.9,7.3,3.9,15625000,18084487,-0.017494,train
2025,market,Dennis Schroder,DET,PG,31,75,28.1,13.1,2.6,5.4,13025250,13395488,-0.002633,test
2025,production,Dennis Schroder,DET,PG,31,75,28.1,13.1,2.6,5.4,13025250,8720897,0.030617,test
2025,market,Derrick Jones Jr.,LAC,SF,27,77,24.3,10.1,3.4,0.8,9523810,9848503,-0.00231,train
2025,production,Derrick Jones Jr.,LAC,SF,27,77,24.3,10.1,3.4,0.8,9523810,9321421,0.00144,train
2025,market,Derrick White,BOS,SG,30,76,33.9,16.4,4.5,4.8,20071429,31674164,-0.08253,test
2025,production,Derrick White,BOS,SG,30,76,33.9,16.4,4.5,4.8,20071429,26951642,-0.048939,test
2025,market,Desmond Bane,MEM,SG,26,69,32.0,19.2,6.1,5.3,34005250,32633748,0.009755,train
2025,production,Desmond Bane,MEM,SG,26,69,32.0,19.2,6.1,5.3,34005250,32906327,0.007817,train
2025,market,Devin Booker,PHX,SG,28,75,37.3,25.6,4.1,7.1,49205800,43569899,0.040088,train
2025,production,Devin Booker,PHX,SG,28,75,37.3,25.6,4.1,7.1,49205800,39298407,0.070471,train
2025,market,Devin Vassell,SAS,SG,24,64,31.0,16.3,4.0,2.9,29347826,17386820,0.085078,test
2025,production,Devin Vassell,SAS,SG,24,64,31.0,16.3,4.0,2.9,29347826,15535853,0.098244,test
2025,market,Dillon Brooks,HOU,SF,29,75,31.8,14.0,3.7,1.7,22255493,21731167,0.00373,train
2025,production,Dillon Brooks,HOU,SF,29,75,31.8,14.0,3.7,1.7,22255493,20345442,0.013586,train
2025,market,Domantas Sabonis,SAC,C,28,70,34.7,19.1,13.9,6.0,40500000,35598997,0.034861,train
2025,production,Domantas Sabonis,SAC,C,28,70,34.7,19.1,13.9,6.0,40500000,35243658,0.037388,train
2025,market,Donovan Clingan,POR,C,20,67,19.8,6.5,7.9,1.1,6836400,6181955,0.004655,train
2025,production,Donovan Clingan,POR,C,20,67,19.8,6.5,7.9,1.1,6836400,7333369,-0.003535,train
2025,market,Donovan Mitchell,CLE,SG,28,71,31.4,24.0,4.5,5.0,35410310,35013501,0.002822,train
2025,production,Donovan Mitchell,CLE,SG,28,71,31.4,24.0,4.5,5.0,35410310,32168004,0.023062,train
2025,market,Donte DiVincenzo,MIN,SG,28,62,25.9,11.7,3.7,3.6,11445000,13018905,-0.011195,train
2025,production,Donte DiVincenzo,MIN,SG,28,62,25.9,11.7,3.7,3.6,11445000,13251431,-0.012849,train
2025,market,Dorian Finney-Smith,LAL,PF,31,63,28.9,8.7,3.9,1.4,14924167,13342455,0.011251,train
2025,production,Dorian Finney-Smith,LAL,PF,31,63,28.9,8.7,3.9,1.4,14924167,12870100,0.014611,train
2025,market,Draymond Green,GSW,PF,34,68,29.2,9.0,6.1,5.6,24107143,17763156,0.045125,test
2025,production,Draymond Green,GSW,PF,34,68,29.2,9.0,6.1,5.6,24107143,14861778,0.065762,test
2025,market,Drew Eubanks,LAC,C,27,61,12.2,4.6,3.7,0.9,5000000,5225269,-0.001602,train
2025,production,Drew Eubanks,LAC,C,27,61,12.2,4.6,3.7,0.9,5000000,4588243,0.002929,train
2025,market,Duncan Robinson,MIA,SF,30,74,24.1,11.0,2.3,2.4,19406000,17602531,0.012828,train
2025,production,Duncan Robinson,MIA,SF,30,74,24.1,11.0,2.3,2.4,19406000,15133859,0.030388,train
2025,market,Dwight Powell,DAL,C,33,55,10.0,2.1,2.1,1.0,4000000,5978305,-0.014072,test
2025,production,Dwight Powell,DAL,C,33,55,10.0,2.1,2.1,1.0,4000000,4990846,-0.007048,test
2025,market,Dyson Daniels,ATL,SG,21,76,33.8,14.1,5.9,4.4,6059520,7306446,-0.008869,train
2025,production,Dyson Daniels,ATL,SG,21,76,33.8,14.1,5.9,4.4,6059520,10755955,-0.033406,train
2025,market,Evan Mobley,CLE,PF,23,71,30.5,18.5,9.3,3.2,11227657,10059018,0.008313,train
2025,production,Evan Mobley,CLE,PF,23,71,30.5,18.5,9.3,3.2,11227657,15303019,-0.028988,train
2025,market,Franz Wagner,ORL,SF,23,60,33.7,24.2,5.7,4.7,7007092,9331705,-0.016535,train
2025,production,Franz Wagner,ORL,SF,23,60,33.7,24.2,5.7,4.7,7007092,15086308,-0.057467,train
2025,market,Fred VanVleet,HOU,PG,30,60,35.2,14.1,3.7,5.6,42846615,36302307,0.04655,train
2025,production,Fred VanVleet,HOU,PG,30,60,35.2,14.1,3.7,5.6,42846615,35801549,0.050111,train
2025,market,Gabe Vincent,LAL,PG,28,72,21.2,6.4,1.3,1.4,11000000,9605103,0.009922,train
2025,production,Gabe Vincent,LAL,PG,28,72,21.2,6.4,1.3,1.4,11000000,10069089,0.006622,train
2025,market,Gary Payton II,GSW,SG,32,62,15.0,6.5,3.0,1.3,9130000,7631920,0.010656,test
2025,production,Gary Payton II,GSW,SG,32,62,15.0,6.5,3.0,1.3,9130000,4942532,0.029785,test
2025,market,Gary Trent Jr.,MIL,SG,26,74,25.6,11.1,2.3,1.2,2087519,4621623,-0.018025,train
2025,production,Gary Trent Jr.,MIL,SG,26,74,25.6,11.1,2.3,1.2,2087519,4893685,-0.01996,train
2025,market,Georges Niang,ATL,PF,31,79,21.5,9.9,3.4,1.4,8500000,9501990,-0.007127,train
2025,production,Georges Niang,ATL,PF,31,79,21.5,9.9,3.4,1.4,8500000,8533142,-0.000236,train
2025,market,Giannis Antetokounmpo,MIL,PF,30,67,34.2,30.4,11.9,6.5,48787676,48623556,0.001167,train
2025,production,Giannis Antetokounmpo,MIL,PF,30,67,34.2,30.4,11.9,6.5,48787676,46081290,0.01925,train
2025,market,Goga Bitadze,ORL,C,25,70,20.4,7.2,6.6,2.0,9057971,7975686,0.007698,train
2025,production,Goga Bitadze,ORL,C,25,70,20.4,7.2,6.6,2.0,9057971,8120668,0.006667,train
2025,market,Grayson Allen,PHX,SG,29,64,24.1,10.6,3.0,2.1,15625000,9658099,0.042442,test
2025,production,Grayson Allen,PHX,SG,29,64,24.1,10.6,3.0,2.1,15625000,8468854,0.050902,test
2025,market,Guerschon Yabusele,PHI,C,29,70,27.1,11.0,5.6,2.1,2087519,6743207,-0.033116,train
2025,production,Guerschon Yabusele,PHI,C,29,70,27.1,11.0,5.6,2.1,2087519,4507215,-0.017211,train
2025,market,Gui Santos,GSW,PF,22,56,13.6,4.1,3.1,1.4,1891857,2443786,-0.003926,train
2025,production,Gui Santos,GSW,PF,22,56,13.6,4.1,3.1,1.4,1891857,2444057,-0.003928,train
2025,market,Harrison Barnes,SAS,PF,32,82,27.2,12.3,3.8,1.7,18000000,17163268,0.005952,train
2025,production,Harrison Barnes,SAS,PF,32,82,27.2,12.3,3.8,1.7,18000000,15375264,0.01867,train
2025,market,Haywood Highsmith,MIA,SF,28,74,24.6,6.5,3.4,1.5,5200000,6670842,-0.010462,train
2025,production,Haywood Highsmith,MIA,SF,28,74,24.6,6.5,3.4,1.5,5200000,6324388,-0.007998,train
2025,market,Isaac Okoro,CLE,SG,24,55,19.1,6.1,2.4,1.2,10185186,7224882,0.021057,train
2025,production,Isaac Okoro,CLE,SG,24,55,19.1,6.1,2.4,1.2,10185186,9475986,0.005045,train
2025,market,Isaiah Collier,UTA,PG,20,71,25.9,8.7,3.3,6.3,2512680,3866952,-0.009633,train
2025,production,Isaiah Collier,UTA,PG,20,71,25.9,8.7,3.3,6.3,2512680,4927761,-0.017178,train
2025,market,Isaiah Hartenstein,OKC,C,26,57,27.9,11.2,10.7,3.8,30000000,23960928,0.042956,train
2025,production,Isaiah Hartenstein,OKC,C,26,57,27.9,11.2,10.7,3.8,30000000,24733334,0.037462,train
2025,market,Isaiah Joe,OKC,SG,25,74,21.7,10.2,2.6,1.6,12991650,9338620,0.025984,train
2025,production,Isaiah Joe,OKC,SG,25,74,21.7,10.2,2.6,1.6,12991650,10719360,0.016163,train
2025,market,Isaiah Stewart,DET,C,23,72,19.9,6.0,5.5,1.7,15000000,10534614,0.031762,train
2025,production,Isaiah Stewart,DET,C,23,72,19.9,6.0,5.5,1.7,15000000,11425281,0.025427,train
2025,market,Ivica Zubac,LAC,C,27,80,32.8,16.8,12.6,2.7,11743210,17347709,-0.039865,train
2025,production,Ivica Zubac,LAC,C,27,80,32.8,16.8,12.6,2.7,11743210,16607186,-0.034597,train
2025,market,Jabari Smith Jr.,HOU,PF,21,57,30.1,12.2,7.0,1.1,9770880,9976168,-0.00146,train
2025,production,Jabari Smith Jr.,HOU,PF,21,57,30.1,12.2,7.0,1.1,9770880,12878212,-0.022102,train
2025,market,Jabari Walker,POR,SF,22,60,12.5,5.2,3.5,0.6,2019699,2285239,-0.001889,train
2025,production,Jabari Walker,POR,SF,22,60,12.5,5.2,3.5,0.6,2019699,2493661,-0.003371,train
2025,market,Jaden Hardy,DAL,SG,22,57,15.9,8.7,1.6,1.4,2019699,2815187,-0.005658,train
2025,production,Jaden Hardy,DAL,SG,22,57,15.9,8.7,1.6,1.4,2019699,3816769,-0.012783,train
2025,market,Jaden McDaniels,MIN,PF,24,82,31.9,12.2,5.7,2.0,23017242,19386174,0.025828,train
2025,production,Jaden McDaniels,MIN,PF,24,82,31.9,12.2,5.7,2.0,23017242,19656718,0.023903,train
2025,market,Jaime Jaquez Jr.,MIA,SF,23,66,20.7,8.6,4.4,2.5,3685800,3824737,-0.000988,train
2025,production,Jaime Jaquez Jr.,MIA,SF,23,66,20.7,8.6,4.4,2.5,3685800,4217482,-0.003782,train
2025,market,Jake LaRavia,SAC,PF,23,66,20.4,6.9,3.9,2.4,3352680,3416198,-0.000452,train
2025,production,Jake LaRavia,SAC,PF,23,66,20.4,6.9,3.9,2.4,3352680,5186791,-0.013046,train
2025,market,Jakob Poeltl,TOR,C,29,57,29.6,14.5,9.6,2.8,19500000,20799090,-0.00924,train
2025,production,Jakob Poeltl,TOR,C,29,57,29.6,14.5,9.6,2.8,19500000,19861008,-0.002568,train
2025,market,Jalen Brunson,NYK,PG,28,65,35.4,26.0,2.9,7.3,24960001,39158008,-0.10099,test
2025,production,Jalen Brunson,NYK,PG,28,65,35.4,26.0,2.9,7.3,24960001,27200635,-0.015938,test
2025,market,Jalen Duren,DET,C,21,78,26.1,11.8,10.3,2.7,4536840,8512416,-0.028278,test
2025,production,Jalen Duren,DET,C,21,78,26.1,11.8,10.3,2.7,4536840,16719192,-0.086653,test
2025,market,Jalen Green,HOU,SG,22,82,32.9,21.0,4.6,3.4,12483048,10641032,0.013102,train
2025,production,Jalen Green,HOU,SG,22,82,32.9,21.0,4.6,3.4,12483048,14157760,-0.011912,train
2025,market,Jalen Smith,CHI,C,24,64,15.0,8.2,5.6,1.0,8571429,6856928,0.012195,train
2025,production,Jalen Smith,CHI,C,24,64,15.0,8.2,5.6,1.0,8571429,7605291,0.006872,train
2025,market,Jalen Williams,OKC,SG,23,69,32.4,21.6,5.3,5.1,4775760,7818508,-0.021643,train
2025,production,Jalen Williams,OKC,SG,23,69,32.4,21.6,5.3,5.1,4775760,14477077,-0.069005,train
2025,market,Jalen Wilson,BKN,PF,24,79,25.7,9.5,3.4,1.8,1891857,3666241,-0.012621,train
2025,production,Jalen Wilson,BKN,PF,24,79,25.7,9.5,3.4,1.8,1891857,3183716,-0.009189,train
2025,market,Jamal Murray,DEN,PG,27,67,36.1,21.4,3.9,6.0,36016200,33425007,0.018431,train
2025,production,Jamal Murray,DEN,PG,27,67,36.1,21.4,3.9,6.0,36016200,32609528,0.024232,train
2025,market,Jamal Shead,TOR,PG,22,75,19.6,7.1,1.5,4.2,1862265,5039049,-0.022596,test
2025,production,Jamal Shead,TOR,PG,22,75,19.6,7.1,1.5,4.2,1862265,4214243,-0.01673,test
2025,market,James Harden,LAC,PG,35,79,35.3,22.8,5.8,8.7,33653846,38486422,-0.034374,train
2025,production,James Harden,LAC,PG,35,79,35.3,22.8,5.8,8.7,33653846,34643833,-0.007042,train
2025,market,Jamison Battle,TOR,SF,23,59,17.7,7.1,2.7,0.9,1000000,2298717,-0.009238,train
2025,production,Jamison Battle,TOR,SF,23,59,17.7,7.1,2.7,0.9,1000000,2455241,-0.010351,train
2025,market,Jarace Walker,IND,PF,21,75,15.8,6.1,3.1,1.5,6362520,5966699,0.002815,train
2025,production,Jarace Walker,IND,PF,21,75,15.8,6.1,3.1,1.5,6362520,6066679,0.002104,train
2025,market,Jared Butler,PHI,SG,24,60,17.4,9.0,1.8,3.7,745726,2188077,-0.010259,train
2025,production,Jared Butler,PHI,SG,24,60,17.4,9.0,1.8,3.7,745726,2983391,-0.015916,train
2025,market,Jaren Jackson Jr.,MEM,C,25,74,29.8,22.2,5.6,2.0,25257798,28535259,-0.023313,test
2025,production,Jaren Jackson Jr.,MEM,C,25,74,29.8,22.2,5.6,2.0,25257798,25941311,-0.004862,test
2025,market,Jarrett Allen,CLE,C,26,82,28.0,13.5,9.7,1.9,20000000,17298630,0.019215,train
2025,production,Jarrett Allen,CLE,C,26,82,28.0,13.5,9.7,1.9,20000000,17775204,0.015825,train
2025,market,Javonte Green,CLE,SG,31,68,18.5,5.1,3.2,0.8,2328350,6298083,-0.028237,test
2025,production,Javonte Green,CLE,SG,31,68,18.5,5.1,3.2,0.8,2328350,3950147,-0.011536,test
2025,market,Jaxson Hayes,LAL,C,24,56,19.5,6.8,4.8,1.0,2463946,3601073,-0.008088,train
2025,production,Jaxson Hayes,LAL,C,24,56,19.5,6.8,4.8,1.0,2463946,6108975,-0.025927,train
2025,market,Jay Huff,MEM,C,26,64,11.7,6.9,2.0,0.6,2088033,3498902,-0.010035,train
2025,production,Jay Huff,MEM,C,26,64,11.7,6.9,2.0,0.6,2088033,2943903,-0.006088,train
2025,market,Jaylen Brown,BOS,SF,28,63,34.3,22.2,5.8,4.5,49205800,41814771,0.052572,train
2025,production,Jaylen Brown,BOS,SF,28,63,34.3,22.2,5.8,4.5,49205800,40479758,0.062068,train
2025,market,Jaylen Wells,MEM,SG,21,79,25.9,10.4,3.4,1.7,1157153,2771276,-0.011481,train
2025,production,Jaylen Wells,MEM,SG,21,79,25.9,10.4,3.4,1.7,1157153,4039582,-0.020503,train
2025,market,Jayson Tatum,BOS,PF,26,72,36.4,26.8,8.7,6.0,34848340,36198222,-0.009602,test
2025,production,Jayson Tatum,BOS,PF,26,72,36.4,26.8,8.7,6.0,34848340,33218731,0.011591,test
2025,market,Jeremiah Robinson-Earl,NOP,PF,24,66,18.8,6.3,4.8,1.3,2196970,4384395,-0.015559,test
2025,production,Jeremiah Robinson-Earl,NOP,PF,24,66,18.8,6.3,4.8,1.3,2196970,6786970,-0.032649,test
2025,market,Jett Howard,ORL,SF,21,60,11.7,4.5,1.2,0.7,5278320,4758693,0.003696,train
2025,production,Jett Howard,ORL,SF,21,60,11.7,4.5,1.2,0.7,5278320,4965123,0.002228,train
2025,market,Jimmy Butler,GSW,SF,35,55,31.7,17.5,5.4,5.4,48798677,37675093,0.079122,test
2025,production,Jimmy Butler,GSW,SF,35,55,31.7,17.5,5.4,5.4,48798677,29313867,0.138595,test
2025,market,Johnny Juzang,UTA,SG,23,64,19.8,8.9,2.9,1.1,3087519,3591382,-0.003584,test
2025,production,Johnny Juzang,UTA,SG,23,64,19.8,8.9,2.9,1.1,3087519,5066743,-0.014078,test
2025,market,Jonas Valanciunas,SAC,C,32,81,18.8,10.4,7.7,2.0,9900000,10853340,-0.006781,train
2025,production,Jonas Valanciunas,SAC,C,32,81,18.8,10.4,7.7,2.0,9900000,10576606,-0.004813,train
2025,market,Jonathan Isaac,ORL,PF,27,71,15.4,5.4,4.4,0.6,25000000,19434135,0.03959,train
2025,production,Jonathan Isaac,ORL,PF,27,71,15.4,5.4,4.4,0.6,25000000,18662248,0.04508,train
2025,market,Jonathan Mogbo,TOR,PF,23,63,20.4,6.2,4.9,2.3,1862265,3250127,-0.009872,test
2025,production,Jonathan Mogbo,TOR,PF,23,63,20.4,6.2,4.9,2.3,1862265,6475963,-0.032817,test
2025,market,Jordan Hawkins,NOP,SG,22,56,23.6,10.8,2.8,1.2,4525680,4508326,0.000123,train
2025,production,Jordan Hawkins,NOP,SG,22,56,23.6,10.8,2.8,1.2,4525680,4861709,-0.00239,train
2025,market,Jordan Poole,WAS,SG,25,68,29.4,20.5,3.0,4.5,29651786,27284952,0.016835,train
2025,production,Jordan Poole,WAS,SG,25,68,29.4,20.5,3.0,4.5,29651786,31214572,-0.011116,train
2025,market,Jose Alvarado,NOP,PG,26,56,24.4,10.3,2.4,4.6,1988598,5053493,-0.021801,train
2025,production,Jose Alvarado,NOP,PG,26,56,24.4,10.3,2.4,4.6,1988598,5578017,-0.025531,train
2025,market,Josh Giddey,CHI,PG,22,70,30.2,14.6,8.1,7.2,8352367,8024840,0.00233,train
2025,production,Josh Giddey,CHI,PG,22,70,30.2,14.6,8.1,7.2,8352367,12985033,-0.032952,train
2025,market,Josh Green,CHA,SG,24,68,27.8,7.4,2.5,1.6,12654321,10042892,0.018575,train
2025,production,Josh Green,CHA,SG,24,68,27.8,7.4,2.5,1.6,12654321,12330123,0.002306,train
2025,market,Josh Hart,NYK,SG,29,77,37.6,13.6,9.6,5.9,18144000,19200392,-0.007514,train
2025,production,Josh Hart,NYK,SG,29,77,37.6,13.6,9.6,5.9,18144000,18920125,-0.005521,train
2025,market,Jrue Holiday,BOS,PG,34,62,30.6,11.1,4.3,3.9,30000000,23901895,0.043376,train
2025,production,Jrue Holiday,BOS,PG,34,62,30.6,11.1,4.3,3.9,30000000,24624091,0.038239,train
2025,market,Julian Champagnie,SAS,SF,23,82,23.6,9.9,3.9,1.4,3000000,4238001,-0.008806,train
2025,production,Julian Champagnie,SAS,SF,23,82,23.6,9.9,3.9,1.4,3000000,4389942,-0.009887,train
2025,market,Julian Phillips,CHI,SF,21,79,14.2,4.6,2.1,0.5,1891857,2375230,-0.003438,train
2025,production,Julian Phillips,CHI,SF,21,79,14.2,4.6,2.1,0.5,1891857,2593931,-0.004994,train
2025,market,Julian Strawther,DEN,SG,22,65,21.3,9.0,2.2,1.3,2552520,3881549,-0.009453,test
2025,production,Julian Strawther,DEN,SG,22,65,21.3,9.0,2.2,1.3,2552520,6202109,-0.025959,test
2025,market,Julius Randle,MIN,PF,30,69,32.3,18.7,7.1,4.7,33073920,33416006,-0.002433,train
2025,production,Julius Randle,MIN,PF,30,69,32.3,18.7,7.1,4.7,33073920,27749572,0.037872,train
2025,market,Justin Champagnie,WAS,SF,23,62,21.6,8.8,5.7,1.0,1800000,2582703,-0.005567,train
2025,production,Justin Champagnie,WAS,SF,23,62,21.6,8.8,5.7,1.0,1800000,3020771,-0.008683,train
2025,market,Karl-Anthony Towns,NYK,C,29,72,35.0,24.4,12.8,3.1,49205800,45774526,0.024407,train
2025,production,Karl-Anthony Towns,NYK,C,29,72,35.0,24.4,12.8,3.1,49205800,44384300,0.034295,train
2025,market,Keegan Murray,SAC,PF,24,76,34.3,12.4,6.7,1.4,8809560,12225566,-0.024298,train
2025,production,Keegan Murray,SAC,PF,24,76,34.3,12.4,6.7,1.4,8809560,11990707,-0.022627,train
2025,market,Kel'el Ware,MIA,C,20,64,22.2,9.3,7.4,0.9,4231800,5478472,-0.008868,train
2025,production,Kel'el Ware,MIA,C,20,64,22.2,9.3,7.4,0.9,4231800,6291068,-0.014648,train
2025,market,Keldon Johnson,SAS,SF,25,77,23.9,12.7,4.8,1.6,19000000,7850015,0.07931,test
2025,production,Keldon Johnson,SAS,SF,25,77,23.9,12.7,4.8,1.6,19000000,11969896,0.050005,test
2025,market,Kelly Oubre Jr.,PHI,SF,29,60,34.6,15.1,6.1,1.8,7983000,11152262,-0.022543,train
2025,production,Kelly Oubre Jr.,PHI,SF,29,60,34.6,15.1,6.1,1.8,7983000,10836881,-0.0203,train
2025,market,Kenrich Williams,OKC,PF,30,69,16.4,6.3,3.5,1.4,6669000,7049060,-0.002703,train
2025,production,Kenrich Williams,OKC,PF,30,69,16.4,6.3,3.5,1.4,6669000,5998007,0.004773,train
2025,market,Kentavious Caldwell-Pope,ORL,SG,31,77,29.6,8.7,2.2,1.8,22757000,15021959,0.055019,test
2025,production,Kentavious Caldwell-Pope,ORL,SG,31,77,29.6,8.7,2.2,1.8,22757000,12727344,0.071341,test
2025,market,Keon Ellis,SAC,SG,25,80,24.4,8.3,2.7,1.5,2120693,3873302,-0.012466,train
2025,production,Keon Ellis,SAC,SG,25,80,24.4,8.3,2.7,1.5,2120693,4320521,-0.015647,train
2025,market,Keon Johnson,BKN,SG,22,79,24.4,10.6,3.8,2.2,2162606,3463316,-0.009252,train
2025,production,Keon Johnson,BKN,SG,22,79,24.4,10.6,3.8,2.2,2162606,4795072,-0.018725,train
2025,market,Kevin Durant,PHX,PF,36,62,36.5,26.6,6.0,4.2,51179021,47779517,0.024181,test
2025,production,Kevin Durant,PHX,PF,36,62,36.5,26.6,6.0,4.2,51179021,38940553,0.087052,test
2025,market,Kevin Huerter,CHI,SG,26,69,24.3,9.9,3.0,2.3,16830357,6523174,0.073315,test
2025,production,Kevin Huerter,CHI,SG,26,69,24.3,9.9,3.0,2.3,16830357,7757630,0.064534,test
2025,market,Kevin Porter Jr.,MIL,SG,24,75,19.8,10.3,3.7,3.4,3366937,4559297,-0.008481,train
2025,production,Kevin Porter Jr.,MIL,SG,24,75,19.8,10.3,3.7,3.4,3366937,4844190,-0.010508,train
2025,market,Kevon Looney,GSW,C,28,76,15.0,4.5,6.1,1.6,8000000,8388705,-0.002765,train
2025,production,Kevon Looney,GSW,C,28,76,15.0,4.5,6.1,1.6,8000000,7758756,0.001716,train
2025,market,Keyonte George,UTA,PG,21,67,31.5,16.8,3.8,5.6,4084200,8658631,-0.032538,test
2025,production,Keyonte George,UTA,PG,21,67,31.5,16.8,3.8,5.6,4084200,19193411,-0.107472,test
2025,market,Klay Thompson,DAL,SF,34,72,27.3,14.0,3.4,2.0,15873016,19068666,-0.022731,train
2025,production,Klay Thompson,DAL,SF,34,72,27.3,14.0,3.4,2.0,15873016,15702457,0.001213,train
2025,market,Kris Dunn,LAC,PG,30,74,24.1,6.4,3.4,2.8,5168000,7640372,-0.017586,train
2025,production,Kris Dunn,LAC,PG,30,74,24.1,6.4,3.4,2.8,5168000,6636265,-0.010444,train
2025,market,Kris Murray,POR,SF,24,69,15.1,4.2,2.6,1.0,2990040,2824073,0.001181,train
2025,production,Kris Murray,POR,SF,24,69,15.1,4.2,2.6,1.0,2990040,5192676,-0.015667,train
2025,market,Kyle Anderson,MIA,PF,31,61,16.4,5.9,3.4,2.4,8780488,8196525,0.004154,train
2025,production,Kyle Anderson,MIA,PF,31,61,16.4,5.9,3.4,2.4,8780488,7326391,0.010343,train
2025,market,Kyle Filipowski,UTA,C,21,72,21.1,9.6,6.1,1.9,3000000,3263935,-0.001877,train
2025,production,Kyle Filipowski,UTA,C,21,72,21.1,9.6,6.1,1.9,3000000,3656977,-0.004673,train
2025,market,Kyle Kuzma,MIL,PF,29,65,29.8,14.8,5.7,2.3,24456061,23652441,0.005716,train
2025,production,Kyle Kuzma,MIL,PF,29,65,29.8,14.8,5.7,2.3,24456061,19584746,0.03465,train
2025,market,Kyshawn George,WAS,SG,21,68,26.5,8.7,4.2,2.5,2825520,4133782,-0.009306,train
2025,production,Kyshawn George,WAS,SG,21,68,26.5,8.7,4.2,2.5,2825520,5861170,-0.021593,train
2025,market,LeBron James,LAL,SF,40,70,34.9,24.4,7.8,8.2,48728845,49118577,-0.002772,train
2025,production,LeBron James,LAL,SF,40,70,34.9,24.4,7.8,8.2,48728845,44221341,0.032062,train
2025,market,Luguentz Dort,OKC,SF,25,71,29.2,10.1,4.1,1.6,16500000,14184325,0.016471,train
2025,production,Luguentz Dort,OKC,SF,25,71,29.2,10.1,4.1,1.6,16500000,15788465,0.005061,train
2025,market,Luke Kennard,MEM,SG,28,65,22.6,8.9,2.8,3.3,9250000,9001992,0.001764,train
2025,production,Luke Kennard,MEM,SG,28,65,22.6,8.9,2.8,3.3,9250000,9134940,0.000818,train
2025,market,Luke Kornet,BOS,C,29,73,18.6,6.0,5.3,1.6,2087519,5531239,-0.024495,train
2025,production,Luke Kornet,BOS,C,29,73,18.6,6.0,5.3,1.6,2087519,2756051,-0.004755,train
2025,market,Malik Beasley,DET,SG,28,82,27.8,16.3,2.6,1.7,6000000,9154880,-0.022441,train
2025,production,Malik Beasley,DET,SG,28,82,27.8,16.3,2.6,1.7,6000000,10118751,-0.029297,train
2025,market,Malik Monk,SAC,SG,26,65,31.6,17.2,3.8,5.6,17405203,19591194,-0.015549,train
2025,production,Malik Monk,SAC,SG,26,65,31.6,17.2,3.8,5.6,17405203,17884008,-0.003406,train
2025,market,Marcus Sasser,DET,PG,24,57,14.2,6.6,1.2,2.3,2755080,2788021,-0.000234,train
2025,production,Marcus Sasser,DET,PG,24,57,14.2,6.6,1.2,2.3,2755080,3396771,-0.004564,train
2025,market,Mason Plumlee,PHX,C,34,74,17.6,4.5,6.1,1.8,2087519,5334677,-0.023097,train
2025,production,Mason Plumlee,PHX,C,34,74,17.6,4.5,6.1,1.8,2087519,4244272,-0.015341,train
2025,market,Matas Buzelis,CHI,SF,20,80,18.9,8.6,3.5,1.0,5195520,4903267,0.002079,train
2025,production,Matas Buzelis,CHI,SF,20,80,18.9,8.6,3.5,1.0,5195520,4656336,0.003835,train
2025,market,Max Christie,DAL,SG,21,78,27.3,9.6,3.3,1.9,7142857,6224259,0.006534,train
2025,production,Max Christie,DAL,SG,21,78,27.3,9.6,3.3,1.9,7142857,7390471,-0.001761,train
2025,market,Michael Porter Jr.,DEN,SF,26,77,33.7,18.2,7.0,2.1,35859950,31213912,0.033047,train
2025,production,Michael Porter Jr.,DEN,SF,26,77,33.7,18.2,7.0,2.1,35859950,30029931,0.041469,train
2025,market,Mikal Bridges,NYK,SF,28,82,37.0,17.6,3.2,3.7,23300000,23830793,-0.003776,train
2025,production,Mikal Bridges,NYK,SF,28,82,37.0,17.6,3.2,3.7,23300000,22606587,0.004932,train
2025,market,Mike Conley,MIN,PG,37,71,24.7,8.2,2.6,4.5,9975962,11231393,-0.00893,train
2025,production,Mike Conley,MIN,PG,37,71,24.7,8.2,2.6,4.5,9975962,10376151,-0.002847,train
2025,market,Miles Bridges,CHA,PF,26,64,31.7,20.3,7.5,3.9,27173913,28063763,-0.006329,train
2025,production,Miles Bridges,CHA,PF,26,64,31.7,20.3,7.5,3.9,27173913,25326282,0.013142,train
2025,market,Miles McBride,NYK,PG,24,64,24.9,9.5,2.5,2.9,4710144,4713438,-2.3e-05,train
2025,production,Miles McBride,NYK,PG,24,64,24.9,9.5,2.5,2.9,4710144,7281415,-0.018289,train
2025,market,Moses Moody,GSW,SG,22,74,22.3,9.8,2.6,1.3,5803269,3883088,0.013658,test
2025,production,Moses Moody,GSW,SG,22,74,22.3,9.8,2.6,1.3,5803269,5941244,-0.000981,test
2025,market,Moussa Diabate,CHA,C,23,71,17.5,5.7,6.2,0.8,957763,2361364,-0.009984,train
2025,production,Moussa Diabate,CHA,C,23,71,17.5,5.7,6.2,0.8,957763,2734565,-0.012638,train
2025,market,Myles Turner,IND,C,28,72,30.2,15.6,6.5,1.5,19928500,21577407,-0.011729,train
2025,production,Myles Turner,IND,C,28,72,30.2,15.6,6.5,1.5,19928500,19587087,0.002428,train
2025,market,Naji Marshall,DAL,SF,27,69,27.8,13.2,4.8,3.0,8571429,16547928,-0.056737,test
2025,production,Naji Marshall,DAL,SF,27,69,27.8,13.2,4.8,3.0,8571429,9559648,-0.007029,test
2025,market,Naz Reid,MIN,C,25,80,27.5,14.2,6.0,2.3,13986432,8431462,0.039512,test
2025,production,Naz Reid,MIN,C,25,80,27.5,14.2,6.0,2.3,13986432,9845291,0.029456,test
2025,market,Neemias Queta,BOS,C,25,62,13.9,5.0,3.8,0.7,2162606,2514683,-0.002504,train
2025,production,Neemias Queta,BOS,C,25,62,13.9,5.0,3.8,0.7,2162606,2537491,-0.002667,train
2025,market,Nic Claxton,BKN,C,25,70,26.9,10.3,7.4,2.2,27556817,18538317,0.064148,train
2025,production,Nic Claxton,BKN,C,25,70,26.9,10.3,7.4,2.2,27556817,22932570,0.032892,train
2025,market,Nick Richards,PHX,C,27,57,22.0,9.3,8.2,0.9,5000000,6087554,-0.007736,train
2025,production,Nick Richards,PHX,C,27,57,22.0,9.3,8.2,0.9,5000000,6590090,-0.01131,train
2025,market,Nick Smith Jr.,CHA,SG,20,60,22.8,9.9,2.1,2.4,2587200,4492018,-0.013549,train
2025,production,Nick Smith Jr.,CHA,SG,20,60,22.8,9.9,2.1,2.4,2587200,4057250,-0.010456,train
2025,market,Nickeil Alexander-Walker,MIN,SG,26,82,25.3,9.4,3.2,2.7,4312500,5041074,-0.005182,train
2025,production,Nickeil Alexander-Walker,MIN,SG,26,82,25.3,9.4,3.2,2.7,4312500,5095616,-0.00557,train
2025,market,Nicolas Batum,LAC,PF,36,78,17.5,4.0,2.8,1.1,4668000,5612267,-0.006717,train
2025,production,Nicolas Batum,LAC,PF,36,78,17.5,4.0,2.8,1.1,4668000,5617859,-0.006756,train
2025,market,Nikola Jokic,DEN,C,29,70,36.7,29.6,12.7,10.2,51415938,50458571,0.00681,train
2025,production,Nikola Jokic,DEN,C,29,70,36.7,29.6,12.7,10.2,51415938,48370041,0.021665,train
2025,market,Nikola Vucevic,CHI,C,34,73,31.2,18.5,10.1,3.5,20000000,26665727,-0.047413,train
2025,production,Nikola Vucevic,CHI,C,34,73,31.2,18.5,10.1,3.5,20000000,22591834,-0.018436,train
2025,market,Norman Powell,LAC,SG,31,60,32.6,21.8,3.2,2.1,19241379,23569000,-0.030782,train
2025,production,Norman Powell,LAC,SG,31,60,32.6,21.8,3.2,2.1,19241379,19005128,0.00168,train
2025,market,OG Anunoby,NYK,PF,27,74,36.6,18.0,4.8,2.2,36637932,27322395,0.066261,test
2025,production,OG Anunoby,NYK,PF,27,74,36.6,18.0,4.8,2.2,36637932,20604966,0.114042,test
2025,market,Obi Toppin,IND,PF,26,79,19.6,10.5,4.0,1.6,12975000,5417455,0.053757,test
2025,production,Obi Toppin,IND,PF,26,79,19.6,10.5,4.0,1.6,12975000,5783480,0.051153,test
2025,market,Ochai Agbaji,TOR,SG,24,64,27.2,10.4,3.8,1.5,4310280,6748877,-0.017346,test
2025,production,Ochai Agbaji,TOR,SG,24,64,27.2,10.4,3.8,1.5,4310280,8611992,-0.030598,test
2025,market,Onyeka Okongwu,ATL,C,24,74,27.9,13.4,8.9,2.3,14000000,14556683,-0.00396,test
2025,production,Onyeka Okongwu,ATL,C,24,74,27.9,13.4,8.9,2.3,14000000,10924155,0.021878,test
2025,market,Oso Ighodaro,PHX,PF,22,61,17.1,4.2,3.6,1.2,1157153,2109058,-0.006771,train
2025,production,Oso Ighodaro,PHX,PF,22,61,17.1,4.2,3.6,1.2,1157153,3318517,-0.015374,train
2025,market,P.J. Washington,DAL,PF,26,57,32.2,14.7,7.8,2.3,15500000,17687232,-0.015558,train
2025,production,P.J. Washington,DAL,PF,26,57,32.2,14.7,7.8,2.3,15500000,17033682,-0.010909,train
2025,market,Pascal Siakam,IND,PF,30,78,32.7,20.2,6.9,3.4,42176400,40682177,0.010628,train
2025,production,Pascal Siakam,IND,PF,30,78,32.7,20.2,6.9,3.4,42176400,35286286,0.049009,train
2025,market,Patrick Williams,CHI,PF,23,63,25.0,9.0,3.8,2.0,18000000,12598358,0.038422,train
2025,production,Patrick Williams,CHI,PF,23,63,25.0,9.0,3.8,2.0,18000000,14328665,0.026114,train
2025,market,Payton Pritchard,BOS,PG,27,80,28.4,14.3,3.8,3.5,6696429,9927075,-0.02298,train
2025,production,Payton Pritchard,BOS,PG,27,80,28.4,14.3,3.8,3.5,6696429,10211564,-0.025003,train
2025,market,Pelle Larsson,MIA,SG,23,55,14.2,4.6,1.7,1.2,1157153,1755413,-0.004255,train
2025,production,Pelle Larsson,MIA,SG,23,55,14.2,4.6,1.7,1.2,1157153,2306663,-0.008176,train
2025,market,Peyton Watson,DEN,SF,22,68,24.4,8.1,3.4,1.4,2413560,3538375,-0.008001,train
2025,production,Peyton Watson,DEN,SF,22,68,24.4,8.1,3.4,1.4,2413560,4042877,-0.011589,train
2025,market,Precious Achiuwa,NYK,C,25,57,20.5,6.6,5.6,1.0,6000000,5571540,0.003048,train
2025,production,Precious Achiuwa,NYK,C,25,57,20.5,6.6,5.6,1.0,6000000,5610903,0.002768,train
2025,market,Quentin Grimes,PHI,SG,24,75,26.8,14.6,4.3,3.0,4296682,4641461,-0.002452,train
2025,production,Quentin Grimes,PHI,SG,24,75,26.8,14.6,4.3,3.0,4296682,5868716,-0.011182,train
2025,market,RJ Barrett,TOR,SF,24,58,32.2,21.1,6.3,5.4,25794643,30093679,-0.030579,train
2025,production,RJ Barrett,TOR,SF,24,58,32.2,21.1,6.3,5.4,25794643,26252961,-0.00326,train
2025,market,Ricky Council IV,PHI,SF,23,73,17.1,7.3,2.9,1.3,1891857,2390032,-0.003544,train
2025,production,Ricky Council IV,PHI,SF,23,73,17.1,7.3,2.9,1.3,1891857,4607698,-0.019318,train
2025,market,Ron Holland,DET,SF,19,81,15.6,6.4,2.7,1.0,8245320,6976975,0.009022,train
2025,production,Ron Holland,DET,SF,19,81,15.6,6.4,2.7,1.0,8245320,7364929,0.006262,train
2025,market,Royce O'Neale,PHX,SF,31,75,24.5,9.1,4.7,2.2,9375000,10296168,-0.006552,train
2025,production,Royce O'Neale,PHX,SF,31,75,24.5,9.1,4.7,2.2,9375000,9633273,-0.001837,train
2025,market,Rudy Gobert,MIN,C,32,72,33.2,12.0,10.9,1.8,43827586,39068683,0.03385,train
2025,production,Rudy Gobert,MIN,C,32,72,33.2,12.0,10.9,1.8,43827586,34208273,0.068422,train
2025,market,Rui Hachimura,LAL,PF,26,59,31.7,13.1,5.0,1.4,17000000,17259727,-0.001847,train
2025,production,Rui Hachimura,LAL,PF,26,59,31.7,13.1,5.0,1.4,17000000,14679733,0.016504,train
2025,market,Russell Westbrook,DEN,PG,36,75,27.9,13.3,4.9,6.1,5631296,8671719,-0.021626,train
2025,production,Russell Westbrook,DEN,PG,36,75,27.9,13.3,4.9,6.1,5631296,6208978,-0.004109,train
2025,market,Ryan Dunn,PHX,SF,22,74,19.1,6.9,3.6,0.8,2530800,2925270,-0.002806,train
2025,production,Ryan Dunn,PHX,SF,22,74,19.1,6.9,3.6,0.8,2530800,3918458,-0.00987,train
2025,market,Ryan Rollins,MIL,PG,22,56,14.6,6.2,1.9,1.9,1091887,1697956,-0.004311,train
2025,production,Ryan Rollins,MIL,PG,22,56,14.6,6.2,1.9,1.9,1091887,2894510,-0.012822,train
2025,market,Sam Hauser,BOS,PF,27,71,21.7,8.5,3.2,0.9,2092344,4158315,-0.014695,train
2025,production,Sam Hauser,BOS,PF,27,71,21.7,8.5,3.2,0.9,2092344,3416224,-0.009417,train
2025,market,Sam Merrill,CLE,SG,28,71,19.7,7.2,2.2,1.5,2164993,3993031,-0.013003,train
2025,production,Sam Merrill,CLE,SG,28,71,19.7,7.2,2.2,1.5,2164993,3001140,-0.005947,train
2025,market,Sandro Mamukelashvili,SAS,PF,25,61,11.2,6.3,3.1,0.8,2087519,2656427,-0.004047,train
2025,production,Sandro Mamukelashvili,SAS,PF,25,61,11.2,6.3,3.1,0.8,2087519,2854042,-0.005452,train
2025,market,Santi Aldama,MEM,PF,24,65,25.5,12.5,6.4,2.9,3960531,4499064,-0.003831,train
2025,production,Santi Aldama,MEM,PF,24,65,25.5,12.5,6.4,2.9,3960531,5828207,-0.013285,train
2025,market,Scoot Henderson,POR,PG,20,66,26.7,12.7,3.0,5.1,10259160,5945747,0.030681,test
2025,production,Scoot Henderson,POR,PG,20,66,26.7,12.7,3.0,5.1,10259160,11503424,-0.00885,test
2025,market,Scottie Barnes,TOR,PF,23,65,32.8,19.3,7.7,5.8,10130980,11153040,-0.00727,train
2025,production,Scottie Barnes,TOR,PF,23,65,32.8,19.3,7.7,5.8,10130980,18832134,-0.061891,train
2025,market,Scotty Pippen Jr.,MEM,PG,24,79,21.3,9.9,3.3,4.4,2087519,3947677,-0.013231,train
2025,production,Scotty Pippen Jr.,MEM,PG,24,79,21.3,9.9,3.3,4.4,2087519,3802058,-0.012195,train
2025,market,Seth Curry,CHA,SG,34,68,15.6,6.5,1.7,0.9,2087519,6369877,-0.03046,test
2025,production,Seth Curry,CHA,SG,34,68,15.6,6.5,1.7,0.9,2087519,5477995,-0.024116,test
2025,market,Shaedon Sharpe,POR,SG,21,72,31.3,18.5,4.5,2.8,6614160,6796857,-0.0013,train
2025,production,Shaedon Sharpe,POR,SG,21,72,31.3,18.5,4.5,2.8,6614160,8971838,-0.01677,train
2025,market,Shai Gilgeous-Alexander,OKC,PG,26,76,34.2,32.7,5.0,6.4,35859950,36373330,-0.003652,train
2025,production,Shai Gilgeous-Alexander,OKC,PG,26,76,34.2,32.7,5.0,6.4,35859950,37466917,-0.01143,train
2025,market,Shake Milton,LAL,SG,28,57,14.7,5.5,1.8,1.8,2875000,3627692,-0.005354,train
2025,production,Shake Milton,LAL,SG,28,57,14.7,5.5,1.8,1.8,2875000,3343851,-0.003335,train
2025,market,Simone Fontecchio,DET,SF,29,75,16.5,5.9,2.9,0.9,7692308,7141218,0.00392,train
2025,production,Simone Fontecchio,DET,SF,29,75,16.5,5.9,2.9,0.9,7692308,7008106,0.004867,train
2025,market,Spencer Dinwiddie,DAL,PG,31,79,27.0,11.0,2.6,4.4,2087519,6338849,-0.03024,train
2025,production,Spencer Dinwiddie,DAL,PG,31,79,27.0,11.0,2.6,4.4,2087519,4328219,-0.015938,train
2025,market,Stephen Curry,GSW,PG,36,70,32.2,24.5,4.4,6.0,55761216,46723670,0.064284,test
2025,production,Stephen Curry,GSW,PG,36,70,32.2,24.5,4.4,6.0,55761216,41376639,0.102317,test
2025,market,Stephon Castle,SAS,PG,20,81,26.7,14.7,3.7,4.1,9105120,8616814,0.003473,train
2025,production,Stephon Castle,SAS,PG,20,81,26.7,14.7,3.7,4.1,9105120,8704552,0.002849,train
2025,market,Steven Adams,HOU,C,31,58,13.7,3.9,5.6,1.1,12600000,9603007,0.021318,train
2025,production,Steven Adams,HOU,C,31,58,13.7,3.9,5.6,1.1,12600000,9127637,0.024699,train
2025,market,T.J. McConnell,IND,PG,32,79,17.9,9.1,2.4,4.4,9300000,9969534,-0.004762,train
2025,production,T.J. McConnell,IND,PG,32,79,17.9,9.1,2.4,4.4,9300000,8353068,0.006736,train
2025,market,Talen Horton-Tucker,CHI,SG,24,58,12.5,6.5,1.7,1.4,2087519,2419224,-0.002359,train
2025,production,Talen Horton-Tucker,CHI,SG,24,58,12.5,6.5,1.7,1.4,2087519,2380517,-0.002084,train
2025,market,Tari Eason,HOU,PF,23,57,24.9,12.0,6.4,1.5,3695160,6165744,-0.017573,train
2025,production,Tari Eason,HOU,PF,23,57,24.9,12.0,6.4,1.5,3695160,6040359,-0.016681,train
2025,market,Taurean Prince,MIL,SF,30,80,27.1,8.2,3.6,1.9,2087519,6908280,-0.03429,train
2025,production,Taurean Prince,MIL,SF,30,80,27.1,8.2,3.6,1.9,2087519,8109292,-0.042833,train
2025,market,Terance Mann,ATL,SG,28,67,21.1,7.7,3.0,1.8,11423077,10469504,0.006783,train
2025,production,Terance Mann,ATL,SG,28,67,21.1,7.7,3.0,1.8,11423077,8878841,0.018097,train
2025,market,Terry Rozier,MIA,PG,30,64,25.9,10.6,3.7,2.6,24924126,16410703,0.060556,test
2025,production,Terry Rozier,MIA,PG,30,64,25.9,10.6,3.7,2.6,24924126,9336310,0.110876,test
2025,market,Thomas Bryant,IND,C,27,66,14.6,6.5,3.8,0.8,2087519,4370843,-0.016241,train
2025,production,Thomas Bryant,IND,C,27,66,14.6,6.5,3.8,0.8,2087519,3640474,-0.011046,train
2025,market,Tidjane Salaun,CHA,PF,19,60,20.7,5.9,4.7,1.2,7488720,6302596,0.008437,train
2025,production,Tidjane Salaun,CHA,PF,19,60,20.7,5.9,4.7,1.2,7488720,7408959,0.000567,train
2025,market,Tim Hardaway Jr.,DET,SG,32,77,28.0,11.0,2.4,1.6,16193183,15460859,0.005209,train
2025,production,Tim Hardaway Jr.,DET,SG,32,77,28.0,11.0,2.4,1.6,16193183,13232541,0.021059,train
2025,market,Tobias Harris,DET,PF,32,73,31.6,13.7,5.9,2.2,25365854,25086811,0.001985,test
2025,production,Tobias Harris,DET,PF,32,73,31.6,13.7,5.9,2.2,25365854,22091789,0.023288,test
2025,market,Toumani Camara,POR,PF,24,78,32.7,11.3,5.8,2.2,1891857,7588922,-0.040523,train
2025,production,Toumani Camara,POR,PF,24,78,32.7,11.3,5.8,2.2,1891857,5548912,-0.026013,train
2025,market,Trae Young,ATL,PG,26,76,36.0,24.2,3.1,11.6,43031940,37702203,0.03791,train
2025,production,Trae Young,ATL,PG,26,76,36.0,24.2,3.1,11.6,43031940,36789358,0.044403,train
2025,market,Trayce Jackson-Davis,GSW,C,24,62,15.6,6.6,5.0,1.7,1891857,2419821,-0.003755,train
2025,production,Trayce Jackson-Davis,GSW,C,24,62,15.6,6.6,5.0,1.7,1891857,4870097,-0.021184,train
2025,market,Trey Lyles,SAC,PF,29,69,19.6,6.5,4.6,1.2,8000000,7126311,0.006215,train
2025,production,Trey Lyles,SAC,PF,29,69,19.6,6.5,4.6,1.2,8000000,7238322,0.005418,train
2025,market,Tristan Da Silva,ORL,SF,23,74,22.0,7.2,3.3,1.5,3628440,3823955,-0.001391,train
2025,production,Tristan Da Silva,ORL,SF,23,74,22.0,7.2,3.3,1.5,3628440,4239141,-0.004344,train
2025,market,Ty Jerome,CLE,SG,27,70,19.9,12.5,2.5,3.4,2560975,5790813,-0.022974,train
2025,production,Ty Jerome,CLE,SG,27,70,19.9,12.5,2.5,3.4,2560975,5181639,-0.018641,train
2025,market,Tyler Herro,MIA,SG,25,77,35.4,23.9,5.2,5.5,29000000,28532457,0.003326,train
2025,production,Tyler Herro,MIA,SG,25,77,35.4,23.9,5.2,5.5,29000000,30688105,-0.012007,train
2025,market,Tyrese Haliburton,IND,PG,24,73,33.6,18.6,3.5,9.2,42176400,37089238,0.036185,train
2025,production,Tyrese Haliburton,IND,PG,24,73,33.6,18.6,3.5,9.2,42176400,35085536,0.050437,train
2025,market,Tyrese Martin,BKN,SG,25,60,21.9,8.7,3.7,2.0,635853,5869187,-0.037225,test
2025,production,Tyrese Martin,BKN,SG,25,60,21.9,8.7,3.7,2.0,635853,8037498,-0.052648,test
2025,market,Tyus Jones,PHX,PG,28,81,26.8,10.2,2.4,5.3,2087519,7246746,-0.036697,train
2025,production,Tyus Jones,PHX,PG,28,81,26.8,10.2,2.4,5.3,2087519,5619244,-0.025121,train
2025,market,Vit Krejci,ATL,PG,24,57,20.2,7.2,2.7,2.6,2162606,2888749,-0.005165,train
2025,production,Vit Krejci,ATL,PG,24,57,20.2,7.2,2.7,2.6,2162606,4087148,-0.013689,train
2025,market,Walker Kessler,UTA,C,23,58,30.0,11.1,12.2,1.7,2965920,9058210,-0.043334,train
2025,production,Walker Kessler,UTA,C,23,58,30.0,11.1,12.2,1.7,2965920,11481653,-0.060572,train
2025,market,Wendell Carter Jr.,ORL,C,25,68,25.9,9.1,7.2,2.0,11950000,9267452,0.019081,train
2025,production,Wendell Carter Jr.,ORL,C,25,68,25.9,9.1,7.2,2.0,11950000,11398120,0.003926,train
2025,market,Yves Missi,NOP,C,20,73,26.8,9.1,8.2,1.4,3193200,5086274,-0.013465,train
2025,production,Yves Missi,NOP,C,20,73,26.8,9.1,8.2,1.4,3193200,6582023,-0.024105,train
2025,market,Zaccharie Risacher,ATL,SF,19,75,24.6,12.6,3.6,1.2,12569040,10031267,0.018051,train
2025,production,Zaccharie Risacher,ATL,SF,19,75,24.6,12.6,3.6,1.2,12569040,11716236,0.006066,train
2025,market,Zach Collins,CHI,PF,27,64,15.3,6.4,4.5,1.7,16741200,13266140,0.024718,train
2025,production,Zach Collins,CHI,PF,27,64,15.3,6.4,4.5,1.7,16741200,12145746,0.032687,train
2025,market,Zach Edey,MEM,C,22,66,21.5,9.2,8.3,1.0,5756880,5441078,0.002246,train
2025,production,Zach Edey,MEM,C,22,66,21.5,9.2,8.3,1.0,5756880,6451628,-0.004942,train
2025,market,Zach LaVine,SAC,SF,29,74,35.2,23.3,4.3,4.2,44531940,39262482,0.037482,train
2025,production,Zach LaVine,SAC,SF,29,74,35.2,23.3,4.3,4.2,44531940,38365996,0.043858,train
2025,market,Zeke Nnaji,DEN,PF,24,57,10.7,3.2,1.6,0.4,8888889,6297847,0.01843,train
2025,production,Zeke Nnaji,DEN,PF,24,57,10.7,3.2,1.6,0.4,8888889,6976187,0.013605,train
2025,market,Ziaire Williams,BKN,SF,23,63,24.5,10.0,4.6,1.3,6133005,5283137,0.006045,test
2025,production,Ziaire Williams,BKN,SF,23,63,24.5,10.0,4.6,1.3,6133005,8091481,-0.013931,test
2026,market,A.J. Green,MIL,SG,26,78,29.1,10.4,2.7,1.9,,12217032,,projection
2026,production,A.J. Green,MIL,SG,26,78,29.1,10.4,2.7,1.9,,14912775,,projection
2026,market,Aaron Holiday,HOU,PG,29,57,13.7,5.5,1.0,1.1,,7356864,,projection
2026,production,Aaron Holiday,HOU,PG,29,57,13.7,5.5,1.0,1.1,,4932242,,projection
2026,market,Aaron Wiggins,OKC,SG,27,65,21.8,9.4,3.1,1.7,,9153551,,projection
2026,production,Aaron Wiggins,OKC,SG,27,65,21.8,9.4,3.1,1.7,,6829332,,projection
2026,market,Ace Bailey,UTA,SF,19,72,27.6,13.8,4.2,1.8,,8546987,,projection
2026,production,Ace Bailey,UTA,SF,19,72,27.6,13.8,4.2,1.8,,12484199,,projection
2026,market,Adem Bona,PHI,C,22,71,17.4,4.8,4.3,0.5,,4267725,,projection
2026,production,Adem Bona,PHI,C,22,71,17.4,4.8,4.3,0.5,,5663485,,projection
2026,market,Ajay Mitchell,OKC,SG,23,57,25.8,13.6,3.3,3.6,,5914502,,projection
2026,production,Ajay Mitchell,OKC,SG,23,57,25.8,13.6,3.3,3.6,,15300192,,projection
2026,market,Alex Caruso,OKC,SG,31,56,18.2,6.2,2.8,2.0,,12160943,,projection
2026,production,Alex Caruso,OKC,SG,31,56,18.2,6.2,2.8,2.0,,7330161,,projection
2026,market,Alperen Şengün,HOU,C,23,72,33.3,20.4,8.9,6.2,,12200076,,projection
2026,production,Alperen Şengün,HOU,C,23,72,33.3,20.4,8.9,6.2,,22210999,,projection
2026,market,Amen Thompson,HOU,PG,23,79,37.4,18.3,7.8,5.3,,12600152,,projection
2026,production,Amen Thompson,HOU,PG,23,79,37.4,18.3,7.8,5.3,,26335953,,projection
2026,market,Andre Drummond,PHI,C,32,63,19.5,6.4,8.4,1.3,,12894523,,projection
2026,production,Andre Drummond,PHI,C,32,63,19.5,6.4,8.4,1.3,,9283723,,projection
2026,market,Andrew Nembhard,IND,PG,26,57,31.3,16.9,2.8,7.7,,26492588,,projection
2026,production,Andrew Nembhard,IND,PG,26,57,31.3,16.9,2.8,7.7,,28753879,,projection
2026,market,Andrew Wiggins,MIA,SF,30,68,30.3,15.4,4.8,2.7,,25516537,,projection
2026,production,Andrew Wiggins,MIA,SF,30,68,30.3,15.4,4.8,2.7,,18612437,,projection
2026,market,Anfernee Simons,2TM,SG,26,55,24.9,14.3,2.5,2.4,,11224097,,projection
2026,production,Anfernee Simons,2TM,SG,26,55,24.9,14.3,2.5,2.4,,16793699,,projection
2026,market,Anthony Black,ORL,PG,22,64,29.8,15.0,3.8,3.7,,7332264,,projection
2026,production,Anthony Black,ORL,PG,22,64,29.8,15.0,3.8,3.7,,15463958,,projection
2026,market,Anthony Edwards,MIN,SG,24,61,35.0,28.8,5.0,3.7,,37689271,,projection
2026,production,Anthony Edwards,MIN,SG,24,61,35.0,28.8,5.0,3.7,,40571040,,projection
2026,market,Anthony Gill,WAS,PF,33,55,17.3,5.8,2.9,1.3,,10971825,,projection
2026,production,Anthony Gill,WAS,PF,33,55,17.3,5.8,2.9,1.3,,6085649,,projection
2026,market,Ausar Thompson,DET,SF,23,73,26.0,9.9,5.7,3.1,,7266335,,projection
2026,production,Ausar Thompson,DET,SF,23,73,26.0,9.9,5.7,3.1,,15488638,,projection
2026,market,Ayo Dosunmu,2TM,SG,26,69,27.3,14.8,3.4,3.6,,10317887,,projection
2026,production,Ayo Dosunmu,2TM,SG,26,69,27.3,14.8,3.4,3.6,,14351077,,projection
2026,market,Bam Adebayo,MIA,C,28,73,32.4,20.1,10.0,3.2,,34977421,,projection
2026,production,Bam Adebayo,MIA,C,28,73,32.4,20.1,10.0,3.2,,24477505,,projection
2026,market,Baylor Scheierman,BOS,SG,25,77,18.6,5.5,3.5,1.5,,5337801,,projection
2026,production,Baylor Scheierman,BOS,SG,25,77,18.6,5.5,3.5,1.5,,7315195,,projection
2026,market,Ben Sheppard,IND,SG,24,65,21.4,7.1,3.0,1.8,,4271403,,projection
2026,production,Ben Sheppard,IND,SG,24,65,21.4,7.1,3.0,1.8,,6416805,,projection
2026,market,Bilal Coulibaly,WAS,SG,21,56,26.2,11.7,4.3,2.6,,7427068,,projection
2026,production,Bilal Coulibaly,WAS,SG,21,56,26.2,11.7,4.3,2.6,,14253566,,projection
2026,market,Bobby Portis,MIL,PF,30,67,24.2,13.7,6.4,1.6,,14871678,,projection
2026,production,Bobby Portis,MIL,PF,30,67,24.2,13.7,6.4,1.6,,14943827,,projection
2026,market,Bones Hyland,MIN,PG,25,71,16.6,8.5,1.8,2.6,,4576129,,projection
2026,production,Bones Hyland,MIN,PG,25,71,16.6,8.5,1.8,2.6,,6911851,,projection
2026,market,Brandin Podziemski,GSW,SG,22,82,28.5,13.8,5.1,3.7,,4926205,,projection
2026,production,Brandin Podziemski,GSW,SG,22,82,28.5,13.8,5.1,3.7,,8927233,,projection
2026,market,Brandon Ingram,TOR,SF,28,77,33.8,21.5,5.6,3.7,,35495121,,projection
2026,production,Brandon Ingram,TOR,SF,28,77,33.8,21.5,5.6,3.7,,29763039,,projection
2026,market,Brandon Miller,CHA,SF,23,65,30.3,20.2,4.9,3.3,,12872207,,projection
2026,production,Brandon Miller,CHA,SF,23,65,30.3,20.2,4.9,3.3,,28685440,,projection
2026,market,Brandon Williams,DAL,PG,26,66,22.2,13.0,2.9,3.9,,9378959,,projection
2026,production,Brandon Williams,DAL,PG,26,66,22.2,13.0,2.9,3.9,,9710855,,projection
2026,market,Brice Sensabaugh,UTA,SF,22,75,23.5,14.9,3.1,1.9,,7472145,,projection
2026,production,Brice Sensabaugh,UTA,SF,22,75,23.5,14.9,3.1,1.9,,15474418,,projection
2026,market,Brook Lopez,LAC,C,37,75,21.8,8.5,3.6,1.3,,12597853,,projection
2026,production,Brook Lopez,LAC,C,37,75,21.8,8.5,3.6,1.3,,7386050,,projection
2026,market,Bruce Brown,DEN,SG,29,82,24.4,7.9,3.9,2.1,,11601341,,projection
2026,production,Bruce Brown,DEN,SG,29,82,24.4,7.9,3.9,2.1,,7148785,,projection
2026,market,Bub Carrington,WAS,PG,20,82,27.7,10.7,3.4,4.6,,5663317,,projection
2026,production,Bub Carrington,WAS,PG,20,82,27.7,10.7,3.4,4.6,,8486497,,projection
2026,market,CJ McCollum,2TM,PG,34,76,29.8,18.7,3.3,3.9,,35371150,,projection
2026,production,CJ McCollum,2TM,PG,34,76,29.8,18.7,3.3,3.9,,22148360,,projection
2026,market,Cade Cunningham,DET,PG,24,64,33.9,23.9,5.5,9.9,,40004579,,projection
2026,production,Cade Cunningham,DET,PG,24,64,33.9,23.9,5.5,9.9,,33894831,,projection
2026,market,Caleb Martin,DAL,SF,30,58,14.8,3.9,2.5,1.4,,6028263,,projection
2026,production,Caleb Martin,DAL,SF,30,58,14.8,3.9,2.5,1.4,,4018282,,projection
2026,market,Cam Christie,LAC,SG,20,55,8.7,2.8,1.4,0.6,,3303340,,projection
2026,production,Cam Christie,LAC,SG,20,55,8.7,2.8,1.4,0.6,,3911849,,projection
2026,market,Cam Spencer,MEM,SG,25,72,23.8,11.1,2.5,5.6,,11612012,,projection
2026,production,Cam Spencer,MEM,SG,25,72,23.8,11.1,2.5,5.6,,10380257,,projection
2026,market,Caris LeVert,DET,SG,31,60,19.2,7.4,2.0,2.7,,8846351,,projection
2026,production,Caris LeVert,DET,SG,31,60,19.2,7.4,2.0,2.7,,5281291,,projection
2026,market,Carter Bryant,SAS,PF,20,71,11.5,4.2,2.5,0.7,,3858656,,projection
2026,production,Carter Bryant,SAS,PF,20,71,11.5,4.2,2.5,0.7,,3870347,,projection
2026,market,Cason Wallace,OKC,SG,22,77,26.6,8.6,3.1,2.6,,5303924,,projection
2026,production,Cason Wallace,OKC,SG,22,77,26.6,8.6,3.1,2.6,,6993150,,projection
2026,market,Cedric Coward,MEM,SG,22,62,25.8,13.6,5.9,2.8,,6212147,,projection
2026,production,Cedric Coward,MEM,SG,22,62,25.8,13.6,5.9,2.8,,13123838,,projection
2026,market,Chet Holmgren,OKC,PF,23,69,28.9,17.1,8.9,1.7,,9724065,,projection
2026,production,Chet Holmgren,OKC,PF,23,69,28.9,17.1,8.9,1.7,,21825578,,projection
2026,market,Clint Capela,HOU,C,31,75,12.3,3.8,4.6,0.7,,9638809,,projection
2026,production,Clint Capela,HOU,C,31,75,12.3,3.8,4.6,0.7,,5773356,,projection
2026,market,Cody Williams,UTA,SG,21,67,24.3,8.8,3.0,2.0,,5256892,,projection
2026,production,Cody Williams,UTA,SG,21,67,24.3,8.8,3.0,2.0,,9685243,,projection
2026,market,Collin Gillespie,PHX,PG,26,80,28.5,12.7,4.1,4.6,,12809128,,projection
2026,production,Collin Gillespie,PHX,PG,26,80,28.5,12.7,4.1,4.6,,13982130,,projection
2026,market,Collin Murray-Boyles,TOR,PF,20,57,21.9,8.5,5.0,1.9,,4505863,,projection
2026,production,Collin Murray-Boyles,TOR,PF,20,57,21.9,8.5,5.0,1.9,,7342755,,projection
2026,market,Collin Sexton,2TM,SG,27,68,23.7,15.4,2.3,3.3,,14433734,,projection
2026,production,Collin Sexton,2TM,SG,27,68,23.7,15.4,2.3,3.3,,16391158,,projection
2026,market,Cooper Flagg,DAL,SF,19,70,33.5,21.0,6.7,4.5,,12211237,,projection
2026,production,Cooper Flagg,DAL,SF,19,70,33.5,21.0,6.7,4.5,,32036653,,projection
2026,market,Corey Kispert,2TM,SF,26,58,18.6,9.2,2.3,1.6,,5148919,,projection
2026,production,Corey Kispert,2TM,SF,26,58,18.6,9.2,2.3,1.6,,6094320,,projection
2026,market,Craig Porter Jr.,CLE,PG,25,64,17.9,4.5,3.4,3.2,,5424416,,projection
2026,production,Craig Porter Jr.,CLE,PG,25,64,17.9,4.5,3.4,3.2,,6477467,,projection
2026,market,Daniel Gafford,DAL,C,27,55,21.7,9.5,6.9,1.1,,13156345,,projection
2026,production,Daniel Gafford,DAL,C,27,55,21.7,9.5,6.9,1.1,,9769366,,projection
2026,market,Daniss Jenkins,DET,PG,24,72,20.2,9.3,2.3,3.9,,5477434,,projection
2026,production,Daniss Jenkins,DET,PG,24,72,20.2,9.3,2.3,3.9,,7270151,,projection
2026,market,Danny Wolf,BKN,PF,21,57,20.8,8.9,4.9,2.2,,4785879,,projection
2026,production,Danny Wolf,BKN,PF,21,57,20.8,8.9,4.9,2.2,,6912797,,projection
2026,market,Davion Mitchell,MIA,PG,27,70,28.6,9.3,2.7,6.5,,14337727,,projection
2026,production,Davion Mitchell,MIA,PG,27,70,28.6,9.3,2.7,6.5,,16175767,,projection
2026,market,Day'Ron Sharpe,BKN,C,24,62,18.7,8.7,6.7,2.3,,6873044,,projection
2026,production,Day'Ron Sharpe,BKN,C,24,62,18.7,8.7,6.7,2.3,,6418047,,projection
2026,market,De'Aaron Fox,SAS,PG,28,72,31.0,18.6,3.8,6.2,,35813035,,projection
2026,production,De'Aaron Fox,SAS,PG,28,72,31.0,18.6,3.8,6.2,,20462827,,projection
2026,market,DeMar DeRozan,SAC,PF,36,77,31.2,18.4,2.9,4.1,,31702820,,projection
2026,production,DeMar DeRozan,SAC,PF,36,77,31.2,18.4,2.9,4.1,,22629574,,projection
2026,market,Dean Wade,CLE,PF,29,59,22.3,5.8,4.2,1.5,,9254099,,projection
2026,production,Dean Wade,CLE,PF,29,59,22.3,5.8,4.2,1.5,,7687153,,projection
2026,market,Deandre Ayton,LAL,C,27,72,27.2,12.5,8.0,0.8,,20538768,,projection
2026,production,Deandre Ayton,LAL,C,27,72,27.2,12.5,8.0,0.8,,17760097,,projection
2026,market,Deni Avdija,POR,SF,25,66,33.3,24.2,6.9,6.7,,38077344,,projection
2026,production,Deni Avdija,POR,SF,25,66,33.3,24.2,6.9,6.7,,31816404,,projection
2026,market,Dennis Schröder,2TM,PG,32,70,24.2,10.8,2.7,4.9,,13843785,,projection
2026,production,Dennis Schröder,2TM,PG,32,70,24.2,10.8,2.7,4.9,,11519768,,projection
2026,market,Derik Queen,NOP,C,21,81,25.0,11.7,7.1,3.7,,6783097,,projection
2026,production,Derik Queen,NOP,C,21,81,25.0,11.7,7.1,3.7,,10012506,,projection
2026,market,Derrick White,BOS,SG,31,77,34.1,16.5,4.4,5.4,,33959914,,projection
2026,production,Derrick White,BOS,SG,31,77,34.1,16.5,4.4,5.4,,26900671,,projection
2026,market,Desmond Bane,ORL,SG,27,82,33.6,20.1,4.1,4.1,,25531835,,projection
2026,production,Desmond Bane,ORL,SG,27,82,33.6,20.1,4.1,4.1,,24626912,,projection
2026,market,Devin Booker,PHX,SG,29,64,33.5,26.1,3.9,6.0,,42984768,,projection
2026,production,Devin Booker,PHX,SG,29,64,33.5,26.1,3.9,6.0,,20681880,,projection
2026,market,Devin Vassell,SAS,SG,25,67,30.5,13.9,4.0,2.5,,17779279,,projection
2026,production,Devin Vassell,SAS,SG,25,67,30.5,13.9,4.0,2.5,,16225253,,projection
2026,market,Dillon Brooks,PHX,SF,30,56,30.4,20.2,3.6,1.8,,30458793,,projection
2026,production,Dillon Brooks,PHX,SF,30,56,30.4,20.2,3.6,1.8,,21517986,,projection
2026,market,Dominick Barlow,PHI,PF,22,71,23.8,7.7,4.8,1.2,,4369068,,projection
2026,production,Dominick Barlow,PHI,PF,22,71,23.8,7.7,4.8,1.2,,8285101,,projection
2026,market,Donovan Clingan,POR,C,21,77,27.2,12.1,11.6,2.1,,7157499,,projection
2026,production,Donovan Clingan,POR,C,21,77,27.2,12.1,11.6,2.1,,19740954,,projection
2026,market,Donovan Mitchell,CLE,SG,29,70,33.5,27.9,4.5,5.7,,49308331,,projection
2026,production,Donovan Mitchell,CLE,SG,29,70,33.5,27.9,4.5,5.7,,39550740,,projection
2026,market,Donte DiVincenzo,MIN,SG,29,82,30.4,12.2,4.1,3.8,,17390898,,projection
2026,production,Donte DiVincenzo,MIN,SG,29,82,30.4,12.2,4.1,3.8,,18765757,,projection
2026,market,Drake Powell,BKN,SG,20,63,21.0,6.5,1.8,1.4,,5303234,,projection
2026,production,Drake Powell,BKN,SG,20,63,21.0,6.5,1.8,1.4,,5610887,,projection
2026,market,Draymond Green,GSW,PF,35,68,27.5,8.4,5.5,5.5,,17601812,,projection
2026,production,Draymond Green,GSW,PF,35,68,27.5,8.4,5.5,5.5,,17084299,,projection
2026,market,Dru Smith,MIA,SG,28,70,16.3,5.6,2.5,2.6,,9715369,,projection
2026,production,Dru Smith,MIA,SG,28,70,16.3,5.6,2.5,2.6,,8048466,,projection
2026,market,Duncan Robinson,DET,SG,31,77,27.4,12.2,2.7,2.1,,16573156,,projection
2026,production,Duncan Robinson,DET,SG,31,77,27.4,12.2,2.7,2.1,,15891192,,projection
2026,market,Dwight Powell,DAL,C,34,63,14.3,3.3,4.1,1.1,,6580499,,projection
2026,production,Dwight Powell,DAL,C,34,63,14.3,3.3,4.1,1.1,,4776194,,projection
2026,market,Dylan Harper,SAS,SG,19,69,22.6,11.8,3.4,3.9,,5836222,,projection
2026,production,Dylan Harper,SAS,SG,19,69,22.6,11.8,3.4,3.9,,9519636,,projection
2026,market,Dyson Daniels,ATL,SG,22,76,33.2,11.9,6.8,5.9,,11465696,,projection
2026,production,Dyson Daniels,ATL,SG,22,76,33.2,11.9,6.8,5.9,,21666221,,projection
2026,market,Evan Mobley,CLE,PF,24,65,31.9,18.2,9.0,3.6,,32050629,,projection
2026,production,Evan Mobley,CLE,PF,24,65,31.9,18.2,9.0,3.6,,22450049,,projection
2026,market,GG Jackson II,MEM,PF,21,55,21.4,12.5,4.3,1.5,,6787173,,projection
2026,production,GG Jackson II,MEM,PF,21,55,21.4,12.5,4.3,1.5,,9632947,,projection
2026,market,Gary Payton II,GSW,SG,33,73,15.6,7.5,3.6,1.7,,10536782,,projection
2026,production,Gary Payton II,GSW,SG,33,73,15.6,7.5,3.6,1.7,,7249365,,projection
2026,market,Gary Trent Jr.,MIL,SG,27,65,21.2,8.1,1.0,1.2,,7730946,,projection
2026,production,Gary Trent Jr.,MIL,SG,27,65,21.2,8.1,1.0,1.2,,10523233,,projection
2026,market,Goga Bitadze,ORL,C,26,64,15.2,5.9,5.0,1.3,,5881105,,projection
2026,production,Goga Bitadze,ORL,C,26,64,15.2,5.9,5.0,1.3,,6842768,,projection
2026,market,Gradey Dick,TOR,SG,22,76,14.0,6.0,1.9,0.7,,4831836,,projection
2026,production,Gradey Dick,TOR,SG,22,76,14.0,6.0,1.9,0.7,,5218879,,projection
2026,market,Guerschon Yabusele,2TM,C,30,67,15.0,5.6,3.5,0.9,,7031235,,projection
2026,production,Guerschon Yabusele,2TM,C,30,67,15.0,5.6,3.5,0.9,,6331126,,projection
2026,market,Gui Santos,GSW,PF,23,68,20.5,9.2,3.9,2.3,,4234759,,projection
2026,production,Gui Santos,GSW,PF,23,68,20.5,9.2,3.9,2.3,,6290095,,projection
2026,market,Harrison Barnes,SAS,PF,33,77,25.8,9.9,2.8,1.9,,13750027,,projection
2026,production,Harrison Barnes,SAS,PF,33,77,25.8,9.9,2.8,1.9,,9008382,,projection
2026,market,Herbert Jones,NOP,SF,27,56,28.4,8.9,3.4,2.8,,16127509,,projection
2026,production,Herbert Jones,NOP,SF,27,56,28.4,8.9,3.4,2.8,,13408957,,projection
2026,market,Hugo González,BOS,SF,19,74,14.6,3.9,3.3,0.5,,4862865,,projection
2026,production,Hugo González,BOS,SF,19,74,14.6,3.9,3.3,0.5,,4684457,,projection
2026,market,Immanuel Quickley,TOR,PG,26,70,31.9,16.4,4.0,5.9,,27100961,,projection
2026,production,Immanuel Quickley,TOR,PG,26,70,31.9,16.4,4.0,5.9,,26244079,,projection
2026,market,Isaac Okoro,CHI,SG,25,63,26.9,9.3,2.7,1.6,,9456913,,projection
2026,production,Isaac Okoro,CHI,SG,25,63,26.9,9.3,2.7,1.6,,12544319,,projection
2026,market,Isaiah Collier,UTA,PG,21,59,25.7,11.7,2.5,7.2,,6404088,,projection
2026,production,Isaiah Collier,UTA,PG,21,59,25.7,11.7,2.5,7.2,,20572982,,projection
2026,market,Isaiah Jackson,2TM,C,24,55,16.5,6.7,5.3,0.9,,5152475,,projection
2026,production,Isaiah Jackson,2TM,C,24,55,16.5,6.7,5.3,0.9,,7394249,,projection
2026,market,Isaiah Joe,OKC,SG,26,71,21.2,11.1,2.5,1.3,,7385410,,projection
2026,production,Isaiah Joe,OKC,SG,26,71,21.2,11.1,2.5,1.3,,7875512,,projection
2026,market,Isaiah Stewart,DET,C,24,58,22.7,10.0,5.0,1.1,,6760689,,projection
2026,production,Isaiah Stewart,DET,C,24,58,22.7,10.0,5.0,1.1,,5648372,,projection
2026,market,Ja'Kobe Walter,TOR,SG,21,72,20.5,7.5,2.6,1.2,,3803947,,projection
2026,production,Ja'Kobe Walter,TOR,SG,21,72,20.5,7.5,2.6,1.2,,6411170,,projection
2026,market,Jabari Smith Jr.,HOU,PF,22,77,35.1,15.8,6.9,1.9,,10367490,,projection
2026,production,Jabari Smith Jr.,HOU,PF,22,77,35.1,15.8,6.9,1.9,,18932891,,projection
2026,market,Jabari Walker,PHI,PF,23,64,11.9,4.3,3.0,0.5,,2581853,,projection
2026,production,Jabari Walker,PHI,PF,23,64,11.9,4.3,3.0,0.5,,3301213,,projection
2026,market,Jaden Hardy,2TM,SG,23,57,15.8,9.2,1.5,1.0,,4199265,,projection
2026,production,Jaden Hardy,2TM,SG,23,57,15.8,9.2,1.5,1.0,,6887172,,projection
2026,market,Jaden McDaniels,MIN,PF,25,73,31.7,14.8,4.2,2.7,,19399892,,projection
2026,production,Jaden McDaniels,MIN,PF,25,73,31.7,14.8,4.2,2.7,,19763229,,projection
2026,market,Jaime Jaquez Jr.,MIA,SF,24,75,28.3,15.4,5.0,4.7,,14734525,,projection
2026,production,Jaime Jaquez Jr.,MIA,SF,24,75,28.3,15.4,5.0,4.7,,12566182,,projection
2026,market,Jake LaRavia,LAL,PF,24,82,25.1,8.2,4.0,1.8,,5409231,,projection
2026,production,Jake LaRavia,LAL,PF,24,82,25.1,8.2,4.0,1.8,,6924821,,projection
2026,market,Jalen Brunson,NYK,PG,29,74,35.0,26.0,3.3,6.8,,44485227,,projection
2026,production,Jalen Brunson,NYK,PG,29,74,35.0,26.0,3.3,6.8,,28320072,,projection
2026,market,Jalen Duren,DET,C,22,70,28.2,19.5,10.5,2.0,,8824579,,projection
2026,production,Jalen Duren,DET,C,22,70,28.2,19.5,10.5,2.0,,22531354,,projection
2026,market,Jalen Johnson,ATL,SF,24,72,35.2,22.5,10.3,7.9,,38181008,,projection
2026,production,Jalen Johnson,ATL,SF,24,72,35.2,22.5,10.3,7.9,,39147823,,projection
2026,market,Jalen Suggs,ORL,PG,24,57,27.6,13.8,3.9,5.5,,12216156,,projection
2026,production,Jalen Suggs,ORL,PG,24,57,27.6,13.8,3.9,5.5,,21544623,,projection
2026,market,Jamal Murray,DEN,PG,28,75,35.4,25.4,4.4,7.1,,38145612,,projection
2026,production,Jamal Murray,DEN,PG,28,75,35.4,25.4,4.4,7.1,,39472373,,projection
2026,market,Jamal Shead,TOR,PG,23,82,22.6,6.6,1.7,5.4,,6061230,,projection
2026,production,Jamal Shead,TOR,PG,23,82,22.6,6.6,1.7,5.4,,8236169,,projection
2026,market,James Harden,2TM,PG,36,70,34.8,23.6,4.8,8.0,,50547278,,projection
2026,production,James Harden,2TM,PG,36,70,34.8,23.6,4.8,8.0,,39487966,,projection
2026,market,Jamison Battle,TOR,SF,24,61,8.5,3.1,1.5,0.4,,4589042,,projection
2026,production,Jamison Battle,TOR,SF,24,61,8.5,3.1,1.5,0.4,,5209996,,projection
2026,market,Jarace Walker,IND,PF,22,76,25.7,11.6,5.1,2.5,,5307805,,projection
2026,production,Jarace Walker,IND,PF,22,76,25.7,11.6,5.1,2.5,,8020448,,projection
2026,market,Jared McCain,2TM,SG,21,67,17.3,8.3,2.0,1.3,,4574717,,projection
2026,production,Jared McCain,2TM,SG,21,67,17.3,8.3,2.0,1.3,,6130295,,projection
2026,market,Jarred Vanderbilt,LAL,PF,26,65,17.4,4.4,4.5,1.3,,4897782,,projection
2026,production,Jarred Vanderbilt,LAL,PF,26,65,17.4,4.4,4.5,1.3,,5989355,,projection
2026,market,Jarrett Allen,CLE,C,27,56,27.1,15.4,8.5,1.8,,19589868,,projection
2026,production,Jarrett Allen,CLE,C,27,56,27.1,15.4,8.5,1.8,,18244918,,projection
2026,market,Javonte Green,DET,SG,32,82,17.6,6.9,2.8,0.7,,9751368,,projection
2026,production,Javonte Green,DET,SG,32,82,17.6,6.9,2.8,0.7,,7447046,,projection
2026,market,Jaxson Hayes,LAL,C,25,66,18.3,7.5,4.1,0.9,,5264914,,projection
2026,production,Jaxson Hayes,LAL,C,25,66,18.3,7.5,4.1,0.9,,6877036,,projection
2026,market,Jay Huff,IND,C,27,82,21.0,9.5,4.0,1.5,,12985495,,projection
2026,production,Jay Huff,IND,C,27,82,21.0,9.5,4.0,1.5,,9543318,,projection
2026,market,Jaylen Brown,BOS,SF,29,71,34.4,28.7,6.9,5.1,,50019107,,projection
2026,production,Jaylen Brown,BOS,SF,29,71,34.4,28.7,6.9,5.1,,40131244,,projection
2026,market,Jaylen Clark,MIN,SG,24,68,13.1,4.0,1.8,0.6,,2837561,,projection
2026,production,Jaylen Clark,MIN,SG,24,68,13.1,4.0,1.8,0.6,,3089271,,projection
2026,market,Jaylen Wells,MEM,SG,22,69,26.4,12.5,3.2,1.6,,4841743,,projection
2026,production,Jaylen Wells,MEM,SG,22,69,26.4,12.5,3.2,1.6,,12671641,,projection
2026,market,Jaylin Williams,OKC,PF,23,65,19.6,7.2,5.5,2.4,,5874277,,projection
2026,production,Jaylin Williams,OKC,PF,23,65,19.6,7.2,5.5,2.4,,10679127,,projection
2026,market,Jaylon Tyson,CLE,SG,23,66,26.9,13.2,5.1,2.2,,8821127,,projection
2026,production,Jaylon Tyson,CLE,SG,23,66,26.9,13.2,5.1,2.2,,12481701,,projection
2026,market,Jerami Grant,POR,PF,31,57,29.7,18.6,3.5,2.1,,24980928,,projection
2026,production,Jerami Grant,POR,PF,31,57,29.7,18.6,3.5,2.1,,19639235,,projection
2026,market,Jeremiah Fears,NOP,PG,19,82,25.8,14.3,3.7,3.4,,8083174,,projection
2026,production,Jeremiah Fears,NOP,PG,19,82,25.8,14.3,3.7,3.4,,8266588,,projection
2026,market,Jericho Sims,MIL,C,27,67,19.7,5.0,5.5,1.6,,7627080,,projection
2026,production,Jericho Sims,MIL,C,27,67,19.7,5.0,5.5,1.6,,7008414,,projection
2026,market,Jett Howard,ORL,SF,22,55,12.6,5.5,1.6,0.8,,4628763,,projection
2026,production,Jett Howard,ORL,SF,22,55,12.6,5.5,1.6,0.8,,5264764,,projection
2026,market,Jock Landale,2TM,C,30,68,22.1,10.6,5.7,1.7,,13220063,,projection
2026,production,Jock Landale,2TM,C,30,68,22.1,10.6,5.7,1.7,,7694125,,projection
2026,market,John Collins,LAC,PF,28,69,27.1,13.6,5.3,1.0,,20216992,,projection
2026,production,John Collins,LAC,PF,28,69,27.1,13.6,5.3,1.0,,13046451,,projection
2026,market,John Konchar,2TM,SG,29,56,19.9,4.4,4.3,2.1,,11608623,,projection
2026,production,John Konchar,2TM,SG,29,56,19.9,4.4,4.3,2.1,,9294887,,projection
2026,market,Jonas Valančiūnas,DEN,C,33,65,13.4,8.7,5.1,1.2,,8839108,,projection
2026,production,Jonas Valančiūnas,DEN,C,33,65,13.4,8.7,5.1,1.2,,6161096,,projection
2026,market,Jordan Clarkson,NYK,SG,33,72,17.8,8.6,1.8,1.3,,8116825,,projection
2026,production,Jordan Clarkson,NYK,SG,33,72,17.8,8.6,1.8,1.3,,5785545,,projection
2026,market,Jordan Goodwin,PHX,PG,27,70,22.5,8.7,4.9,2.2,,11524250,,projection
2026,production,Jordan Goodwin,PHX,PG,27,70,22.5,8.7,4.9,2.2,,9771890,,projection
2026,market,Jordan Miller,LAC,SF,26,60,22.1,10.0,3.0,2.3,,6589090,,projection
2026,production,Jordan Miller,LAC,SF,26,60,22.1,10.0,3.0,2.3,,9444155,,projection
2026,market,Jordan Walsh,BOS,PF,21,68,17.8,5.4,4.0,0.8,,3074605,,projection
2026,production,Jordan Walsh,BOS,PF,21,68,17.8,5.4,4.0,0.8,,4772678,,projection
2026,market,Jose Alvarado,2TM,PG,27,69,19.9,7.4,2.5,3.4,,9294132,,projection
2026,production,Jose Alvarado,2TM,PG,27,69,19.9,7.4,2.5,3.4,,7452864,,projection
2026,market,Josh Green,CHA,SG,25,58,15.7,4.3,1.8,0.8,,3282705,,projection
2026,production,Josh Green,CHA,SG,25,58,15.7,4.3,1.8,0.8,,6671224,,projection
2026,market,Josh Hart,NYK,SF,30,66,30.2,12.0,7.4,4.8,,26679668,,projection
2026,production,Josh Hart,NYK,SF,30,66,30.2,12.0,7.4,4.8,,23667437,,projection
2026,market,Josh Okogie,HOU,SG,27,78,17.4,4.5,2.6,0.9,,7523825,,projection
2026,production,Josh Okogie,HOU,SG,27,78,17.4,4.5,2.6,0.9,,6362835,,projection
2026,market,Julian Champagnie,SAS,SF,24,82,27.6,11.1,5.8,1.5,,12111368,,projection
2026,production,Julian Champagnie,SAS,SF,24,82,27.6,11.1,5.8,1.5,,14125018,,projection
2026,market,Julian Strawther,DEN,SG,23,57,15.1,7.2,2.0,1.1,,3668679,,projection
2026,production,Julian Strawther,DEN,SG,23,57,15.1,7.2,2.0,1.1,,5414338,,projection
2026,market,Julius Randle,MIN,PF,31,79,33.0,21.1,6.7,5.0,,41794255,,projection
2026,production,Julius Randle,MIN,PF,31,79,33.0,21.1,6.7,5.0,,25362301,,projection
2026,market,Justin Champagnie,WAS,SF,24,69,20.0,8.7,5.6,1.2,,4044199,,projection
2026,production,Justin Champagnie,WAS,SF,24,69,20.0,8.7,5.6,1.2,,5782590,,projection
2026,market,Justin Edwards,PHI,SF,22,64,15.3,6.0,1.5,1.3,,4369752,,projection
2026,production,Justin Edwards,PHI,SF,22,64,15.3,6.0,1.5,1.3,,6961473,,projection
2026,market,Karl-Anthony Towns,NYK,C,30,75,31.0,20.1,11.9,3.0,,38119361,,projection
2026,production,Karl-Anthony Towns,NYK,C,30,75,31.0,20.1,11.9,3.0,,29309929,,projection
2026,market,Karlo Matković,NOP,PF,24,62,14.7,5.7,3.7,0.8,,3286412,,projection
2026,production,Karlo Matković,NOP,PF,24,62,14.7,5.7,3.7,0.8,,4899742,,projection
2026,market,Kawhi Leonard,LAC,SF,34,65,32.1,27.9,6.4,3.6,,53943335,,projection
2026,production,Kawhi Leonard,LAC,SF,34,65,32.1,27.9,6.4,3.6,,39524940,,projection
2026,market,Kel'el Ware,MIA,C,21,77,22.1,11.1,9.0,0.7,,6253546,,projection
2026,production,Kel'el Ware,MIA,C,21,77,22.1,11.1,9.0,0.7,,13297609,,projection
2026,market,Keldon Johnson,SAS,SF,26,82,23.3,13.2,5.4,1.4,,10728260,,projection
2026,production,Keldon Johnson,SAS,SF,26,82,23.3,13.2,5.4,1.4,,13410493,,projection
2026,market,Kenrich Williams,OKC,PF,31,56,15.3,6.5,3.3,1.4,,9619986,,projection
2026,production,Kenrich Williams,OKC,PF,31,56,15.3,6.5,3.3,1.4,,5570680,,projection
2026,market,Keon Ellis,2TM,SG,26,72,20.5,6.7,1.9,1.0,,5111166,,projection
2026,production,Keon Ellis,2TM,SG,26,72,20.5,6.7,1.9,1.0,,6090385,,projection
2026,market,Kevin Durant,HOU,SF,37,78,36.4,26.0,5.5,4.8,,46263580,,projection
2026,production,Kevin Durant,HOU,SF,37,78,36.4,26.0,5.5,4.8,,42301975,,projection
2026,market,Kevin Huerter,2TM,SF,27,69,22.4,10.0,3.5,2.6,,12434162,,projection
2026,production,Kevin Huerter,2TM,SF,27,69,22.4,10.0,3.5,2.6,,8094282,,projection
2026,market,Khris Middleton,2TM,SF,34,63,22.8,10.2,3.7,2.8,,14326024,,projection
2026,production,Khris Middleton,2TM,SF,34,63,22.8,10.2,3.7,2.8,,9338464,,projection
2026,market,Klay Thompson,DAL,SF,35,69,21.7,11.7,2.1,1.4,,16284765,,projection
2026,production,Klay Thompson,DAL,SF,35,69,21.7,11.7,2.1,1.4,,14167283,,projection
2026,market,Kobe Brown,2TM,PF,26,61,15.8,5.8,3.0,1.3,,3682176,,projection
2026,production,Kobe Brown,2TM,PF,26,61,15.8,5.8,3.0,1.3,,4092489,,projection
2026,market,Kobe Sanders,LAC,SG,23,68,19.9,7.3,2.3,1.6,,3039134,,projection
2026,production,Kobe Sanders,LAC,SG,23,68,19.9,7.3,2.3,1.6,,5690623,,projection
2026,market,Kon Knueppel,CHA,SF,20,81,31.5,18.5,5.3,3.4,,10164336,,projection
2026,production,Kon Knueppel,CHA,SF,20,81,31.5,18.5,5.3,3.4,,23915200,,projection
2026,market,Kris Dunn,LAC,PG,31,82,27.2,7.3,3.3,3.6,,14873628,,projection
2026,production,Kris Dunn,LAC,PG,31,82,27.2,7.3,3.3,3.6,,12549845,,projection
2026,market,Kris Murray,POR,SF,25,57,23.4,5.8,3.6,1.4,,6259536,,projection
2026,production,Kris Murray,POR,SF,25,57,23.4,5.8,3.6,1.4,,6615453,,projection
2026,market,Kyle Filipowski,UTA,C,22,77,23.4,11.4,7.2,2.6,,5768960,,projection
2026,production,Kyle Filipowski,UTA,C,22,77,23.4,11.4,7.2,2.6,,10972158,,projection
2026,market,Kyle Kuzma,MIL,PF,30,69,26.2,13.0,4.5,2.7,,20054479,,projection
2026,production,Kyle Kuzma,MIL,PF,30,69,26.2,13.0,4.5,2.7,,9555872,,projection
2026,market,LaMelo Ball,CHA,PG,24,72,28.0,20.1,4.8,7.1,,18481414,,projection
2026,production,LaMelo Ball,CHA,PG,24,72,28.0,20.1,4.8,7.1,,30534405,,projection
2026,market,LeBron James,LAL,SF,41,60,33.2,20.9,6.1,7.2,,49180519,,projection
2026,production,LeBron James,LAL,SF,41,60,33.2,20.9,6.1,7.2,,32836173,,projection
2026,market,Luguentz Dort,OKC,SF,26,69,26.8,8.3,3.6,1.2,,11067536,,projection
2026,production,Luguentz Dort,OKC,SF,26,69,26.8,8.3,3.6,1.2,,17098006,,projection
2026,market,Luka Dončić,LAL,PG,26,64,35.8,33.5,7.7,8.3,,40739491,,projection
2026,production,Luka Dončić,LAL,PG,26,64,35.8,33.5,7.7,8.3,,49206764,,projection
2026,market,Luka Garza,BOS,C,27,69,16.2,8.1,4.1,1.0,,7580832,,projection
2026,production,Luka Garza,BOS,C,27,69,16.2,8.1,4.1,1.0,,6035759,,projection
2026,market,Luke Kennard,2TM,SG,29,78,21.6,8.4,2.3,2.2,,10960162,,projection
2026,production,Luke Kennard,2TM,SG,29,78,21.6,8.4,2.3,2.2,,9700722,,projection
2026,market,Luke Kornet,SAS,C,30,68,21.0,6.5,6.1,1.9,,12201545,,projection
2026,production,Luke Kornet,SAS,C,30,68,21.0,6.5,6.1,1.9,,8565796,,projection
2026,market,Malik Monk,SAC,SG,27,62,22.0,12.5,1.9,3.0,,11134724,,projection
2026,production,Malik Monk,SAC,SG,27,62,22.0,12.5,1.9,3.0,,9804703,,projection
2026,market,Marcus Smart,LAL,SG,31,62,28.5,9.3,2.8,3.0,,18033467,,projection
2026,production,Marcus Smart,LAL,SG,31,62,28.5,9.3,2.8,3.0,,13894344,,projection
2026,market,Mark Williams,PHX,C,24,60,23.6,11.7,8.0,1.0,,10895699,,projection
2026,production,Mark Williams,PHX,C,24,60,23.6,11.7,8.0,1.0,,12853791,,projection
2026,market,Marvin Bagley III,2TM,PF,26,60,20.0,10.5,6.1,1.4,,6655424,,projection
2026,production,Marvin Bagley III,2TM,PF,26,60,20.0,10.5,6.1,1.4,,6482605,,projection
2026,market,Matas Buzelis,CHI,PF,21,77,29.2,16.3,5.8,2.1,,8411326,,projection
2026,production,Matas Buzelis,CHI,PF,21,77,29.2,16.3,5.8,2.1,,18471121,,projection
2026,market,Max Christie,DAL,SG,22,77,29.1,12.3,3.2,2.0,,6857606,,projection
2026,production,Max Christie,DAL,SG,22,77,29.1,12.3,3.2,2.0,,12861049,,projection
2026,market,Maxime Raynaud,SAC,C,22,74,26.5,12.5,7.5,1.4,,8294180,,projection
2026,production,Maxime Raynaud,SAC,C,22,74,26.5,12.5,7.5,1.4,,13088172,,projection
2026,market,Micah Peavy,NOP,SG,24,61,15.0,4.3,1.9,1.0,,3676486,,projection
2026,production,Micah Peavy,NOP,SG,24,61,15.0,4.3,1.9,1.0,,7034130,,projection
2026,market,Mikal Bridges,NYK,SF,29,82,32.8,14.4,3.8,3.7,,19775851,,projection
2026,production,Mikal Bridges,NYK,SF,29,82,32.8,14.4,3.8,3.7,,14297585,,projection
2026,market,Miles Bridges,CHA,PF,27,77,31.0,17.1,5.8,3.2,,26214882,,projection
2026,production,Miles Bridges,CHA,PF,27,77,31.0,17.1,5.8,3.2,,21519280,,projection
2026,market,Mitchell Robinson,NYK,C,27,60,19.6,5.7,8.8,0.9,,11401107,,projection
2026,production,Mitchell Robinson,NYK,C,27,60,19.6,5.7,8.8,0.9,,10320725,,projection
2026,market,Mohamed Diawara,NYK,SF,20,69,9.2,3.6,1.4,0.8,,3365912,,projection
2026,production,Mohamed Diawara,NYK,SF,20,69,9.2,3.6,1.4,0.8,,2916518,,projection
2026,market,Moses Moody,GSW,SG,23,60,25.7,12.1,3.3,1.6,,8516627,,projection
2026,production,Moses Moody,GSW,SG,23,60,25.7,12.1,3.3,1.6,,13445281,,projection
2026,market,Mouhamed Gueye,ATL,PF,23,77,15.3,4.4,3.6,0.9,,3774526,,projection
2026,production,Mouhamed Gueye,ATL,PF,23,77,15.3,4.4,3.6,0.9,,5498311,,projection
2026,market,Moussa Diabaté,CHA,C,24,73,26.0,7.9,8.7,1.9,,12501666,,projection
2026,production,Moussa Diabaté,CHA,C,24,73,26.0,7.9,8.7,1.9,,16384775,,projection
2026,market,Myles Turner,MIL,C,29,71,26.9,11.9,5.3,1.5,,18768259,,projection
2026,production,Myles Turner,MIL,C,29,71,26.9,11.9,5.3,1.5,,14157722,,projection
2026,market,Nae'Qwan Tomlin,CLE,PF,25,64,15.7,5.8,2.9,0.8,,4332651,,projection
2026,production,Nae'Qwan Tomlin,CLE,PF,25,64,15.7,5.8,2.9,0.8,,6800246,,projection
2026,market,Naji Marshall,DAL,SF,28,74,29.5,15.2,4.7,3.3,,22512537,,projection
2026,production,Naji Marshall,DAL,SF,28,74,29.5,15.2,4.7,3.3,,16557550,,projection
2026,market,Naz Reid,MIN,C,26,77,26.1,13.6,6.2,2.2,,9400369,,projection
2026,production,Naz Reid,MIN,C,26,77,26.1,13.6,6.2,2.2,,12566864,,projection
2026,market,Neemias Queta,BOS,C,26,76,25.3,10.2,8.4,1.7,,12489261,,projection
2026,production,Neemias Queta,BOS,C,26,76,25.3,10.2,8.4,1.7,,13004561,,projection
2026,market,Nic Claxton,BKN,C,26,69,27.8,11.7,6.9,3.7,,16374052,,projection
2026,production,Nic Claxton,BKN,C,26,69,27.8,11.7,6.9,3.7,,17505081,,projection
2026,market,Nickeil Alexander-Walker,ATL,SG,27,78,33.4,20.8,3.4,3.7,,24020649,,projection
2026,production,Nickeil Alexander-Walker,ATL,SG,27,78,33.4,20.8,3.4,3.7,,26594691,,projection
2026,market,Nicolas Batum,LAC,PF,37,74,17.5,4.0,2.5,0.9,,8285584,,projection
2026,production,Nicolas Batum,LAC,PF,37,74,17.5,4.0,2.5,0.9,,7741911,,projection
2026,market,Nikola Jokić,DEN,C,30,65,34.8,27.7,12.9,10.7,,52928969,,projection
2026,production,Nikola Jokić,DEN,C,30,65,34.8,27.7,12.9,10.7,,48088895,,projection
2026,market,Nikola Vučević,2TM,C,35,64,28.4,15.1,8.4,3.3,,23884486,,projection
2026,production,Nikola Vučević,2TM,C,35,64,28.4,15.1,8.4,3.3,,20004869,,projection
2026,market,Nique Clifford,SAC,SG,23,75,25.1,8.6,3.8,2.4,,5632997,,projection
2026,production,Nique Clifford,SAC,SG,23,75,25.1,8.6,3.8,2.4,,7904059,,projection
2026,market,Noah Clowney,BKN,PF,21,66,27.0,12.3,4.1,1.6,,6376183,,projection
2026,production,Noah Clowney,BKN,PF,21,66,27.0,12.3,4.1,1.6,,10789886,,projection
2026,market,Noah Penda,ORL,SF,21,59,12.8,3.8,3.2,1.2,,2748069,,projection
2026,production,Noah Penda,ORL,SF,21,59,12.8,3.8,3.2,1.2,,3463086,,projection
2026,market,Nolan Traoré,BKN,PG,19,56,22.2,8.9,1.8,3.8,,5817252,,projection
2026,production,Nolan Traoré,BKN,PG,19,56,22.2,8.9,1.8,3.8,,7071603,,projection
2026,market,Norman Powell,MIA,SG,32,58,29.6,21.7,3.5,2.5,,32094479,,projection
2026,production,Norman Powell,MIA,SG,32,58,29.6,21.7,3.5,2.5,,19028049,,projection
2026,market,OG Anunoby,NYK,PF,28,67,33.2,16.7,5.2,2.2,,25627053,,projection
2026,production,OG Anunoby,NYK,PF,28,67,33.2,16.7,5.2,2.2,,23657254,,projection
2026,market,Ochai Agbaji,2TM,SG,25,62,15.7,5.1,2.3,0.8,,3752383,,projection
2026,production,Ochai Agbaji,2TM,SG,25,62,15.7,5.1,2.3,0.8,,5636408,,projection
2026,market,Onyeka Okongwu,ATL,C,25,74,31.0,15.2,7.6,3.1,,19478960,,projection
2026,production,Onyeka Okongwu,ATL,C,25,74,31.0,15.2,7.6,3.1,,20954229,,projection
2026,market,Oso Ighodaro,PHX,PF,23,82,22.0,6.5,5.1,2.3,,5831745,,projection
2026,production,Oso Ighodaro,PHX,PF,23,82,22.0,6.5,5.1,2.3,,15160707,,projection
2026,market,Ousmane Dieng,2TM,C,22,57,19.3,7.6,3.2,2.4,,4287722,,projection
2026,production,Ousmane Dieng,2TM,C,22,57,19.3,7.6,3.2,2.4,,5171586,,projection
2026,market,P.J. Washington,DAL,PF,27,56,31.0,14.2,7.0,1.8,,19997151,,projection
2026,production,P.J. Washington,DAL,PF,27,56,31.0,14.2,7.0,1.8,,17687475,,projection
2026,market,Paolo Banchero,ORL,PF,23,72,34.8,22.2,8.4,5.2,,19251715,,projection
2026,production,Paolo Banchero,ORL,PF,23,72,34.8,22.2,8.4,5.2,,36212049,,projection
2026,market,Pascal Siakam,IND,PF,31,62,33.2,24.0,6.6,3.8,,49342379,,projection
2026,production,Pascal Siakam,IND,PF,31,62,33.2,24.0,6.6,3.8,,32104049,,projection
2026,market,Pat Spencer,GSW,PG,29,66,18.6,7.2,2.4,3.5,,7869234,,projection
2026,production,Pat Spencer,GSW,PG,29,66,18.6,7.2,2.4,3.5,,5614550,,projection
2026,market,Patrick Williams,CHI,PF,24,72,20.5,7.0,3.0,1.5,,5394453,,projection
2026,production,Patrick Williams,CHI,PF,24,72,20.5,7.0,3.0,1.5,,6425481,,projection
2026,market,Paul Reed,DET,C,26,65,13.9,7.8,4.5,1.2,,4957192,,projection
2026,production,Paul Reed,DET,C,26,65,13.9,7.8,4.5,1.2,,5870598,,projection
2026,market,Payton Pritchard,BOS,PG,28,79,32.4,17.0,3.9,5.2,,23306944,,projection
2026,production,Payton Pritchard,BOS,PG,28,79,32.4,17.0,3.9,5.2,,15479375,,projection
2026,market,Pelle Larsson,MIA,SG,24,70,26.4,11.4,3.5,3.4,,5607268,,projection
2026,production,Pelle Larsson,MIA,SG,24,70,26.4,11.4,3.5,3.4,,10817648,,projection
2026,market,Precious Achiuwa,SAC,C,26,73,23.9,10.1,6.7,1.4,,10099993,,projection
2026,production,Precious Achiuwa,SAC,C,26,73,23.9,10.1,6.7,1.4,,11817084,,projection
2026,market,Quentin Grimes,PHI,SG,25,75,29.4,13.4,3.6,3.3,,14373679,,projection
2026,production,Quentin Grimes,PHI,SG,25,75,29.4,13.4,3.6,3.3,,15221222,,projection
2026,market,Quinten Post,GSW,PF,25,67,17.3,7.7,4.0,1.4,,4939113,,projection
2026,production,Quinten Post,GSW,PF,25,67,17.3,7.7,4.0,1.4,,6595348,,projection
2026,market,RJ Barrett,TOR,SF,25,57,30.3,19.3,5.3,3.3,,30718342,,projection
2026,production,RJ Barrett,TOR,SF,25,57,30.3,19.3,5.3,3.3,,23392905,,projection
2026,market,Rasheer Fleming,PHX,PF,21,55,12.2,4.3,2.3,0.3,,3422797,,projection
2026,production,Rasheer Fleming,PHX,PF,21,55,12.2,4.3,2.3,0.3,,5163893,,projection
2026,market,Rayan Rupert,2TM,SG,21,64,16.8,5.2,2.9,1.1,,4134827,,projection
2026,production,Rayan Rupert,2TM,SG,21,64,16.8,5.2,2.9,1.1,,5989197,,projection
2026,market,Reed Sheppard,HOU,SG,21,82,26.2,13.5,2.9,3.4,,11528871,,projection
2026,production,Reed Sheppard,HOU,SG,21,82,26.2,13.5,2.9,3.4,,15343238,,projection
2026,market,Rob Dillingham,2TM,PG,21,65,14.9,6.3,2.0,2.2,,3855773,,projection
2026,production,Rob Dillingham,2TM,PG,21,65,14.9,6.3,2.0,2.2,,5929649,,projection
2026,market,Robert Williams,POR,C,28,59,17.1,6.7,7.0,1.0,,10801445,,projection
2026,production,Robert Williams,POR,C,28,59,17.1,6.7,7.0,1.0,,9771439,,projection
2026,market,Ron Holland,DET,SF,20,78,19.9,8.2,4.0,1.2,,4508776,,projection
2026,production,Ron Holland,DET,SF,20,78,19.9,8.2,4.0,1.2,,6181823,,projection
2026,market,Royce O'Neale,PHX,SF,32,78,28.4,9.8,4.8,2.7,,15081668,,projection
2026,production,Royce O'Neale,PHX,SF,32,78,28.4,9.8,4.8,2.7,,15481873,,projection
2026,market,Rudy Gobert,MIN,C,33,76,31.3,10.9,11.5,1.7,,36986514,,projection
2026,production,Rudy Gobert,MIN,C,33,76,31.3,10.9,11.5,1.7,,32741387,,projection
2026,market,Rui Hachimura,LAL,PF,27,68,28.3,11.5,3.3,0.8,,13454526,,projection
2026,production,Rui Hachimura,LAL,PF,27,68,28.3,11.5,3.3,0.8,,12397949,,projection
2026,market,Russell Westbrook,SAC,SF,37,64,29.0,15.2,5.4,6.7,,21772890,,projection
2026,production,Russell Westbrook,SAC,SF,37,64,29.0,15.2,5.4,6.7,,14930833,,projection
2026,market,Ryan Dunn,PHX,SF,23,70,19.4,5.8,4.2,1.5,,3978273,,projection
2026,production,Ryan Dunn,PHX,SF,23,70,19.4,5.8,4.2,1.5,,6520760,,projection
2026,market,Ryan Kalkbrenner,CHA,C,24,69,21.4,7.6,5.5,0.8,,4669951,,projection
2026,production,Ryan Kalkbrenner,CHA,C,24,69,21.4,7.6,5.5,0.8,,6283111,,projection
2026,market,Ryan Nembhard,DAL,PG,22,60,19.5,6.6,2.2,5.3,,6337402,,projection
2026,production,Ryan Nembhard,DAL,PG,22,60,19.5,6.6,2.2,5.3,,6466299,,projection
2026,market,Ryan Rollins,MIL,PG,23,74,32.1,17.3,4.6,5.6,,6922397,,projection
2026,production,Ryan Rollins,MIL,PG,23,74,32.1,17.3,4.6,5.6,,30819986,,projection
2026,market,Saddiq Bey,NOP,SF,26,72,31.2,17.7,5.6,2.5,,29223191,,projection
2026,production,Saddiq Bey,NOP,SF,26,72,31.2,17.7,5.6,2.5,,25066728,,projection
2026,market,Sam Hauser,BOS,PF,28,78,24.8,9.2,3.8,1.5,,15086138,,projection
2026,production,Sam Hauser,BOS,PF,28,78,24.8,9.2,3.8,1.5,,11841922,,projection
2026,market,Sandro Mamukelashvili,TOR,C,26,80,21.9,11.2,4.9,1.9,,7676167,,projection
2026,production,Sandro Mamukelashvili,TOR,C,26,80,21.9,11.2,4.9,1.9,,7821743,,projection
2026,market,Scottie Barnes,TOR,PF,24,80,33.5,18.1,7.5,5.9,,32460688,,projection
2026,production,Scottie Barnes,TOR,PF,24,80,33.5,18.1,7.5,5.9,,24957508,,projection
2026,market,Shai Gilgeous-Alexander,OKC,PG,27,68,33.2,31.1,4.3,6.6,,43263140,,projection
2026,production,Shai Gilgeous-Alexander,OKC,PG,27,68,33.2,31.1,4.3,6.6,,42706375,,projection
2026,market,Sidy Cissoko,POR,SF,21,75,19.1,5.1,2.2,1.5,,4495956,,projection
2026,production,Sidy Cissoko,POR,SF,21,75,19.1,5.1,2.2,1.5,,5556406,,projection
2026,market,Simone Fontecchio,MIA,SF,30,70,16.8,8.5,3.0,1.4,,8718459,,projection
2026,production,Simone Fontecchio,MIA,SF,30,70,16.8,8.5,3.0,1.4,,5950326,,projection
2026,market,Sion James,CHA,SG,23,82,22.5,5.4,3.5,2.0,,4076825,,projection
2026,production,Sion James,CHA,SG,23,82,22.5,5.4,3.5,2.0,,10991231,,projection
2026,market,Spencer Jones,DEN,SF,24,64,22.1,5.5,3.3,0.8,,4532922,,projection
2026,production,Spencer Jones,DEN,SF,24,64,22.1,5.5,3.3,0.8,,6075772,,projection
2026,market,Stephon Castle,SAS,PG,21,68,30.0,16.7,5.3,7.4,,8966296,,projection
2026,production,Stephon Castle,SAS,PG,21,68,30.0,16.7,5.3,7.4,,25001513,,projection
2026,market,T.J. McConnell,IND,PG,33,56,17.2,9.4,2.2,5.1,,10836377,,projection
2026,production,T.J. McConnell,IND,PG,33,56,17.2,9.4,2.2,5.1,,8806683,,projection
2026,market,Tari Eason,HOU,PF,24,60,25.8,10.5,6.3,1.5,,8290510,,projection
2026,production,Tari Eason,HOU,PF,24,60,25.8,10.5,6.3,1.5,,10400354,,projection
2026,market,Taylor Hendricks,2TM,PF,22,59,18.9,7.4,3.7,0.9,,3894655,,projection
2026,production,Taylor Hendricks,2TM,PF,22,59,18.9,7.4,3.7,0.9,,5185648,,projection
2026,market,Terance Mann,BKN,SG,29,63,24.3,7.2,3.2,3.0,,11776399,,projection
2026,production,Terance Mann,BKN,SG,29,63,24.3,7.2,3.2,3.0,,7611681,,projection
2026,market,Thomas Bryant,CLE,C,28,60,12.2,6.2,3.4,0.6,,4748291,,projection
2026,production,Thomas Bryant,CLE,C,28,60,12.2,6.2,3.4,0.6,,4171961,,projection
2026,market,Tim Hardaway Jr.,DEN,SG,33,80,26.6,13.5,2.6,1.4,,17388033,,projection
2026,production,Tim Hardaway Jr.,DEN,SG,33,80,26.6,13.5,2.6,1.4,,16531617,,projection
2026,market,Tobias Harris,DET,PF,33,63,27.7,13.3,5.1,2.5,,28701774,,projection
2026,production,Tobias Harris,DET,PF,33,63,27.7,13.3,5.1,2.5,,12841110,,projection
2026,market,Toumani Camara,POR,PF,25,82,33.3,13.4,5.1,2.5,,13355469,,projection
2026,production,Toumani Camara,POR,PF,25,82,33.3,13.4,5.1,2.5,,15369622,,projection
2026,market,Tre Johnson,WAS,SG,19,60,24.1,12.2,2.8,2.0,,7189509,,projection
2026,production,Tre Johnson,WAS,SG,19,60,24.1,12.2,2.8,2.0,,11234254,,projection
2026,market,Tre Jones,CHI,PG,26,65,27.0,14.1,3.1,5.4,,12442208,,projection
2026,production,Tre Jones,CHI,PG,26,65,27.0,14.1,3.1,5.4,,11688255,,projection
2026,market,Trey Murphy III,NOP,SF,25,66,35.5,21.5,5.7,3.8,,28099884,,projection
2026,production,Trey Murphy III,NOP,SF,25,66,35.5,21.5,5.7,3.8,,29252080,,projection
2026,market,Tristan Da Silva,ORL,SF,24,77,24.7,9.9,3.7,1.6,,5117476,,projection
2026,production,Tristan Da Silva,ORL,SF,24,77,24.7,9.9,3.7,1.6,,6870887,,projection
2026,market,Tyler Kolek,NYK,PG,24,62,11.7,4.4,1.6,2.7,,3777416,,projection
2026,production,Tyler Kolek,NYK,PG,24,62,11.7,4.4,1.6,2.7,,4456561,,projection
2026,market,Tyrese Maxey,PHI,PG,25,70,38.0,28.3,4.1,6.6,,39502404,,projection
2026,production,Tyrese Maxey,PHI,PG,25,70,38.0,28.3,4.1,6.6,,39034922,,projection
2026,market,Tyus Jones,3TM,PG,29,67,14.6,3.0,1.1,2.4,,7398345,,projection
2026,production,Tyus Jones,3TM,PG,29,67,14.6,3.0,1.1,2.4,,5334074,,projection
2026,market,VJ Edgecombe,PHI,SG,20,75,35.0,16.0,5.6,4.2,,7550312,,projection
2026,production,VJ Edgecombe,PHI,SG,20,75,35.0,16.0,5.6,4.2,,16112083,,projection
2026,market,Victor Wembanyama,SAS,C,22,64,29.2,25.0,11.5,3.1,,14929463,,projection
2026,production,Victor Wembanyama,SAS,C,22,64,29.2,25.0,11.5,3.1,,26468164,,projection
2026,market,Vít Krejčí,2TM,PG,25,65,21.4,8.5,2.3,1.5,,4690706,,projection
2026,production,Vít Krejčí,2TM,PG,25,65,21.4,8.5,2.3,1.5,,6986859,,projection
2026,market,Walter Clayton,2TM,PG,22,69,20.4,7.8,2.0,4.0,,6079245,,projection
2026,production,Walter Clayton,2TM,PG,22,69,20.4,7.8,2.0,4.0,,6437383,,projection
2026,market,Wendell Carter Jr.,ORL,C,26,78,29.3,11.8,7.4,2.0,,16532701,,projection
2026,production,Wendell Carter Jr.,ORL,C,26,78,29.3,11.8,7.4,2.0,,17387687,,projection
2026,market,Will Richard,GSW,SG,23,69,20.0,6.4,2.5,1.3,,3960135,,projection
2026,production,Will Richard,GSW,SG,23,69,20.0,6.4,2.5,1.3,,5070927,,projection
2026,market,Will Riley,WAS,SF,19,74,22.1,10.3,2.9,2.0,,4826311,,projection
2026,production,Will Riley,WAS,SF,19,74,22.1,10.3,2.9,2.0,,5674508,,projection
2026,market,Yves Missi,NOP,C,21,66,19.7,5.7,5.8,1.3,,5837724,,projection
2026,production,Yves Missi,NOP,C,21,66,19.7,5.7,5.8,1.3,,7524827,,projection
2026,market,Zaccharie Risacher,ATL,SF,20,67,22.4,9.6,3.8,1.1,,5960269,,projection
2026,production,Zaccharie Risacher,ATL,SF,20,67,22.4,9.6,3.8,1.1,,5226800,,projection
2026,market,Ziaire Williams,BKN,SF,24,56,22.9,10.2,2.4,1.1,,6504714,,projection
2026,production,Ziaire Williams,BKN,SF,24,56,22.9,10.2,2.4,1.1,,7925169,,projection
2026,market,Zion Williamson,NOP,PF,25,62,29.7,21.0,5.7,3.2,,28733375,,projection
2026,production,Zion Williamson,NOP,PF,25,62,29.7,21.0,5.7,3.2,,27885866,,projection
